{"credit":"Pologony Creation Co.,Ltd.","texture_size":[40,40],"textures":{"2":"darkwitherset:animations/soul_animation_sword_2","3":"darkwitherset:greatsword","4":"darkwitherset:animations/sword_animation","particle":"darkwitherset:greatsword"},"elements":[{"from":[7.25,-1.25,7.75],"to":[8.75,0.25,9.25],"rotation":{"angle":-45,"axis":"x","origin":[7.5,-1,8]},"faces":{"north":{"uv":[11.6,2.4,12.2,3],"texture":"#3"},"east":{"uv":[11.6,3.6,12.2,4.2],"texture":"#3"},"south":{"uv":[11.6,4.8,12.2,5.4],"texture":"#3"},"west":{"uv":[10.4,11.6,11,12.2],"texture":"#3"},"up":{"uv":[12.2,12.2,11.6,11.6],"texture":"#3"},"down":{"uv":[0.6,12,0,12.6],"texture":"#3"}}},{"from":[7.475,-3.21287,7.825],"to":[8.525,-2.16287,8.875],"rotation":{"angle":-45,"axis":"x","origin":[7.65,-3.03787,8]},"faces":{"north":{"uv":[6,1.6,6.4,2],"texture":"#3"},"east":{"uv":[1.6,8.8,2,9.2],"texture":"#3"},"south":{"uv":[13.6,3.2,14,3.6],"texture":"#3"},"west":{"uv":[4,14,4.4,14.4],"texture":"#3"},"up":{"uv":[14.4,4.4,14,4],"texture":"#3"},"down":{"uv":[5.2,14,4.8,14.4],"texture":"#3"}}},{"from":[7.5,0.01777,8],"to":[8.5,1.01777,9],"rotation":{"angle":-45,"axis":"x","origin":[7.5,0.01777,8]},"faces":{"north":{"uv":[5.6,14,6,14.4],"texture":"#3"},"east":{"uv":[6.4,14,6.8,14.4],"texture":"#3"},"south":{"uv":[7.2,14,7.6,14.4],"texture":"#3"},"west":{"uv":[8,14,8.4,14.4],"texture":"#3"},"up":{"uv":[9.2,14.4,8.8,14],"texture":"#3"},"down":{"uv":[14.4,8.8,14,9.2],"texture":"#3"}}},{"from":[7.25,1.18198,7.25],"to":[8.75,1.68198,8.75],"rotation":{"angle":0,"axis":"y","origin":[7.5,1.18198,7.5]},"faces":{"north":{"uv":[12.4,14,13,14.2],"texture":"#3"},"east":{"uv":[14,12.4,14.6,12.6],"texture":"#3"},"south":{"uv":[14,13.2,14.6,13.4],"texture":"#3"},"west":{"uv":[13.6,14,14.2,14.2],"texture":"#3"},"up":{"uv":[1.8,12.6,1.2,12],"texture":"#3"},"down":{"uv":[3,12,2.4,12.6],"texture":"#3"}}},{"from":[7.25,7.18198,7.25],"to":[8.75,7.68198,8.75],"rotation":{"angle":0,"axis":"y","origin":[7.5,2.18198,7.5]},"faces":{"north":{"uv":[0,14.4,0.6,14.6],"texture":"#3"},"east":{"uv":[14.4,0,15,0.2],"texture":"#3"},"south":{"uv":[14.4,0.8,15,1],"texture":"#3"},"west":{"uv":[1.2,14.4,1.8,14.6],"texture":"#3"},"up":{"uv":[4.2,12.6,3.6,12],"texture":"#3"},"down":{"uv":[5.4,12,4.8,12.6],"texture":"#3"}}},{"from":[7.5,1.68198,7.5],"to":[8.5,3.18198,8.5],"rotation":{"angle":0,"axis":"y","origin":[7.5,1.68198,7.5]},"faces":{"north":{"uv":[7.2,12.8,7.6,13.4],"texture":"#3"},"east":{"uv":[12.8,11.2,13.2,11.8],"texture":"#3"},"south":{"uv":[11.6,12.8,12,13.4],"texture":"#3"},"west":{"uv":[12.4,12.8,12.8,13.4],"texture":"#3"},"up":{"uv":[10,14.4,9.6,14],"texture":"#3"}}},{"from":[7.5,5.68198,7.5],"to":[8.5,7.18198,8.5],"rotation":{"angle":0,"axis":"y","origin":[7.5,5.68198,7.5]},"faces":{"north":{"uv":[0,13.2,0.4,13.8],"texture":"#3"},"east":{"uv":[0.8,13.2,1.2,13.8],"texture":"#3"},"south":{"uv":[1.6,13.2,2,13.8],"texture":"#3"},"west":{"uv":[2.4,13.2,2.8,13.8],"texture":"#3"},"down":{"uv":[14.4,9.6,14,10],"texture":"#3"}}},{"from":[7.625,3.18198,7.625],"to":[8.375,5.68198,8.375],"rotation":{"angle":0,"axis":"y","origin":[7.625,4.18198,7.375]},"faces":{"north":{"uv":[8,12.4,8.3,13.4],"texture":"#3"},"east":{"uv":[8.8,12.4,9.1,13.4],"texture":"#3"},"south":{"uv":[9.6,12.4,9.9,13.4],"texture":"#3"},"west":{"uv":[12.8,0,13.1,1],"texture":"#3"}}},{"from":[7,7.68198,7],"to":[9,9.68198,9],"rotation":{"angle":0,"axis":"y","origin":[7,7.68198,7]},"faces":{"east":{"uv":[10.4,0,11.2,0.8],"texture":"#3"},"west":{"uv":[10.4,1.2,11.2,2],"texture":"#3"},"down":{"uv":[11.2,2.4,10.4,3.2],"texture":"#3"}}},{"from":[6.875,5,6.85],"to":[9.125,8,8.35],"rotation":{"angle":-22.5,"axis":"x","origin":[-0.125,5,0.6]},"faces":{"north":{"uv":[2.4,8,3.3,9.2],"texture":"#3"},"east":{"uv":[6.8,1.6,7.4,2.8],"texture":"#3"},"south":{"uv":[4,8,4.9,9.2],"texture":"#3"},"west":{"uv":[6.8,3.2,7.4,4.4],"texture":"#3"},"up":{"uv":[2.1,11.4,1.2,10.8],"texture":"#3"},"down":{"uv":[3.7,10.8,2.8,11.4],"texture":"#3"}}},{"from":[7.5,9.68198,6],"to":[8.5,11.68198,10],"rotation":{"angle":0,"axis":"y","origin":[7.5,9.68198,6.5]},"faces":{"north":{"uv":[6.4,9.6,6.8,10.4],"texture":"#3"},"east":{"uv":[4.8,2.4,6.4,3.2],"texture":"#3"},"south":{"uv":[12.4,7.2,12.8,8],"texture":"#3"},"west":{"uv":[4.8,3.6,6.4,4.4],"texture":"#3"}}},{"from":[7.25,11.68198,6.5],"to":[8.75,12.18198,9.5],"rotation":{"angle":0,"axis":"y","origin":[7.5,11.68198,6.5]},"faces":{"north":{"uv":[14.4,3.2,15,3.4],"texture":"#3"},"east":{"uv":[12.8,5.2,14,5.4],"texture":"#3"},"south":{"uv":[14.4,4.8,15,5],"texture":"#3"},"west":{"uv":[3.2,13.2,4.4,13.4],"texture":"#3"},"up":{"uv":[10.2,8.8,9.6,7.6],"texture":"#3"},"down":{"uv":[8.6,9.6,8,10.8],"texture":"#3"}}},{"from":[7.2535,11.7589,5.6856],"to":[8.7465,12.2189,6.6856],"rotation":{"angle":-22.5,"axis":"x","origin":[7.5035,11.7339,6.6856]},"faces":{"north":{"uv":[14.4,5.6,15,5.8],"texture":"#3"},"east":{"uv":[14.8,2.4,15.2,2.6],"texture":"#3"},"west":{"uv":[4,14.8,4.4,15],"texture":"#3"},"up":{"uv":[5.4,13.6,4.8,13.2],"texture":"#3"},"down":{"uv":[6.6,13.2,6,13.6],"texture":"#3"}}},{"from":[7.2535,11.7589,9.3144],"to":[8.7465,12.2189,10.3144],"rotation":{"angle":22.5,"axis":"x","origin":[7.5035,11.7339,9.3144]},"faces":{"east":{"uv":[14.8,4,15.2,4.2],"texture":"#3"},"south":{"uv":[14.4,6.4,15,6.6],"texture":"#3"},"west":{"uv":[4.8,14.8,5.2,15],"texture":"#3"},"up":{"uv":[13.8,7.6,13.2,7.2],"texture":"#3"},"down":{"uv":[13.8,8,13.2,8.4],"texture":"#3"}}},{"from":[6.75,8,8.5],"to":[9.25,10,10.5],"rotation":{"angle":-45,"axis":"x","origin":[7,7.5,8]},"faces":{"north":{"uv":[1.6,9.6,2.6,10.4],"texture":"#3"},"east":{"uv":[10.4,3.6,11.2,4.4],"texture":"#3"},"south":{"uv":[3.2,9.6,4.2,10.4],"texture":"#3"},"west":{"uv":[10.4,4.8,11.2,5.6],"texture":"#3"},"up":{"uv":[5.8,10.4,4.8,9.6],"texture":"#3"},"down":{"uv":[10.6,6.4,9.6,7.2],"texture":"#3"}}},{"from":[7.75,12.18198,7],"to":[8.25,27.18198,9],"rotation":{"angle":0,"axis":"y","origin":[7.75,12.18198,6.5]},"faces":{"north":{"uv":[7.2,6.4,7.4,12.4],"texture":"#3"},"east":{"uv":[2.4,0,3.2,6],"texture":"#3"},"south":{"uv":[8,0,8.2,6],"texture":"#3"},"west":{"uv":[3.6,0,4.4,6],"texture":"#3"}}},{"from":[7.725,12.43198,7.25],"to":[7.725,25.93198,8.75],"rotation":{"angle":0,"axis":"y","origin":[7.225,12.18198,6.5]},"faces":{"west":{"uv":[0,0,1.5,13.5],"texture":"#4"}}},{"from":[8.275,12.43198,7.25],"to":[8.275,25.93198,8.75],"rotation":{"angle":0,"axis":"y","origin":[8.775,12.18198,6.5]},"faces":{"east":{"uv":[1.5,0,0,13.5],"texture":"#4"}}},{"from":[7.7475,25.93142,8],"to":[8.2525,27.34642,10.415],"rotation":{"angle":-45,"axis":"x","origin":[7.7475,25.93142,8]},"faces":{"north":{"uv":[2.4,14.4,2.6,15],"texture":"#3"},"east":{"uv":[10.4,9.2,11.4,9.8],"texture":"#3"},"south":{"uv":[14.4,7.2,14.6,7.8],"texture":"#3"},"west":{"uv":[10.4,10.4,11.4,11],"texture":"#3"},"up":{"uv":[13.4,13.4,13.2,12.4],"texture":"#3"},"down":{"uv":[13.8,0,13.6,1],"texture":"#3"}}},{"from":[7.375,-4,7.85],"to":[8.625,-2.25,8.85],"rotation":{"angle":-22.5,"axis":"x","origin":[-0.625,-4,1.1]},"faces":{"north":{"uv":[6,12,6.5,12.7],"texture":"#3"},"east":{"uv":[12.8,1.6,13.2,2.3],"texture":"#3"},"south":{"uv":[12,8.8,12.5,9.5],"texture":"#3"},"west":{"uv":[12.8,2.8,13.2,3.5],"texture":"#3"},"up":{"uv":[14.1,2,13.6,1.6],"texture":"#3"},"down":{"uv":[14.1,2.4,13.6,2.8],"texture":"#3"}}},{"from":[7.5,-1.72164,5.97332],"to":[8.5,-0.47164,7.22332],"rotation":{"angle":-45,"axis":"x","origin":[8,-0.57273,6.34526]},"faces":{"north":{"uv":[13.6,6,14,6.5],"texture":"#3"},"east":{"uv":[12.8,4,13.3,4.5],"texture":"#3"},"west":{"uv":[10.4,12.8,10.9,13.3],"texture":"#3"},"up":{"uv":[14,11.7,13.6,11.2],"texture":"#3"},"down":{"uv":[3.6,14,3.2,14.5],"texture":"#3"}}},{"from":[7.625,-1.24603,5.49816],"to":[8.375,0.00397,7.24816],"rotation":{"angle":22.5,"axis":"x","origin":[8,-0.55853,6.06066]},"faces":{"north":{"uv":[10.4,14,10.7,14.5],"texture":"#3"},"east":{"uv":[12,10,12.7,10.5],"texture":"#3"},"west":{"uv":[12.4,6,13.1,6.5],"texture":"#3"},"up":{"uv":[13.5,9.5,13.2,8.8],"texture":"#3"},"down":{"uv":[13.5,10,13.2,10.7],"texture":"#3"}}},{"from":[7.99,11.75,4.875],"to":[8.01,32,9.875],"rotation":{"angle":0,"axis":"y","origin":[7.99,5,5.625]},"faces":{"east":{"uv":[2,0,0,8.1],"texture":"#3"},"west":{"uv":[0,0,2,8.1],"texture":"#3"}}},{"from":[6.875,5,7.65],"to":[9.125,8,9.15],"rotation":{"angle":22.5,"axis":"x","origin":[-0.125,5,15.4]},"faces":{"north":{"uv":[5.6,8,6.5,9.2],"texture":"#3"},"east":{"uv":[9.2,9.6,9.8,10.8],"texture":"#3"},"south":{"uv":[8,6.4,8.9,7.6],"texture":"#3"},"west":{"uv":[0,10.4,0.6,11.6],"texture":"#3"},"up":{"uv":[5.3,11.4,4.4,10.8],"texture":"#3"},"down":{"uv":[11.7,7.6,10.8,8.2],"texture":"#3"}}},{"from":[7.995,-3.49603,4.99816],"to":[8.005,1.00397,6.99816],"rotation":{"angle":0,"axis":"x","origin":[8,-0.80853,6.06066]},"faces":{"east":{"uv":[5.6,0,4.8,1.8],"texture":"#3"},"west":{"uv":[4.8,0,5.6,1.8],"texture":"#3"}}},{"from":[7.375,-4,7.15],"to":[8.625,-2.25,8.15],"rotation":{"angle":22.5,"axis":"x","origin":[-0.625,-4,14.9]},"faces":{"north":{"uv":[12.5,8.8,12,9.5],"texture":"#3"},"east":{"uv":[13.2,1.6,12.8,2.3],"texture":"#3"},"south":{"uv":[6.5,12,6,12.7],"texture":"#3"},"west":{"uv":[13.2,2.8,12.8,3.5],"texture":"#3"},"up":{"uv":[14.1,1.6,13.6,2],"texture":"#3"},"down":{"uv":[14.1,2.8,13.6,2.4],"texture":"#3"}}},{"from":[7.5,-1.72164,8.77668],"to":[8.5,-0.47164,10.02668],"rotation":{"angle":45,"axis":"x","origin":[8,-0.57273,9.65474]},"faces":{"east":{"uv":[13.3,4,12.8,4.5],"texture":"#3"},"south":{"uv":[14,6,13.6,6.5],"texture":"#3"},"west":{"uv":[10.9,12.8,10.4,13.3],"texture":"#3"},"up":{"uv":[14,11.2,13.6,11.7],"texture":"#3"},"down":{"uv":[3.6,14.5,3.2,14],"texture":"#3"}}},{"from":[7.625,-1.24603,8.75184],"to":[8.375,0.00397,10.50184],"rotation":{"angle":-22.5,"axis":"x","origin":[8,-0.55853,9.93934]},"faces":{"east":{"uv":[12.7,10,12,10.5],"texture":"#3"},"south":{"uv":[10.7,14,10.4,14.5],"texture":"#3"},"west":{"uv":[13.1,6,12.4,6.5],"texture":"#3"},"up":{"uv":[13.5,8.8,13.2,9.5],"texture":"#3"},"down":{"uv":[13.5,10.7,13.2,10],"texture":"#3"}}},{"from":[7.995,-3.49603,9.00184],"to":[8.005,1.00397,11.00184],"rotation":{"angle":0,"axis":"x","origin":[8,-0.80853,9.93934]},"faces":{"east":{"uv":[4.8,0,5.6,1.8],"texture":"#3"},"west":{"uv":[5.6,0,4.8,1.8],"texture":"#3"}}},{"from":[8.92671,12.75,5.75],"to":[8.95671,30.75,8.75],"rotation":{"angle":0,"axis":"y","origin":[8.95671,12.75,6.75]},"faces":{"east":{"uv":[10.8,0,8.4,14.4],"texture":"#2"},"west":{"uv":[8.4,0,10.8,14.4],"texture":"#2"}}},{"from":[8.92671,12.75,8.75],"to":[8.95671,30.75,11.25],"rotation":{"angle":-22.5,"axis":"y","origin":[8.95671,12.75,8.75]},"faces":{"east":{"uv":[12.8,0,10.8,14.4],"texture":"#2"},"west":{"uv":[10.8,0,12.8,14.4],"texture":"#2"}}},{"from":[8.42342,12.75,3.4965],"to":[8.45342,30.75,5.9965],"rotation":{"angle":22.5,"axis":"y","origin":[8.08544,18.75,4.60814]},"faces":{"east":{"uv":[8.4,0,6.4,14.4],"texture":"#2"},"west":{"uv":[6.4,0,8.4,14.4],"texture":"#2"}}},{"from":[7.5443,12.75,3.50798],"to":[7.5743,30.75,6.00798],"rotation":{"angle":-22.5,"axis":"y","origin":[7.94227,18.75,4.61962]},"faces":{"east":{"uv":[4.4,0,6.4,14.4],"texture":"#2"},"west":{"uv":[6.4,0,4.4,14.4],"texture":"#2"}}},{"from":[7.04329,12.75,5.75],"to":[7.07329,30.75,8.75],"rotation":{"angle":0,"axis":"y","origin":[7.07329,12.75,6.75]},"faces":{"east":{"uv":[2,0,4.4,14.4],"texture":"#2"},"west":{"uv":[4.4,0,2,14.4],"texture":"#2"}}},{"from":[7.04101,12.75,8.73852],"to":[7.07101,30.75,11.23852],"rotation":{"angle":22.5,"axis":"y","origin":[7.07101,12.75,8.73852]},"faces":{"east":{"uv":[0,0,2,14.4],"texture":"#2"},"west":{"uv":[2,0,0,14.4],"texture":"#2"}}},{"from":[6.625,12.5,8.5],"to":[9.375,15.25,11.25],"rotation":{"angle":22.5,"axis":"x","origin":[8,13.0625,10.5]},"faces":{"north":{"uv":[3.5,6.4,2.4,7.5],"texture":"#3"},"east":{"uv":[7.1,0,6,1.1],"texture":"#3"},"south":{"uv":[5.9,4.8,4.8,5.9],"texture":"#3"},"west":{"uv":[5.1,6.4,4,7.5],"texture":"#3"},"up":{"uv":[7.5,4.8,6.4,5.9],"texture":"#3"},"down":{"uv":[6.7,7.5,5.6,6.4],"texture":"#3"}}},{"from":[7.125,12,11],"to":[8.875,12.5,11.25],"rotation":{"angle":22.5,"axis":"x","origin":[8,13.0625,10.5]},"faces":{"north":{"uv":[11.9,14,11.2,14.2],"texture":"#3"},"east":{"uv":[14.9,9.2,14.8,9.4],"texture":"#3"},"south":{"uv":[14.7,10.4,14,10.6],"texture":"#3"},"west":{"uv":[9.7,14.8,9.6,15],"texture":"#3"},"down":{"uv":[6.3,14.9,5.6,14.8],"texture":"#3"}}},{"from":[7.375,16.75,10.75],"to":[8.625,17.25,11],"rotation":{"angle":-22.5,"axis":"x","origin":[8,17.6875,10.375]},"faces":{"north":{"uv":[15.3,1.6,14.8,1.8],"texture":"#3"},"east":{"uv":[11.3,14.8,11.2,15],"texture":"#3"},"south":{"uv":[14.9,11.2,14.4,11.4],"texture":"#3"},"west":{"uv":[12.1,14.8,12,15],"texture":"#3"},"down":{"uv":[8.9,14.9,8.4,14.8],"texture":"#3"}}},{"from":[7.625,20.75,10],"to":[8.375,21.25,10.25],"rotation":{"angle":22.5,"axis":"x","origin":[8,21.5625,9.75]},"faces":{"north":{"uv":[7.9,14.8,7.6,15],"texture":"#3"},"east":{"uv":[12.9,14.8,12.8,15],"texture":"#3"},"south":{"uv":[7.1,14.8,6.8,15],"texture":"#3"},"west":{"uv":[13.7,14.8,13.6,15],"texture":"#3"},"down":{"uv":[15.1,8.5,14.8,8.4],"texture":"#3"}}},{"from":[6.875,17.25,8.75],"to":[9.125,19.5,11],"rotation":{"angle":-22.5,"axis":"x","origin":[8,17.6875,10.375]},"faces":{"north":{"uv":[9.7,0,8.8,0.9],"texture":"#3"},"east":{"uv":[0.9,8.8,0,9.7],"texture":"#3"},"south":{"uv":[8.9,8,8,8.9],"texture":"#3"},"west":{"uv":[9.7,1.6,8.8,2.5],"texture":"#3"},"up":{"uv":[9.7,3.2,8.8,4.1],"texture":"#3"},"down":{"uv":[9.7,5.7,8.8,4.8],"texture":"#3"}}},{"from":[7.125,21.25,8.5],"to":[8.875,23,10.25],"rotation":{"angle":22.5,"axis":"x","origin":[8,21.5625,9.75]},"faces":{"north":{"uv":[8.7,11.2,8,11.9],"texture":"#3"},"east":{"uv":[11.9,6,11.2,6.7],"texture":"#3"},"south":{"uv":[6.7,10.8,6,11.5],"texture":"#3"},"west":{"uv":[9.9,11.2,9.2,11.9],"texture":"#3"},"up":{"uv":[12.3,0,11.6,0.7],"texture":"#3"},"down":{"uv":[12.3,1.9,11.6,1.2],"texture":"#3"}}}],"gui_light":"front","display":{"thirdperson_righthand":{"translation":[0,1.5,1]},"thirdperson_lefthand":{"translation":[0,1,1]},"firstperson_righthand":{"rotation":[6.75,0,0],"translation":[2,0.25,0],"scale":[0.7,0.7,0.7]},"firstperson_lefthand":{"rotation":[6.75,0,0],"translation":[2,0.25,0],"scale":[0.7,0.7,0.7]},"ground":{"rotation":[-45,0,0],"translation":[0,3,0],"scale":[0.7,0.7,0.7]},"gui":{"rotation":[-90,45,90],"translation":[3,-3,0],"scale":[0.7,0.7,0.7]},"head":{"rotation":[0,-90,0]},"fixed":{"rotation":[0,-90,0],"translation":[0,0,-1.75],"scale":[2,2,2]}}}