{"credit":"MadebyEliteCreatures","texture_size":[128,128],"textures":{"0":"elitecreatures:elite_crates/icechest","1":"elitecreatures:elite_crates/ice_animation","2":"elitecreatures:elite_crates/spark_animation","3":"elitecreatures:elite_crates/spark_animation_2","particle":"elitecreatures:elite_crates/icechest"},"elements":[{"from":[0,2,3],"to":[16,6,14],"rotation":{"angle":0,"axis":"y","origin":[16,-11,-6]},"faces":{"north":{"uv":[2,4.875,4,5.375],"texture":"#0"},"east":{"uv":[3.375,5.5,4.75,6],"texture":"#0"},"south":{"uv":[2,4.875,4,5.375],"texture":"#0"},"west":{"uv":[3.375,5.5,4.75,6],"texture":"#0"}}},{"from":[-3,0,2],"to":[19,2,15],"rotation":{"angle":0,"axis":"y","origin":[8,5,14]},"faces":{"north":{"uv":[5,3,7.75,3.25],"texture":"#0"},"east":{"uv":[2.5,6.625,4.125,6.875],"texture":"#0"},"south":{"uv":[5,3,7.75,3.25],"texture":"#0"},"west":{"uv":[2.5,6.625,4.125,6.875],"texture":"#0"},"up":{"uv":[2.75,1.625,0,0],"texture":"#0"},"down":{"uv":[2.75,1.625,0,3.25],"texture":"#0"}}},{"from":[-1,6,2],"to":[17,8,15],"rotation":{"angle":0,"axis":"x","origin":[8,13.65381,8.5]},"faces":{"north":{"uv":[4.75,5.75,7,6],"texture":"#0"},"east":{"uv":[5.25,6.25,6.875,6.5],"texture":"#0"},"south":{"uv":[4.75,5.75,7,6],"texture":"#0"},"west":{"uv":[5.25,6.5,6.875,6.75],"texture":"#0"},"up":{"uv":[5,1.625,2.75,0],"texture":"#0"},"down":{"uv":[5,1.625,2.75,3.25],"texture":"#0"}}},{"from":[16,5,7],"to":[18,6,10],"rotation":{"angle":0,"axis":"x","origin":[8,13.65381,8.5]},"faces":{"north":{"uv":[6.875,6.625,7.125,6.75],"texture":"#0"},"east":{"uv":[1.625,5.75,2,5.875],"texture":"#0"},"south":{"uv":[7.125,6.625,7.375,6.75],"texture":"#0"},"west":{"uv":[2.75,5.875,3.125,6],"texture":"#0"},"up":{"uv":[6.125,7.5,5.875,7.125],"texture":"#0"},"down":{"uv":[6.375,7.125,6.125,7.5],"texture":"#0"}}},{"from":[13.46519,-0.97676,6],"to":[13.46519,2.02324,11],"rotation":{"angle":22.5,"axis":"z","origin":[8,13.65381,8.5]},"faces":{"north":{"uv":[0,0,0,0.375],"texture":"#0"},"east":{"uv":[0.5,7,1.125,7.375],"texture":"#0"},"south":{"uv":[0,0,0,0.375],"texture":"#0"},"west":{"uv":[0.5,7,1.125,7.375],"texture":"#0"},"up":{"uv":[0,0.625,0,0],"texture":"#0"},"down":{"uv":[0,0,0,0.625],"texture":"#0"}}},{"from":[-2,5,7],"to":[0,6,10],"rotation":{"angle":0,"axis":"x","origin":[8,13.65381,8.5]},"faces":{"north":{"uv":[7.125,6.625,6.875,6.75],"texture":"#0"},"east":{"uv":[3.125,5.875,2.75,6],"texture":"#0"},"south":{"uv":[7.375,6.625,7.125,6.75],"texture":"#0"},"west":{"uv":[2,5.75,1.625,5.875],"texture":"#0"},"up":{"uv":[5.875,7.5,6.125,7.125],"texture":"#0"},"down":{"uv":[6.125,7.125,6.375,7.5],"texture":"#0"}}},{"from":[2.53481,-0.97676,6],"to":[2.53481,2.02324,11],"rotation":{"angle":-22.5,"axis":"z","origin":[8,13.65381,8.5]},"faces":{"north":{"uv":[0,0,0,0.375],"texture":"#0"},"east":{"uv":[1.125,7,0.5,7.375],"texture":"#0"},"south":{"uv":[0,0,0,0.375],"texture":"#0"},"west":{"uv":[1.125,7,0.5,7.375],"texture":"#0"},"up":{"uv":[0,0.625,0,0],"texture":"#0"},"down":{"uv":[0,0,0,0.625],"texture":"#0"}}},{"from":[14.5,2,2.5],"to":[16.5,11,4.5],"rotation":{"angle":0,"axis":"x","origin":[8,13.65381,8.5]},"faces":{"north":{"uv":[2.5,6.875,2.75,8],"texture":"#0"},"east":{"uv":[2.75,6.875,3,8],"texture":"#0"},"south":{"uv":[2.5,6.875,2.75,8],"texture":"#0"},"west":{"uv":[2.75,6.875,3,8],"texture":"#0"},"up":{"uv":[7.5,4.5,7.25,4.25],"texture":"#0"},"down":{"uv":[0.75,7.375,0.5,7.625],"texture":"#0"}}},{"from":[-0.5,2,2.5],"to":[1.5,11,4.5],"rotation":{"angle":0,"axis":"x","origin":[8,13.65381,8.5]},"faces":{"north":{"uv":[2.5,6.875,2.75,8],"texture":"#0"},"east":{"uv":[2.75,6.875,3,8],"texture":"#0"},"south":{"uv":[2.5,6.875,2.75,8],"texture":"#0"},"west":{"uv":[2.75,6.875,3,8],"texture":"#0"},"up":{"uv":[7.5,4.5,7.25,4.25],"texture":"#0"},"down":{"uv":[0.75,7.375,0.5,7.625],"texture":"#0"}}},{"from":[-0.5,2,12.5],"to":[1.5,11,14.5],"rotation":{"angle":0,"axis":"x","origin":[8,13.65381,8.5]},"faces":{"north":{"uv":[2.5,6.875,2.75,8],"texture":"#0"},"east":{"uv":[2.75,6.875,3,8],"texture":"#0"},"south":{"uv":[2.5,6.875,2.75,8],"texture":"#0"},"west":{"uv":[2.75,6.875,3,8],"texture":"#0"},"up":{"uv":[7.5,4.5,7.25,4.25],"texture":"#0"},"down":{"uv":[0.75,7.375,0.5,7.625],"texture":"#0"}}},{"from":[14.5,2,12.5],"to":[16.5,11,14.5],"rotation":{"angle":0,"axis":"x","origin":[8,13.65381,8.5]},"faces":{"north":{"uv":[2.5,6.875,2.75,8],"texture":"#0"},"east":{"uv":[2.75,6.875,3,8],"texture":"#0"},"south":{"uv":[2.5,6.875,2.75,8],"texture":"#0"},"west":{"uv":[2.75,6.875,3,8],"texture":"#0"},"up":{"uv":[7.5,4.5,7.25,4.25],"texture":"#0"},"down":{"uv":[0.75,7.375,0.5,7.625],"texture":"#0"}}},{"from":[-1,11,2],"to":[17,13,15],"rotation":{"angle":0,"axis":"x","origin":[8,13.65381,8.5]},"faces":{"north":{"uv":[2.25,6,4.5,6.25],"texture":"#0"},"east":{"uv":[6.625,3.75,8.25,4],"texture":"#0"},"south":{"uv":[2.25,6,4.5,6.25],"texture":"#0"},"west":{"uv":[6.625,3.75,8.25,4],"texture":"#0"},"up":{"uv":[2.25,4.875,0,3.25],"texture":"#0"},"down":{"uv":[4.5,3.25,2.25,4.875],"texture":"#0"}}},{"from":[0,8,3],"to":[16,11,14],"rotation":{"angle":0,"axis":"x","origin":[8,13.65381,8.5]},"faces":{"north":{"uv":[5,2.25,7,2.625],"texture":"#0"},"east":{"uv":[3.875,6.25,5.25,6.625],"texture":"#0"},"south":{"uv":[5,2.25,7,2.625],"texture":"#0"},"west":{"uv":[3.875,6.25,5.25,6.625],"texture":"#0"}}},{"from":[0,12,5],"to":[16,15,12],"rotation":{"angle":0,"axis":"x","origin":[8,13.65381,8.5]},"faces":{"north":{"uv":[5,1.5,7,1.875],"texture":"#0"},"east":{"uv":[5.625,6.75,6.5,7.125],"texture":"#0"},"south":{"uv":[5,1.875,7,2.25],"texture":"#0"},"west":{"uv":[5.625,6.75,6.5,7.125],"texture":"#0"},"up":{"uv":[2,5.75,0,4.875],"texture":"#0"}}},{"from":[-0.5,15,4],"to":[16.5,16,13],"rotation":{"angle":0,"axis":"x","origin":[8,13.65381,8.5]},"faces":{"north":{"uv":[6.625,5.375,8.75,5.5],"texture":"#0"},"east":{"uv":[3.375,5.375,4.5,5.5],"texture":"#0"},"south":{"uv":[6.625,5.375,8.75,5.5],"texture":"#0"},"west":{"uv":[3.375,5.375,4.5,5.5],"texture":"#0"},"up":{"uv":[6.625,4.375,4.5,3.25],"texture":"#0"},"down":{"uv":[6.625,4.375,4.5,5.5],"texture":"#0"}}},{"from":[5,15.20409,7.27603],"to":[9,21.20409,11.27603],"rotation":{"angle":22.5,"axis":"x","origin":[8,13.65381,8.5]},"faces":{"north":{"uv":[4.125,6.625,4.625,7.375],"texture":"#0"},"east":{"uv":[4.125,6.625,4.625,7.375],"texture":"#0"},"south":{"uv":[4.125,6.625,4.625,7.375],"texture":"#0"},"west":{"uv":[4.125,6.625,4.625,7.375],"texture":"#0"},"up":{"uv":[7.375,6.625,6.875,6.125],"texture":"#0"}}},{"from":[1.86544,12.98411,6.25],"to":[5.86544,18.98411,10.25],"rotation":{"angle":-22.5,"axis":"z","origin":[8,13.65381,8.5]},"faces":{"north":{"uv":[4.125,6.625,4.625,7.375],"texture":"#0"},"east":{"uv":[4.125,6.625,4.625,7.375],"texture":"#0"},"south":{"uv":[4.125,6.625,4.625,7.375],"texture":"#0"},"west":{"uv":[4.125,6.625,4.625,7.375],"texture":"#0"},"up":{"uv":[7.375,6.625,6.875,6.125],"texture":"#0"}}},{"from":[10,15,5.5],"to":[14,21,9.5],"rotation":{"angle":0,"axis":"x","origin":[8,13.65381,8.5]},"faces":{"north":{"uv":[4.125,6.625,4.625,7.375],"texture":"#0"},"east":{"uv":[4.125,6.625,4.625,7.375],"texture":"#0"},"south":{"uv":[4.125,6.625,4.625,7.375],"texture":"#0"},"west":{"uv":[4.125,6.625,4.625,7.375],"texture":"#0"},"up":{"uv":[7.375,6.625,6.875,6.125],"texture":"#0"}}},{"from":[-5,6,6.5],"to":[-2,9,6.5],"rotation":{"angle":0,"axis":"x","origin":[8,13.65381,8.5]},"faces":{"north":{"uv":[0,0,16,16],"texture":"#2"},"south":{"uv":[0,0,16,16],"texture":"#2"}}},{"from":[1,3,0.5],"to":[4,6,0.5],"rotation":{"angle":0,"axis":"x","origin":[8,13.65381,8.5]},"faces":{"north":{"uv":[0,0,16,16],"texture":"#2"},"south":{"uv":[0,0,16,16],"texture":"#2"}}},{"from":[19,10,9.5],"to":[22,13,9.5],"rotation":{"angle":0,"axis":"x","origin":[8,13.65381,8.5]},"faces":{"north":{"uv":[0,0,16,16],"texture":"#2"},"south":{"uv":[0,0,16,16],"texture":"#2"}}},{"from":[7,8,16.5],"to":[10,11,16.5],"rotation":{"angle":0,"axis":"x","origin":[8,13.65381,8.5]},"faces":{"north":{"uv":[0,0,16,16],"texture":"#2"},"south":{"uv":[0,0,16,16],"texture":"#2"}}},{"from":[13,22,5.5],"to":[18,27,5.5],"rotation":{"angle":0,"axis":"x","origin":[8,13.65381,8.5]},"faces":{"north":{"uv":[0,0,16,16],"texture":"#3"},"south":{"uv":[0,0,16,16],"texture":"#3"}}},{"from":[-1,16,8.5],"to":[15,32,8.5],"rotation":{"angle":0,"axis":"x","origin":[8,13.65381,8.5]},"faces":{"north":{"uv":[0,0,16,16],"texture":"#1"},"south":{"uv":[16,0,0,16],"texture":"#1"}}},{"from":[23.38776,5.24885,0],"to":[23.38776,21.24885,16],"rotation":{"angle":-22.5,"axis":"z","origin":[8,13.65381,8.5]},"faces":{"east":{"uv":[0,0,16,16],"texture":"#1"},"west":{"uv":[16,0,0,16],"texture":"#1"}}},{"from":[-7.38776,5.24885,0],"to":[-7.38776,21.24885,16],"rotation":{"angle":22.5,"axis":"z","origin":[8,13.65381,8.5]},"faces":{"east":{"uv":[0,0,16,16],"texture":"#1"},"west":{"uv":[16,0,0,16],"texture":"#1"}}},{"from":[-1,17,11.5],"to":[4,22,11.5],"rotation":{"angle":0,"axis":"x","origin":[8,13.65381,8.5]},"faces":{"north":{"uv":[0,0,16,16],"texture":"#3"},"south":{"uv":[0,0,16,16],"texture":"#3"}}},{"from":[9.22181,16.73352,7],"to":[14.22181,23.73352,12],"rotation":{"angle":-22.5,"axis":"z","origin":[8,13.65381,8.5]},"faces":{"north":{"uv":[0,6.125,0.625,7],"texture":"#0"},"east":{"uv":[0,6.125,0.625,7],"texture":"#0"},"south":{"uv":[0,6.125,0.625,7],"texture":"#0"},"west":{"uv":[0,6.125,0.625,7],"texture":"#0"},"up":{"uv":[7.25,4.625,6.625,4],"texture":"#0"}}},{"from":[10.22181,22.23352,8],"to":[13.22181,26.23352,11],"rotation":{"angle":-22.5,"axis":"z","origin":[8,13.65381,8.5]},"faces":{"north":{"uv":[1.5,7,1.875,7.5],"texture":"#0"},"east":{"uv":[1.5,7,1.875,7.5],"texture":"#0"},"south":{"uv":[1.5,7,1.875,7.5],"texture":"#0"},"west":{"uv":[1.5,7,1.875,7.5],"texture":"#0"},"up":{"uv":[7.375,3,7,2.625],"texture":"#0"}}},{"from":[19.22181,6.23352,11],"to":[22.22181,10.23352,14],"rotation":{"angle":-22.5,"axis":"z","origin":[8,13.65381,8.5]},"faces":{"north":{"uv":[1.5,7,1.875,7.5],"texture":"#0"},"east":{"uv":[1.5,7,1.875,7.5],"texture":"#0"},"south":{"uv":[1.5,7,1.875,7.5],"texture":"#0"},"west":{"uv":[1.5,7,1.875,7.5],"texture":"#0"},"up":{"uv":[7.375,3,7,2.625],"texture":"#0"}}},{"from":[20.04379,11.00216,3],"to":[23.04379,15.00216,6],"rotation":{"angle":-45,"axis":"z","origin":[8,13.65381,8.5]},"faces":{"north":{"uv":[1.5,7,1.875,7.5],"texture":"#0"},"east":{"uv":[1.5,7,1.875,7.5],"texture":"#0"},"south":{"uv":[1.5,7,1.875,7.5],"texture":"#0"},"west":{"uv":[1.5,7,1.875,7.5],"texture":"#0"},"up":{"uv":[7.375,3,7,2.625],"texture":"#0"}}},{"from":[20.54379,15.00216,3.5],"to":[22.54379,17.00216,5.5],"rotation":{"angle":-45,"axis":"z","origin":[8,13.65381,8.5]},"faces":{"north":{"uv":[6.375,7.125,6.625,7.375],"texture":"#0"},"east":{"uv":[6.375,7.125,6.625,7.375],"texture":"#0"},"south":{"uv":[6.375,7.125,6.625,7.375],"texture":"#0"},"west":{"uv":[6.375,7.125,6.625,7.375],"texture":"#0"},"up":{"uv":[7.5,4.25,7.25,4],"texture":"#0"}}},{"from":[-4.93524,5.81482,3],"to":[-1.93524,9.81482,6],"rotation":{"angle":22.5,"axis":"z","origin":[8,13.65381,8.5]},"faces":{"north":{"uv":[1.5,7,1.875,7.5],"texture":"#0"},"east":{"uv":[1.5,7,1.875,7.5],"texture":"#0"},"south":{"uv":[1.5,7,1.875,7.5],"texture":"#0"},"west":{"uv":[1.5,7,1.875,7.5],"texture":"#0"},"up":{"uv":[7.375,3,7,2.625],"texture":"#0"}}},{"from":[-4.43524,9.81482,3.5],"to":[-2.43524,11.81482,5.5],"rotation":{"angle":22.5,"axis":"z","origin":[8,13.65381,8.5]},"faces":{"north":{"uv":[6.375,7.125,6.625,7.375],"texture":"#0"},"east":{"uv":[6.375,7.125,6.625,7.375],"texture":"#0"},"south":{"uv":[6.375,7.125,6.625,7.375],"texture":"#0"},"west":{"uv":[6.375,7.125,6.625,7.375],"texture":"#0"},"up":{"uv":[7.5,4.25,7.25,4],"texture":"#0"}}},{"from":[-5.43524,6.06482,10.5],"to":[-3.43524,8.06482,12.5],"rotation":{"angle":22.5,"axis":"z","origin":[8,13.65381,8.5]},"faces":{"north":{"uv":[6.375,7.125,6.625,7.375],"texture":"#0"},"east":{"uv":[6.375,7.125,6.625,7.375],"texture":"#0"},"south":{"uv":[6.375,7.125,6.625,7.375],"texture":"#0"},"west":{"uv":[6.375,7.125,6.625,7.375],"texture":"#0"},"up":{"uv":[7.5,4.25,7.25,4],"texture":"#0"}}},{"from":[4.40901,12.88084,5],"to":[7.40901,16.88084,8],"rotation":{"angle":-45,"axis":"z","origin":[8,13.65381,8.5]},"faces":{"north":{"uv":[1.5,7,1.875,7.5],"texture":"#0"},"east":{"uv":[1.5,7,1.875,7.5],"texture":"#0"},"south":{"uv":[1.5,7,1.875,7.5],"texture":"#0"},"west":{"uv":[1.5,7,1.875,7.5],"texture":"#0"},"up":{"uv":[7.375,3,7,2.625],"texture":"#0"}}},{"from":[0.75,14.5,5],"to":[3.75,18.5,8],"rotation":{"angle":0,"axis":"x","origin":[8,13.65381,8.5]},"faces":{"north":{"uv":[1.5,7,1.875,7.5],"texture":"#0"},"east":{"uv":[1.5,7,1.875,7.5],"texture":"#0"},"south":{"uv":[1.5,7,1.875,7.5],"texture":"#0"},"west":{"uv":[1.5,7,1.875,7.5],"texture":"#0"},"up":{"uv":[7.375,3,7,2.625],"texture":"#0"}}},{"from":[9,15.75,9.5],"to":[12,19.75,12.5],"rotation":{"angle":0,"axis":"x","origin":[8,13.65381,8.5]},"faces":{"north":{"uv":[1.5,7,1.875,7.5],"texture":"#0"},"east":{"uv":[1.5,7,1.875,7.5],"texture":"#0"},"south":{"uv":[1.5,7,1.875,7.5],"texture":"#0"},"west":{"uv":[1.5,7,1.875,7.5],"texture":"#0"},"up":{"uv":[7.375,3,7,2.625],"texture":"#0"}}},{"from":[1.5,15,9],"to":[3.5,17,11],"rotation":{"angle":0,"axis":"x","origin":[8,13.65381,8.5]},"faces":{"north":{"uv":[6.375,7.125,6.625,7.375],"texture":"#0"},"east":{"uv":[6.375,7.125,6.625,7.375],"texture":"#0"},"south":{"uv":[6.375,7.125,6.625,7.375],"texture":"#0"},"west":{"uv":[6.375,7.125,6.625,7.375],"texture":"#0"},"up":{"uv":[7.5,4.25,7.25,4],"texture":"#0"}}},{"from":[13,16,5],"to":[15,18,7],"rotation":{"angle":0,"axis":"x","origin":[8,13.65381,8.5]},"faces":{"north":{"uv":[6.375,7.125,6.625,7.375],"texture":"#0"},"east":{"uv":[6.375,7.125,6.625,7.375],"texture":"#0"},"south":{"uv":[6.375,7.125,6.625,7.375],"texture":"#0"},"west":{"uv":[6.375,7.125,6.625,7.375],"texture":"#0"},"up":{"uv":[7.5,4.25,7.25,4],"texture":"#0"}}},{"from":[0,8.13084,5.07323],"to":[16,12.13084,8.07323],"rotation":{"angle":45,"axis":"x","origin":[8,13.65381,8.5]},"faces":{"north":{"uv":[5,0.5,7,1],"texture":"#0"},"east":{"uv":[7,0.875,7.375,1.375],"texture":"#0"},"west":{"uv":[7.375,0.875,7,1.375],"texture":"#0"}}},{"from":[0,14.08058,10.02297],"to":[16,17.08058,14.02297],"rotation":{"angle":45,"axis":"x","origin":[8,13.65381,8.5]},"faces":{"east":{"uv":[7.375,0.875,7,1.375],"rotation":90,"texture":"#0"},"west":{"uv":[7,0.875,7.375,1.375],"rotation":270,"texture":"#0"},"up":{"uv":[7,0.5,5,1],"texture":"#0"}}},{"from":[10.70495,6.94886,1],"to":[14.70495,10.94886,3],"rotation":{"angle":-45,"axis":"z","origin":[8,13.65381,8.5]},"faces":{"north":{"uv":[4,4.875,4.5,5.375],"texture":"#0"},"east":{"uv":[2.25,7.125,2.5,7.625],"texture":"#0"},"south":{"uv":[3.5,6.875,4,7.375],"texture":"#0"},"west":{"uv":[5.625,7.125,5.875,7.625],"texture":"#0"},"up":{"uv":[7.5,6,7,5.75],"texture":"#0"},"down":{"uv":[7.625,5.125,7.125,5.375],"texture":"#0"}}},{"from":[6,5,2],"to":[10,9,3],"rotation":{"angle":0,"axis":"x","origin":[8,13.65381,8.5]},"faces":{"north":{"uv":[0,7,0.5,7.5],"texture":"#0"},"east":{"uv":[4,6.875,4.125,7.375],"texture":"#0"},"south":{"uv":[7,0,7.5,0.5],"texture":"#0"},"west":{"uv":[0.75,7.375,0.875,7.875],"texture":"#0"},"up":{"uv":[1.625,5.875,1.125,5.75],"texture":"#0"},"down":{"uv":[2.75,5.875,2.25,6],"texture":"#0"}}},{"from":[7,3,2],"to":[9,5,3],"rotation":{"angle":0,"axis":"x","origin":[8,13.65381,8.5]},"faces":{"north":{"uv":[0.875,7.375,1.125,7.625],"texture":"#0"},"east":{"uv":[7.375,1.125,7.5,1.375],"texture":"#0"},"south":{"uv":[7.375,0.875,7.625,1.125],"texture":"#0"},"west":{"uv":[7.375,2.125,7.5,2.375],"texture":"#0"},"up":{"uv":[3.375,6,3.125,5.875],"texture":"#0"},"down":{"uv":[2.125,6.125,1.875,6.25],"texture":"#0"}}}],"gui_light":"front","display":{"thirdperson_righthand":{"rotation":[62,0,0],"translation":[0,0,1.75],"scale":[0.38,0.38,0.38]},"thirdperson_lefthand":{"rotation":[62,0,0],"translation":[0,0,1.75],"scale":[0.38,0.38,0.38]},"firstperson_righthand":{"rotation":[5,1,3],"translation":[-1.5,4,2.25],"scale":[0.34,0.34,0.34]},"firstperson_lefthand":{"rotation":[5,1,3],"translation":[-1.5,4,2.25],"scale":[0.34,0.34,0.34]},"ground":{"scale":[0.5,0.5,0.5]},"gui":{"rotation":[30,-135,0],"translation":[0.25,-0.75,0],"scale":[0.53406,0.53406,0.53406]},"head":{"translation":[0,-33,-1.5],"scale":[1.56,1.56,1.56]},"fixed":{"rotation":[-90,0,0],"translation":[0,-1.25,-19.75],"scale":[2.46484,2.46484,2.46484]}}}