{"credit":"MadewithBlockbench","textures":{"0":"elitecreatures:berserker_animated_weapon_set/texture","1":"elitecreatures:berserker_animated_weapon_set/fire_eye","particle":"elitecreatures:berserker_animated_weapon_set/texture"},"elements":[{"from":[8,3.56125,0.84375],"to":[8,8.52125,8.06875],"rotation":{"angle":0,"axis":"y","origin":[8,15.53125,3.9]},"faces":{"north":{"uv":[0,0,4.14286,0],"rotation":270,"texture":"#0"},"east":{"uv":[1.28571,4.28571,4.14286,0],"rotation":270,"texture":"#0"},"south":{"uv":[0,0,4.14286,0],"rotation":270,"texture":"#0"},"west":{"uv":[1.28571,0,4.14286,4.28571],"rotation":270,"texture":"#0"},"up":{"uv":[0,14.42857,0,0],"texture":"#0"},"down":{"uv":[0,14.42857,0,0],"rotation":180,"texture":"#0"}}},{"from":[7.4835,3.69668,6.10029],"to":[8.5165,4.67668,8.06029],"rotation":{"angle":-22.5,"axis":"x","origin":[8,8.47375,9.1]},"faces":{"north":{"uv":[13.71429,3.42857,13.14286,4],"texture":"#0"},"east":{"uv":[12.57143,4.57143,11.42857,5.14286],"texture":"#0"},"south":{"uv":[13.71429,4,13.14286,4.57143],"texture":"#0"},"west":{"uv":[12.57143,5.14286,11.42857,5.71429],"texture":"#0"},"up":{"uv":[11.42857,6.28571,12.57143,5.71429],"rotation":90,"texture":"#0"},"down":{"uv":[11.42857,6.28571,12.57143,6.85714],"rotation":270,"texture":"#0"}}},{"from":[7.459,3.16985,9.87003],"to":[8.541,4.14985,11.83003],"rotation":{"angle":22.5,"axis":"x","origin":[8,8.47375,9.1]},"faces":{"north":{"uv":[13.71429,4.57143,13.14286,5.14286],"texture":"#0"},"east":{"uv":[12.57143,6.85714,11.42857,7.42857],"texture":"#0"},"south":{"uv":[13.71429,5.14286,13.14286,5.71429],"texture":"#0"},"west":{"uv":[12.57143,7.42857,11.42857,8],"texture":"#0"},"up":{"uv":[11.42857,8.57143,12.57143,8],"rotation":90,"texture":"#0"},"down":{"uv":[11.42857,8.57143,12.57143,9.14286],"rotation":270,"texture":"#0"}}},{"from":[7.41,4.59239,12.18421],"to":[8.59,6.06239,13.65421],"rotation":{"angle":45,"axis":"x","origin":[8,8.47375,9.1]},"faces":{"north":{"uv":[12.14286,11.42857,11.42857,12.28571],"texture":"#0"},"east":{"uv":[11.14286,8,10.28571,8.85714],"texture":"#0"},"south":{"uv":[12.71429,0,12,0.85714],"texture":"#0"},"west":{"uv":[10,10.28571,9.14286,11.14286],"texture":"#0"},"up":{"uv":[12,1.85714,12.85714,1.14286],"rotation":90,"texture":"#0"},"down":{"uv":[12,9.14286,12.85714,9.85714],"rotation":270,"texture":"#0"}}},{"from":[7.4835,3.69668,7.93971],"to":[8.5165,4.67668,9.89971],"rotation":{"angle":22.5,"axis":"x","origin":[8,8.47375,6.9]},"faces":{"north":{"uv":[13.14286,4,13.71429,4.57143],"texture":"#0"},"east":{"uv":[11.42857,4.57143,12.57143,5.14286],"texture":"#0"},"south":{"uv":[13.14286,3.42857,13.71429,4],"texture":"#0"},"west":{"uv":[11.42857,5.14286,12.57143,5.71429],"texture":"#0"},"up":{"uv":[12.57143,6.28571,11.42857,5.71429],"rotation":90,"texture":"#0"},"down":{"uv":[12.57143,6.28571,11.42857,6.85714],"rotation":270,"texture":"#0"}}},{"from":[7.41,4.59239,2.34579],"to":[8.59,6.06239,3.81579],"rotation":{"angle":-45,"axis":"x","origin":[8,8.47375,6.9]},"faces":{"north":{"uv":[12,0,12.71429,0.85714],"texture":"#0"},"east":{"uv":[10.28571,8,11.14286,8.85714],"texture":"#0"},"south":{"uv":[11.42857,11.42857,12.14286,12.28571],"texture":"#0"},"west":{"uv":[9.14286,10.28571,10,11.14286],"texture":"#0"},"up":{"uv":[12.85714,1.85714,12,1.14286],"rotation":90,"texture":"#0"},"down":{"uv":[12.85714,9.14286,12,9.85714],"rotation":270,"texture":"#0"}}},{"from":[7.459,3.16985,4.16997],"to":[8.541,4.14985,6.12997],"rotation":{"angle":-22.5,"axis":"x","origin":[8,8.47375,6.9]},"faces":{"north":{"uv":[13.14286,5.14286,13.71429,5.71429],"texture":"#0"},"east":{"uv":[11.42857,6.85714,12.57143,7.42857],"texture":"#0"},"south":{"uv":[13.14286,4.57143,13.71429,5.14286],"texture":"#0"},"west":{"uv":[11.42857,7.42857,12.57143,8],"texture":"#0"},"up":{"uv":[12.57143,8.57143,11.42857,8],"rotation":90,"texture":"#0"},"down":{"uv":[12.57143,8.57143,11.42857,9.14286],"rotation":270,"texture":"#0"}}},{"from":[7.559,1.07658,7.13538],"to":[8.441,3.03658,8.11538],"rotation":{"angle":-22.5,"axis":"x","origin":[8,2.05658,7.62538]},"faces":{"north":{"uv":[12.57143,8.57143,11.42857,9.14286],"rotation":90,"texture":"#0"},"east":{"uv":[11.42857,6.85714,12.57143,7.42857],"rotation":270,"texture":"#0"},"south":{"uv":[12.57143,8.57143,11.42857,8],"rotation":90,"texture":"#0"},"west":{"uv":[11.42857,7.42857,12.57143,8],"rotation":90,"texture":"#0"},"up":{"uv":[13.14286,5.14286,13.71429,5.71429],"rotation":180,"texture":"#0"},"down":{"uv":[13.14286,4.57143,13.71429,5.14286],"texture":"#0"}}},{"from":[7.559,1.07658,7.88462],"to":[8.441,3.03658,8.86462],"rotation":{"angle":22.5,"axis":"x","origin":[8,2.05658,8.37462]},"faces":{"north":{"uv":[12.57143,8,11.42857,8.57143],"rotation":90,"texture":"#0"},"east":{"uv":[11.42857,7.42857,12.57143,6.85714],"rotation":270,"texture":"#0"},"south":{"uv":[12.57143,9.14286,11.42857,8.57143],"rotation":90,"texture":"#0"},"west":{"uv":[11.42857,8,12.57143,7.42857],"rotation":90,"texture":"#0"},"up":{"uv":[13.14286,5.71429,13.71429,5.14286],"rotation":180,"texture":"#0"},"down":{"uv":[13.14286,5.14286,13.71429,4.57143],"texture":"#0"}}},{"from":[7.51,0.865,7.51],"to":[8.49,1.845,8.49],"rotation":{"angle":0,"axis":"y","origin":[8,1.97375,9.14]},"faces":{"north":{"uv":[13.71429,6.28571,13.14286,6.85714],"texture":"#0"},"east":{"uv":[13.71429,5.71429,13.14286,6.28571],"texture":"#0"},"south":{"uv":[13.71429,7.42857,13.14286,8],"texture":"#0"},"west":{"uv":[13.71429,6.85714,13.14286,7.42857],"texture":"#0"},"up":{"uv":[13.14286,8.57143,13.71429,8],"rotation":90,"texture":"#0"},"down":{"uv":[13.14286,8.57143,13.71429,9.14286],"rotation":270,"texture":"#0"}}},{"from":[7.51,-6.275,7.51],"to":[8.49,-5.295,8.49],"rotation":{"angle":0,"axis":"y","origin":[8,3.01875,9.14]},"faces":{"north":{"uv":[13.71429,6.28571,13.14286,6.85714],"texture":"#0"},"east":{"uv":[13.71429,5.71429,13.14286,6.28571],"texture":"#0"},"south":{"uv":[13.71429,7.42857,13.14286,8],"texture":"#0"},"west":{"uv":[13.71429,6.85714,13.14286,7.42857],"texture":"#0"},"up":{"uv":[13.14286,8.57143,13.71429,8],"rotation":90,"texture":"#0"},"down":{"uv":[13.14286,8.57143,13.71429,9.14286],"rotation":270,"texture":"#0"}}},{"from":[7.6325,-6.295,7.6325],"to":[8.3675,-4.09,8.3675],"rotation":{"angle":0,"axis":"y","origin":[8,2.01875,9.14]},"faces":{"north":{"uv":[13,4,12.57143,5.28571],"texture":"#0"},"east":{"uv":[13,2.28571,12.57143,3.57143],"texture":"#0"},"south":{"uv":[13,7.42857,12.57143,8.71429],"texture":"#0"},"west":{"uv":[13,5.71429,12.57143,7],"texture":"#0"},"up":{"uv":[13.71429,3.85714,14.14286,3.42857],"rotation":90,"texture":"#0"},"down":{"uv":[13.71429,4,14.14286,4.42857],"rotation":270,"texture":"#0"}}},{"from":[7.6325,0.365,7.6325],"to":[8.3675,2.57,8.3675],"rotation":{"angle":0,"axis":"y","origin":[8,8.67875,9.14]},"faces":{"north":{"uv":[13,4,12.57143,5.28571],"texture":"#0"},"east":{"uv":[13,2.28571,12.57143,3.57143],"texture":"#0"},"south":{"uv":[13,7.42857,12.57143,8.71429],"texture":"#0"},"west":{"uv":[13,5.71429,12.57143,7],"texture":"#0"},"up":{"uv":[13.71429,3.85714,14.14286,3.42857],"rotation":90,"texture":"#0"},"down":{"uv":[13.71429,4,14.14286,4.42857],"rotation":270,"texture":"#0"}}},{"from":[7.6325,-4.09,7.6325],"to":[8.3675,0.365,8.3675],"rotation":{"angle":0,"axis":"y","origin":[8,1.47375,9.14]},"faces":{"north":{"uv":[14.28571,6.85714,13.85714,9.57142],"texture":"#0"},"east":{"uv":[14.28571,6.85714,13.85714,9.57143],"texture":"#0"},"south":{"uv":[14.28571,6.85714,13.85714,9.57143],"texture":"#0"},"west":{"uv":[14.28571,6.85715,13.85714,9.57143],"texture":"#0"},"up":{"uv":[13.71429,3.85714,14.14286,3.42857],"rotation":90,"texture":"#0"},"down":{"uv":[13.71429,4,14.14286,4.42857],"rotation":270,"texture":"#0"}}},{"from":[7.51,2.23,7.51],"to":[8.49,2.72,8.49],"rotation":{"angle":0,"axis":"y","origin":[8,2.475,8]},"faces":{"north":{"uv":[14.28571,5.14286,13.71429,5.42857],"texture":"#0"},"east":{"uv":[14.28571,4.57143,13.71429,4.85714],"texture":"#0"},"south":{"uv":[14.28571,6.28571,13.71429,6.57143],"texture":"#0"},"west":{"uv":[14.28571,5.71429,13.71429,6],"texture":"#0"},"up":{"uv":[13.14286,12.57143,13.71429,12],"rotation":90,"texture":"#0"},"down":{"uv":[12.57143,13.14286,13.14286,13.71429],"rotation":270,"texture":"#0"}}},{"from":[7.51,2.39887,8.35894],"to":[8.49,2.88887,9.33894],"rotation":{"angle":-22.5,"axis":"x","origin":[8,2.64387,8.84894]},"faces":{"north":{"uv":[13.71429,6.28571,14.28571,6.57143],"texture":"#0"},"east":{"uv":[13.71429,4.57143,14.28571,4.85714],"texture":"#0"},"south":{"uv":[13.71429,5.14286,14.28571,5.42857],"texture":"#0"},"west":{"uv":[13.71429,5.71429,14.28571,6],"texture":"#0"},"up":{"uv":[13.71429,12.57143,13.14286,12],"rotation":90,"texture":"#0"},"down":{"uv":[13.14286,13.14286,12.57143,13.71429],"rotation":270,"texture":"#0"}}},{"from":[7.51,2.39887,6.66105],"to":[8.49,2.88887,7.64105],"rotation":{"angle":22.5,"axis":"x","origin":[8,2.64387,7.15105]},"faces":{"north":{"uv":[14.28571,5.14286,13.71429,5.42857],"texture":"#0"},"east":{"uv":[14.28571,4.57143,13.71429,4.85714],"texture":"#0"},"south":{"uv":[14.28571,6.28571,13.71429,6.57143],"texture":"#0"},"west":{"uv":[13.71429,5.71429,14.28571,6],"texture":"#0"},"up":{"uv":[13.14286,12.57143,13.71429,12],"rotation":90,"texture":"#0"},"down":{"uv":[12.57143,13.14286,13.14286,13.71429],"rotation":270,"texture":"#0"}}},{"from":[7.5835,-7.22105,11.04405],"to":[8.4165,-5.26105,12.02405],"rotation":{"angle":22.5,"axis":"x","origin":[8,3.01875,9.14]},"faces":{"north":{"uv":[11.85714,12.57143,11.42857,13.71429],"texture":"#0"},"east":{"uv":[9.71429,11.42857,9.14286,12.57143],"texture":"#0"},"south":{"uv":[12.42857,12.57143,12,13.71429],"texture":"#0"},"west":{"uv":[12,9.14286,11.42857,10.28571],"texture":"#0"},"up":{"uv":[13.71429,2.71429,14.28571,2.28571],"rotation":90,"texture":"#0"},"down":{"uv":[13.71429,2.85714,14.28571,3.28571],"rotation":270,"texture":"#0"}}},{"from":[7.559,-6.34853,4.14951],"to":[8.441,-4.38853,5.12951],"rotation":{"angle":-22.5,"axis":"x","origin":[8,3.01875,9.14]},"faces":{"north":{"uv":[10.85714,11.42857,10.28571,12.57143],"texture":"#0"},"east":{"uv":[10.28571,11.42857,9.71429,12.57143],"texture":"#0"},"south":{"uv":[11.42857,11.42857,10.85714,12.57143],"texture":"#0"},"west":{"uv":[12,10.28571,11.42857,11.42857],"texture":"#0"},"up":{"uv":[13.14286,13.14286,13.71429,12.57143],"rotation":90,"texture":"#0"},"down":{"uv":[13.14286,13.14286,13.71429,13.71429],"rotation":270,"texture":"#0"}}},{"from":[7.461,-5.71523,14.79178],"to":[8.539,-4.24523,16.26178],"rotation":{"angle":45,"axis":"x","origin":[8,3.01875,9.14]},"faces":{"north":{"uv":[13.14286,12,12.57143,12.85714],"texture":"#0"},"east":{"uv":[11.14286,9.14286,10.28571,10],"texture":"#0"},"south":{"uv":[13.71429,0,13.14286,0.85714],"texture":"#0"},"west":{"uv":[11.14286,10.28571,10.28571,11.14286],"texture":"#0"},"up":{"uv":[13.14286,1.71429,14,1.14286],"rotation":90,"texture":"#0"},"down":{"uv":[13.14286,1.71429,14,2.28571],"rotation":270,"texture":"#0"}}},{"from":[7.461,3.66148,7.265],"to":[8.539,5.13148,8.735],"rotation":{"angle":45,"axis":"x","origin":[8,4.39648,8]},"faces":{"north":{"uv":[13.71429,0,13.14286,0.85714],"rotation":180,"texture":"#0"},"east":{"uv":[11.14286,9.14286,10.28571,10],"rotation":180,"texture":"#0"},"south":{"uv":[13.14286,12,12.57143,12.85714],"rotation":180,"texture":"#0"},"west":{"uv":[11.14286,10.28571,10.28571,11.14286],"rotation":180,"texture":"#0"},"up":{"uv":[13.14286,1.71429,14,2.28571],"rotation":270,"texture":"#0"},"down":{"uv":[13.14286,1.71429,14,1.14286],"rotation":90,"texture":"#0"}}},{"from":[8,-9.25,6.145],"to":[8,-5.925,9.855],"rotation":{"angle":0,"axis":"y","origin":[8,3.01875,9.14]},"faces":{"north":{"uv":[0,0,0,1.85714],"texture":"#0"},"east":{"uv":[9.14286,2.28571,11.28571,4.14285],"texture":"#0"},"south":{"uv":[0,0,0,1.85714],"texture":"#0"},"west":{"uv":[11.28571,2.28571,9.14286,4.14286],"texture":"#0"},"up":{"uv":[0,0,2.14286,0],"rotation":90,"texture":"#0"},"down":{"uv":[0,0,2.14286,0],"rotation":270,"texture":"#0"}}},{"from":[8,0.23625,1.84375],"to":[8,3.56125,5.55375],"rotation":{"angle":0,"axis":"y","origin":[8,12.505,4.83875]},"faces":{"north":{"uv":[0,0,0,1.85714],"texture":"#0"},"east":{"uv":[11.28571,0,9.14286,1.85714],"texture":"#0"},"south":{"uv":[0,0,0,1.85714],"texture":"#0"},"west":{"uv":[9.14286,0,11.28571,1.85715],"texture":"#0"},"up":{"uv":[0,0,2.14286,0],"rotation":90,"texture":"#0"},"down":{"uv":[0,0,2.14286,0],"rotation":270,"texture":"#0"}}},{"from":[8,3.92125,4.13125],"to":[8,11.67125,11.88125],"rotation":{"angle":0,"axis":"y","origin":[8,15.18125,9]},"faces":{"north":{"uv":[0,0,2.14286,0],"rotation":90,"texture":"#1"},"east":{"uv":[16,0,0,16],"rotation":270,"texture":"#1"},"south":{"uv":[0,0,2.14286,0],"rotation":90,"texture":"#1"},"west":{"uv":[0,0,16,16],"rotation":90,"texture":"#1"},"up":{"uv":[0,0,0,1.85714],"rotation":180,"texture":"#1"},"down":{"uv":[0,0,0,1.85714],"texture":"#1"}}}],"gui_light":"front","display":{"thirdperson_righthand":{"translation":[0,15.25,1.5],"scale":[1.5,1.5,1.5]},"thirdperson_lefthand":{"translation":[0,15.25,1.5],"scale":[1.5,1.5,1.5]},"firstperson_righthand":{"translation":[10,12,-5.75],"scale":[1.3,1.3,1.3]},"firstperson_lefthand":{"translation":[10,12,-5.75],"scale":[1.3,1.3,1.3]},"ground":{"rotation":[-45,0,0],"translation":[-0.5,11,-3.5],"scale":[0.9,0.9,0.9]},"gui":{"rotation":[-90,-45,-90],"translation":[3,4.25,0],"scale":[0.82781,0.82781,0.82781]},"head":{"translation":[0,-24.5,0],"scale":[0,0,0]},"fixed":{"rotation":[0,-90,0],"translation":[0,29.5,-1.5],"scale":[3.5,3.5,3.5]}}}