{"credit":"Made with Blockbench","textures":{"0":"spectra_aurelium_skills:monster_body_right","particle":"spectra_aurelium_skills:monster_body_right"},"elements":[{"from":[0,0,0],"to":[14,18,0],"faces":{"north":{"uv":[0,0,16,16],"texture":"#missing"},"east":{"uv":[0,0,0,16],"texture":"#missing"},"south":{"uv":[0,0,7,9],"texture":"#0"},"west":{"uv":[0,0,0,16],"texture":"#missing"},"up":{"uv":[0,0,16,0],"texture":"#missing"},"down":{"uv":[0,0,16,0],"texture":"#missing"}}}],"gui_light":"front","display":{"gui":{"translation":[-1,35,0]}}}