{"credit":"Made with Blockbench","texture_size":[32,32],"textures":{"0":"elitecreatures:fantasy_swords_v1/sword091tex","particle":"elitecreatures:fantasy_swords_v1/sword091tex"},"elements":[{"from":[7,-12,7.25],"to":[9,-1,8.75],"rotation":{"angle":0,"axis":"y","origin":[10,1,0]},"faces":{"north":{"uv":[0,11,5.5,10],"rotation":90,"texture":"#0"},"east":{"uv":[10.25,5.5,9.5,0],"texture":"#0"},"south":{"uv":[0,11,5.5,10],"rotation":90,"texture":"#0"},"west":{"uv":[10.25,5.5,9.5,0],"texture":"#0"},"up":{"uv":[5.75,12.75,6.5,11.75],"rotation":270,"texture":"#0"},"down":{"uv":[5.75,12.75,6.5,11.75],"rotation":270,"texture":"#0"}}},{"from":[3.75,-4.25,7],"to":[10.25,2.25,9],"rotation":{"angle":45,"axis":"z","origin":[8,0,8]},"faces":{"north":{"uv":[2.5,15,5.75,11.75],"rotation":90,"texture":"#0"},"east":{"uv":[2.5,16,5.75,15],"rotation":270,"texture":"#0"},"south":{"uv":[2.5,15,5.75,11.75],"rotation":90,"texture":"#0"},"west":{"uv":[5.75,12.75,6.75,16],"rotation":180,"texture":"#0"},"up":{"uv":[5.75,15,2.5,16],"texture":"#0"},"down":{"uv":[5.75,16,6.75,12.75],"rotation":270,"texture":"#0"}}},{"from":[4.75,-3.25,9],"to":[9.25,1.25,9.5],"rotation":{"angle":45,"axis":"z","origin":[8,0,8]},"faces":{"north":{"uv":[0,13.5,2.25,15.75],"rotation":90,"texture":"#0"},"east":{"uv":[0,15.75,2.25,16],"rotation":270,"texture":"#0"},"south":{"uv":[0,13.5,2.25,15.75],"rotation":90,"texture":"#0"},"west":{"uv":[2.5,13.5,2.25,15.75],"rotation":180,"texture":"#0"},"up":{"uv":[2.25,16,0,15.75],"rotation":180,"texture":"#0"},"down":{"uv":[2.5,15.75,2.25,13.5],"rotation":270,"texture":"#0"}}},{"from":[4.75,-3.25,6.5],"to":[9.25,1.25,7],"rotation":{"angle":45,"axis":"z","origin":[8,0,8]},"faces":{"north":{"uv":[0,15.75,2.25,13.5],"rotation":90,"texture":"#0"},"east":{"uv":[0,16,2.25,15.75],"rotation":270,"texture":"#0"},"south":{"uv":[0,15.75,2.25,13.5],"rotation":90,"texture":"#0"},"west":{"uv":[2.25,13.5,2.5,15.75],"rotation":180,"texture":"#0"},"up":{"uv":[0.25,16,0,13.75],"rotation":270,"texture":"#0"},"down":{"uv":[2.25,15.75,2.5,13.5],"rotation":270,"texture":"#0"}}},{"from":[-1.1,3.2,7.25],"to":[0.9,7.2,8.75],"rotation":{"angle":45,"axis":"z","origin":[5.9,9.2,8]},"faces":{"north":{"uv":[6.75,15.25,8.75,14.25],"rotation":90,"texture":"#0"},"east":{"uv":[6.25,10.25,8.25,9.5],"rotation":270,"texture":"#0"},"south":{"uv":[6.75,15.25,8.75,14.25],"rotation":90,"texture":"#0"},"west":{"uv":[6.75,15.25,8.75,16],"rotation":270,"texture":"#0"},"up":{"uv":[8.75,16,9.5,15],"rotation":270,"texture":"#0"},"down":{"uv":[8.75,16,9.5,15],"rotation":270,"texture":"#0"}}},{"from":[2.8,3.3,7.35],"to":[3.8,8.3,8.65],"rotation":{"angle":0,"axis":"y","origin":[7.5,7.7,8]},"faces":{"north":{"uv":[6.75,12.5,9.25,13],"rotation":90,"texture":"#0"},"east":{"uv":[10.25,16,9.5,13.5],"texture":"#0"},"south":{"uv":[6.75,13,9.25,12.5],"rotation":90,"texture":"#0"},"west":{"uv":[6.75,14.25,9.25,13.5],"rotation":270,"texture":"#0"},"up":{"uv":[5.5,10.25,6.15,9.75],"rotation":270,"texture":"#0"},"down":{"uv":[5.5,11.25,6.15,10.75],"rotation":270,"texture":"#0"}}},{"from":[4.6,9.8,7.5],"to":[5.6,16.8,8.5],"rotation":{"angle":0,"axis":"y","origin":[7.5,8.2,8]},"faces":{"north":{"uv":[6.5,11.75,10,11.25],"rotation":90,"texture":"#0"},"east":{"uv":[6.25,10.75,9.75,10.25],"rotation":270,"texture":"#0"},"south":{"uv":[6.5,11.75,10,11.25],"rotation":90,"texture":"#0"},"west":{"uv":[6.5,11.75,10,12.25],"rotation":270,"texture":"#0"},"up":{"uv":[9.25,11.25,9.75,10.75],"rotation":270,"texture":"#0"},"down":{"uv":[8.5,11.25,9,10.75],"rotation":270,"texture":"#0"}}},{"from":[2.6,8.5,7.45],"to":[3.6,11.5,8.55],"rotation":{"angle":-45,"axis":"z","origin":[2.5,8.2,8]},"faces":{"north":{"uv":[0,8.75,1.5,9.25],"rotation":90,"texture":"#0"},"east":{"uv":[1.5,9.5,3,8.75],"rotation":270,"texture":"#0"},"south":{"uv":[0,9.25,1.5,8.75],"rotation":90,"texture":"#0"},"west":{"uv":[0,10,1.5,9.25],"rotation":270,"texture":"#0"},"up":{"uv":[2.25,10,3,9.5],"rotation":270,"texture":"#0"},"down":{"uv":[1.5,10,2.25,9.5],"rotation":270,"texture":"#0"}}},{"from":[7.25,-15,7.5],"to":[8.75,-12,8.5],"rotation":{"angle":0,"axis":"y","origin":[10,1,0]},"faces":{"north":{"uv":[9.25,13.25,10.75,12.5],"rotation":90,"texture":"#0"},"east":{"uv":[10.25,14.25,10.75,15.75],"rotation":180,"texture":"#0"},"south":{"uv":[9.25,13.25,10.75,12.5],"rotation":90,"texture":"#0"},"west":{"uv":[10.25,14.25,10.75,15.75],"rotation":180,"texture":"#0"},"up":{"uv":[10.25,14.25,10.75,13.5],"rotation":270,"texture":"#0"},"down":{"uv":[10.25,14.25,10.75,13.5],"rotation":270,"texture":"#0"}}},{"from":[7,-16,7.25],"to":[9,-14,8.75],"rotation":{"angle":45,"axis":"z","origin":[8,-15,8]},"faces":{"north":{"uv":[9.25,9.25,8.25,10.25],"rotation":180,"texture":"#0"},"east":{"uv":[10,10.25,9.25,9.25],"rotation":180,"texture":"#0"},"south":{"uv":[8.25,10.25,9.25,9.25],"rotation":90,"texture":"#0"},"west":{"uv":[7.25,9.5,8.25,8.75],"rotation":90,"texture":"#0"},"up":{"uv":[9.25,10.25,10,9.25],"rotation":270,"texture":"#0"},"down":{"uv":[7.25,8.75,8.25,9.5],"rotation":180,"texture":"#0"}}},{"from":[1.75,0,8],"to":[11.75,32,8],"rotation":{"angle":0,"axis":"y","origin":[16,3,0]},"faces":{"north":{"uv":[16,0,11,16],"texture":"#0"},"east":{"uv":[0,0,0,16],"texture":"#0"},"south":{"uv":[11,0,16,16],"texture":"#0"},"west":{"uv":[0,0,0,16],"texture":"#0"},"up":{"uv":[4,0,0,0],"texture":"#0"},"down":{"uv":[4,0,0,0],"texture":"#0"}}},{"from":[-2,-7,8],"to":[7,7,8],"rotation":{"angle":0,"axis":"y","origin":[16,3,0]},"faces":{"north":{"uv":[0,0,4.5,7],"texture":"#0"},"east":{"uv":[0,0,0,5.5],"texture":"#0"},"south":{"uv":[4.5,0,0,7],"texture":"#0"},"west":{"uv":[0,0,0,5.5],"texture":"#0"},"up":{"uv":[0,0,5,0],"texture":"#0"},"down":{"uv":[0,0,5,0],"texture":"#0"}}}],"gui_light":"front","display":{"thirdperson_righthand":{"rotation":[0,110,0],"translation":[0,9.5,1.75],"scale":[0.7,0.7,0.7]},"thirdperson_lefthand":{"rotation":[180,-110,180],"translation":[0,8,1.75],"scale":[0.7,0.7,0.7]},"firstperson_righthand":{"rotation":[-175.56,80,170],"translation":[0.5,5,0.5],"scale":[0.36914,0.36914,0.36914]},"firstperson_lefthand":{"rotation":[-175.56,-90,-170],"translation":[0.5,5,0.5],"scale":[0.36914,0.36914,0.36914]},"ground":{"rotation":[82,0,0],"translation":[0,-1.25,0],"scale":[0.5,0.5,0.5]},"gui":{"rotation":[0,0,-45],"translation":[0.75,-0.5,-2],"scale":[0.42398,0.42398,0.42398]},"head":{"rotation":[0,-18,105],"translation":[2.5,8.75,2.25],"scale":[0.73516,0.73516,0.73516]},"fixed":{"rotation":[0,0,45],"translation":[1.25,-0.5,-1.25],"scale":[0.96484,0.96484,0.96484]}}}