{"credit":"Made with Blockbench","textures":{"0":"elitecreatures:fantasy_swords_v1/sword111tex","1":"elitecreatures:fantasy_swords_v1/sword11ani","particle":"elitecreatures:fantasy_swords_v1/sword111tex"},"elements":[{"from":[7.25,-10,7.25],"to":[8.75,1,8.75],"rotation":{"angle":0,"axis":"y","origin":[16,4,6]},"faces":{"north":{"uv":[10.5,15.25,16,16],"rotation":270,"texture":"#0"},"east":{"uv":[10.5,11,16,10.25],"rotation":90,"texture":"#0"},"south":{"uv":[10.5,16,16,15.25],"rotation":270,"texture":"#0"},"west":{"uv":[10.5,14.5,16,15.25],"rotation":90,"texture":"#0"},"up":{"uv":[15.25,13.75,16,14.5],"texture":"#0"},"down":{"uv":[15.25,13.75,16,14.5],"rotation":180,"texture":"#0"}}},{"from":[6.45,-1.3,7],"to":[8.95,-0.3,9],"rotation":{"angle":-22.5,"axis":"z","origin":[8,-1.5,8]},"faces":{"north":{"uv":[7.25,3.75,8.5,4.25],"texture":"#0"},"east":{"uv":[7.25,3.25,8.25,3.75],"texture":"#0"},"south":{"uv":[7.25,3.75,8.5,4.25],"texture":"#0"},"west":{"uv":[8.25,3.25,9.25,3.75],"texture":"#0"},"up":{"uv":[7,2.25,8.25,3.25],"texture":"#0"},"down":{"uv":[7,1.25,8.25,2.25],"texture":"#0"}}},{"from":[7.05,-1.3,7.1],"to":[9.55,-0.3,8.9],"rotation":{"angle":22.5,"axis":"z","origin":[8,-1.5,8]},"faces":{"north":{"uv":[8.5,3.75,7.25,4.25],"texture":"#0"},"east":{"uv":[9.25,3.25,8.25,3.75],"texture":"#0"},"south":{"uv":[8.5,3.75,7.25,4.25],"texture":"#0"},"west":{"uv":[8.25,3.25,7.25,3.75],"texture":"#0"},"up":{"uv":[8.25,2.25,7,3.25],"texture":"#0"},"down":{"uv":[8.25,1.25,7,2.25],"texture":"#0"}}},{"from":[6.45,-7.3,7],"to":[8.95,-6.3,9],"rotation":{"angle":-22.5,"axis":"z","origin":[8,-7.5,8]},"faces":{"north":{"uv":[7.25,3.75,8.5,4.25],"texture":"#0"},"east":{"uv":[7.25,3.25,8.25,3.75],"texture":"#0"},"south":{"uv":[7.25,3.75,8.5,4.25],"texture":"#0"},"west":{"uv":[8.25,3.25,9.25,3.75],"texture":"#0"},"up":{"uv":[7,2.25,8.25,3.25],"texture":"#0"},"down":{"uv":[7,1.25,8.25,2.25],"texture":"#0"}}},{"from":[7.05,-7.3,7.1],"to":[9.55,-6.3,8.9],"rotation":{"angle":22.5,"axis":"z","origin":[8,-7.5,8]},"faces":{"north":{"uv":[8.5,3.75,7.25,4.25],"texture":"#0"},"east":{"uv":[9.25,3.25,8.25,3.75],"texture":"#0"},"south":{"uv":[8.5,3.75,7.25,4.25],"texture":"#0"},"west":{"uv":[8.25,3.25,7.25,3.75],"texture":"#0"},"up":{"uv":[8.25,2.25,7,3.25],"texture":"#0"},"down":{"uv":[8.25,1.25,7,2.25],"texture":"#0"}}},{"from":[6.45,-3.3,7],"to":[8.95,-2.3,9],"rotation":{"angle":-22.5,"axis":"z","origin":[8,-3.5,8]},"faces":{"north":{"uv":[7.25,3.75,8.5,4.25],"texture":"#0"},"east":{"uv":[7.25,3.25,8.25,3.75],"texture":"#0"},"south":{"uv":[7.25,3.75,8.5,4.25],"texture":"#0"},"west":{"uv":[8.25,3.25,9.25,3.75],"texture":"#0"},"up":{"uv":[7,2.25,8.25,3.25],"texture":"#0"},"down":{"uv":[7,1.25,8.25,2.25],"texture":"#0"}}},{"from":[7.05,-5.3,7],"to":[9.55,-4.3,9],"rotation":{"angle":22.5,"axis":"z","origin":[8,-5.5,8]},"faces":{"north":{"uv":[8.5,3.75,7.25,4.25],"texture":"#0"},"east":{"uv":[9.25,3.25,8.25,3.75],"texture":"#0"},"south":{"uv":[8.5,3.75,7.25,4.25],"texture":"#0"},"west":{"uv":[8.25,3.25,7.25,3.75],"texture":"#0"},"up":{"uv":[8.25,2.25,7,3.25],"texture":"#0"},"down":{"uv":[8.25,1.25,7,2.25],"texture":"#0"}}},{"from":[7.5,-12.95,8.45],"to":[8.5,-9.95,9.95],"rotation":{"angle":-22.5,"axis":"x","origin":[8,-13,8]},"faces":{"north":{"uv":[13.75,14,15.25,14.5],"rotation":270,"texture":"#0"},"east":{"uv":[13.75,14,15.25,13.25],"rotation":90,"texture":"#0"},"south":{"uv":[12.25,14.5,13.75,14],"rotation":270,"texture":"#0"},"west":{"uv":[13.75,11.25,15.25,12],"rotation":90,"texture":"#0"},"up":{"uv":[13.25,13.25,13.75,14],"texture":"#0"},"down":{"uv":[13.25,13.25,13.75,14],"rotation":180,"texture":"#0"}}},{"from":[7.5,-12.95,6.95],"to":[8.5,-10.95,8.45],"rotation":{"angle":-22.5,"axis":"x","origin":[8,-13,8]},"faces":{"north":{"uv":[9.5,15.5,10.5,16],"rotation":270,"texture":"#0"},"east":{"uv":[9.5,15.5,10.5,14.75],"rotation":90,"texture":"#0"},"south":{"uv":[9.5,16,10.5,15.5],"rotation":270,"texture":"#0"},"west":{"uv":[12.75,12.25,13.75,13],"rotation":90,"texture":"#0"},"up":{"uv":[9,15.25,9.5,16],"texture":"#0"},"down":{"uv":[9,14.5,9.5,15.25],"rotation":180,"texture":"#0"}}},{"from":[6,10,7.75],"to":[10,22,8.25],"rotation":{"angle":0,"axis":"y","origin":[0,6,0]},"faces":{"north":{"uv":[5,15.5,9,27.5],"texture":"#1"},"east":{"uv":[8,15.5,8.5,27.5],"texture":"#1"},"south":{"uv":[5,15.5,9,27.5],"texture":"#1"},"west":{"uv":[5,15.5,5.5,27.5],"texture":"#1"},"up":{"uv":[9,15.5,5,16],"texture":"#1"},"down":{"uv":[9,26.5,5,27],"texture":"#1"}}},{"from":[4.5,1,7.25],"to":[6,4,8.75],"rotation":{"angle":0,"axis":"y","origin":[4.75,1,7.5]},"faces":{"north":{"uv":[15.25,8.75,14.5,10.25],"texture":"#0"},"east":{"uv":[15.25,8.75,16,10.25],"texture":"#0"},"south":{"uv":[14.5,8.75,15.25,10.25],"texture":"#0"},"west":{"uv":[13.75,8.75,14.5,10.25],"texture":"#0"},"up":{"uv":[15.25,8,16,8.75],"texture":"#0"},"down":{"uv":[14.5,8,15.25,8.75],"texture":"#0"}}},{"from":[3.05,-2.8,7.75],"to":[3.55,-0.8,8.25],"rotation":{"angle":22.5,"axis":"z","origin":[4.75,1,7.5]},"faces":{"north":{"uv":[8,7,7.75,8],"texture":"#0"},"east":{"uv":[8.25,7,8.5,8],"texture":"#0"},"south":{"uv":[7.75,7,8,8],"texture":"#0"},"west":{"uv":[8,7,8.25,8],"texture":"#0"},"up":{"uv":[7.5,7,7.75,7.25],"texture":"#0"},"down":{"uv":[7.5,7,7.75,7.25],"texture":"#0"}}},{"from":[4.75,-2,7.5],"to":[5.75,1,8.5],"rotation":{"angle":-22.5,"axis":"z","origin":[5.75,1,7.5]},"faces":{"north":{"uv":[12,8.75,11.5,10.25],"texture":"#0"},"east":{"uv":[12,8.75,12.5,10.25],"texture":"#0"},"south":{"uv":[11.5,8.75,12,10.25],"texture":"#0"},"west":{"uv":[12.5,8.75,13,10.25],"texture":"#0"},"up":{"uv":[11.5,8.25,12,8.75],"texture":"#0"},"down":{"uv":[11.5,8.25,12,8.75],"texture":"#0"}}},{"from":[10.25,-2,7.5],"to":[11.25,1,8.5],"rotation":{"angle":22.5,"axis":"z","origin":[10.25,1,7.5]},"faces":{"north":{"uv":[11.5,8.75,12,10.25],"texture":"#0"},"east":{"uv":[13,8.75,12.5,10.25],"texture":"#0"},"south":{"uv":[12,8.75,11.5,10.25],"texture":"#0"},"west":{"uv":[12.5,8.75,12,10.25],"texture":"#0"},"up":{"uv":[12,8.25,11.5,8.75],"texture":"#0"},"down":{"uv":[12,8.25,11.5,8.75],"texture":"#0"}}},{"from":[12.45,-2.8,7.75],"to":[12.95,-0.8,8.25],"rotation":{"angle":-22.5,"axis":"z","origin":[11.25,1,7.5]},"faces":{"north":{"uv":[7.75,7,8,8],"texture":"#0"},"east":{"uv":[8.25,7,8,8],"texture":"#0"},"south":{"uv":[8,7,7.75,8],"texture":"#0"},"west":{"uv":[8.5,7,8.25,8],"texture":"#0"},"up":{"uv":[7.75,7,7.5,7.25],"texture":"#0"},"down":{"uv":[7.75,7,7.5,7.25],"texture":"#0"}}},{"from":[10,1,7.25],"to":[11.5,4,8.75],"rotation":{"angle":0,"axis":"y","origin":[11.25,1,7.5]},"faces":{"north":{"uv":[14.5,8.75,15.25,10.25],"texture":"#0"},"east":{"uv":[14.5,8.75,13.75,10.25],"texture":"#0"},"south":{"uv":[15.25,8.75,14.5,10.25],"texture":"#0"},"west":{"uv":[16,8.75,15.25,10.25],"texture":"#0"},"up":{"uv":[16,8,15.25,8.75],"texture":"#0"},"down":{"uv":[15.25,8,14.5,8.75],"texture":"#0"}}},{"from":[6,1,6],"to":[10,2,10],"rotation":{"angle":0,"axis":"y","origin":[0,6,7]},"faces":{"north":{"uv":[0,7,2,7.5],"texture":"#0"},"east":{"uv":[2,7.5,2.5,9.5],"rotation":90,"texture":"#0"},"south":{"uv":[0,7,2,7.5],"texture":"#0"},"west":{"uv":[2,7.5,2.5,9.5],"rotation":90,"texture":"#0"},"up":{"uv":[0,7.5,2,9.5],"texture":"#0"},"down":{"uv":[0,7.5,2,9.5],"texture":"#0"}}},{"from":[11.75,6,9.5],"to":[11.75,8.5,11.5],"rotation":{"angle":0,"axis":"y","origin":[16,6,7]},"faces":{"north":{"uv":[4,14.5,4,15.75],"texture":"#0"},"east":{"uv":[8.5,9.5,9.5,10.75],"texture":"#0"},"south":{"uv":[8.5,9.5,8.5,10.75],"texture":"#0"},"west":{"uv":[9.5,9.5,8.5,10.75],"texture":"#0"},"up":{"uv":[12.25,12,12.25,11],"texture":"#0"},"down":{"uv":[4,13.5,4,14.5],"texture":"#0"}}},{"from":[9.75,6,11.5],"to":[11.75,8.5,11.5],"rotation":{"angle":0,"axis":"y","origin":[11.75,7.25,10.5]},"faces":{"north":{"uv":[8.5,9.5,9.5,10.75],"texture":"#0"},"east":{"uv":[8.5,9.5,8.5,10.75],"texture":"#0"},"south":{"uv":[9.5,9.5,8.5,10.75],"texture":"#0"},"west":{"uv":[4,14.5,4,15.75],"texture":"#0"},"up":{"uv":[12.25,12,12.25,11],"rotation":270,"texture":"#0"},"down":{"uv":[4,13.5,4,14.5],"rotation":90,"texture":"#0"}}},{"from":[4.25,6,9.5],"to":[4.25,8.5,11.5],"rotation":{"angle":0,"axis":"y","origin":[0,6,7]},"faces":{"north":{"uv":[4,14.5,4,15.75],"texture":"#0"},"east":{"uv":[8.5,9.5,9.5,10.75],"texture":"#0"},"south":{"uv":[8.5,9.5,8.5,10.75],"texture":"#0"},"west":{"uv":[9.5,9.5,8.5,10.75],"texture":"#0"},"up":{"uv":[12.25,12,12.25,11],"texture":"#0"},"down":{"uv":[4,13.5,4,14.5],"texture":"#0"}}},{"from":[4.25,6,11.5],"to":[6.25,8.5,11.5],"rotation":{"angle":0,"axis":"y","origin":[4.25,7.25,10.5]},"faces":{"north":{"uv":[9.5,9.5,8.5,10.75],"texture":"#0"},"east":{"uv":[4,14.5,4,15.75],"texture":"#0"},"south":{"uv":[8.5,9.5,9.5,10.75],"texture":"#0"},"west":{"uv":[8.5,9.5,8.5,10.75],"texture":"#0"},"up":{"uv":[12.25,11,12.25,12],"rotation":270,"texture":"#0"},"down":{"uv":[4,14.5,4,13.5],"rotation":90,"texture":"#0"}}},{"from":[4.25,3.5,4.5],"to":[11.75,6,11.5],"rotation":{"angle":0,"axis":"y","origin":[0,6,7]},"faces":{"north":{"uv":[3.75,0,7.5,1.25],"texture":"#0"},"east":{"uv":[3.75,6,7.25,7.25],"texture":"#0"},"south":{"uv":[6.25,14.25,10,13],"texture":"#0"},"west":{"uv":[7.25,6,3.75,7.25],"texture":"#0"},"up":{"uv":[3.75,3.5,0,0],"texture":"#0"},"down":{"uv":[3.75,3.5,0,7],"texture":"#0"}}},{"from":[7.25,2.5,3.6],"to":[8.75,6,6.6],"rotation":{"angle":45,"axis":"x","origin":[8,4.75,3.6]},"faces":{"north":{"uv":[6,14.25,6.75,16],"texture":"#0"},"east":{"uv":[7.5,14.25,9,16],"texture":"#0"},"south":{"uv":[5.25,14.25,6,16],"texture":"#0"},"west":{"uv":[9,14.25,7.5,16],"texture":"#0"},"up":{"uv":[6.75,14.25,7.5,15.75],"texture":"#0"},"down":{"uv":[6.75,14.25,7.5,15.75],"texture":"#0"}}},{"from":[7.5,-0.33726,2],"to":[8.5,3.16274,4],"rotation":{"angle":0,"axis":"y","origin":[8,3.15,2]},"faces":{"north":{"uv":[7.25,7.25,7.75,9],"texture":"#0"},"east":{"uv":[6,9,7,10.75],"texture":"#0"},"south":{"uv":[6.75,7.25,7.25,9],"texture":"#0"},"west":{"uv":[7,9,6,10.75],"texture":"#0"},"up":{"uv":[5.25,7.25,5.75,8.25],"texture":"#0"},"down":{"uv":[5.25,7.25,5.75,8.25],"texture":"#0"}}},{"from":[12.75,4,8.5],"to":[13.25,5.5,12],"rotation":{"angle":-22.5,"axis":"z","origin":[9,2.75,10.75]},"faces":{"north":{"uv":[3.5,12,3.75,12.75],"texture":"#0"},"east":{"uv":[3.75,12.75,5.5,13.5],"texture":"#0"},"south":{"uv":[3.5,14.5,3.75,15.25],"texture":"#0"},"west":{"uv":[3.75,12,5.5,12.75],"texture":"#0"},"up":{"uv":[3.75,13.5,4,15.25],"texture":"#0"},"down":{"uv":[3.5,12.75,3.75,14.5],"texture":"#0"}}},{"from":[8.25,4,11.5],"to":[12.75,5.5,12],"rotation":{"angle":-22.5,"axis":"z","origin":[9,2.75,10.75]},"faces":{"north":{"uv":[6.25,11,8.5,11.75],"texture":"#0"},"east":{"uv":[6,10.75,6.25,11.5],"texture":"#0"},"south":{"uv":[7.25,12,9.5,12.75],"texture":"#0"},"west":{"uv":[6,10.75,6.25,11.5],"texture":"#0"},"up":{"uv":[7.25,10.75,9.5,11],"texture":"#0"},"down":{"uv":[7.25,11.75,9.5,12],"texture":"#0"}}},{"from":[3.25,4,11.5],"to":[7.75,5.5,12],"rotation":{"angle":22.5,"axis":"z","origin":[7,2.75,10.75]},"faces":{"north":{"uv":[8.5,11,6.25,11.75],"texture":"#0"},"east":{"uv":[6.25,10.75,6,11.5],"texture":"#0"},"south":{"uv":[9.5,12,7.25,12.75],"texture":"#0"},"west":{"uv":[6.25,10.75,6,11.5],"texture":"#0"},"up":{"uv":[9.5,10.75,7.25,11],"texture":"#0"},"down":{"uv":[9.5,11.75,7.25,12],"texture":"#0"}}},{"from":[2.75,4,8.5],"to":[3.25,5.5,12],"rotation":{"angle":22.5,"axis":"z","origin":[7,2.75,10.75]},"faces":{"north":{"uv":[3.75,12,3.5,12.75],"texture":"#0"},"east":{"uv":[5.5,12,3.75,12.75],"texture":"#0"},"south":{"uv":[3.75,14.5,3.5,15.25],"texture":"#0"},"west":{"uv":[5.5,12.75,3.75,13.5],"texture":"#0"},"up":{"uv":[4,13.5,3.75,15.25],"texture":"#0"},"down":{"uv":[3.75,12.75,3.5,14.5],"texture":"#0"}}},{"from":[7,5.5,6.25],"to":[9,10.5,9.75],"rotation":{"angle":0,"axis":"y","origin":[0,6,7]},"faces":{"north":{"uv":[2.75,9.5,3.75,12],"texture":"#0"},"east":{"uv":[1,9.5,2.75,12],"texture":"#0"},"south":{"uv":[10.5,7.75,11.5,10.25],"texture":"#0"},"west":{"uv":[2.75,9.5,1,12],"texture":"#0"},"up":{"uv":[0,9.5,1,11.25],"texture":"#0"},"down":{"uv":[0,9.5,1,11.25],"texture":"#0"}}},{"from":[7.25,5.6,9.05],"to":[8.75,9.6,10.55],"rotation":{"angle":-22.5,"axis":"x","origin":[8,7.75,10]},"faces":{"north":{"uv":[2.5,7.5,3.25,9.5],"texture":"#0"},"east":{"uv":[3.25,7.5,5.25,8.25],"rotation":90,"texture":"#0"},"south":{"uv":[3.25,7.5,2.5,9.5],"texture":"#0"},"west":{"uv":[3.25,8.25,5.25,7.5],"rotation":90,"texture":"#0"},"up":{"uv":[3.75,8.25,4.5,9],"texture":"#0"},"down":{"uv":[3.75,8.25,4.5,9],"texture":"#0"}}},{"from":[7.5,6.6,10.55],"to":[8.5,7.6,12.05],"rotation":{"angle":-22.5,"axis":"x","origin":[8,7.75,10]},"faces":{"north":{"uv":[3.25,8.25,3.75,8.75],"texture":"#0"},"east":{"uv":[5,8.25,5.5,9],"rotation":90,"texture":"#0"},"south":{"uv":[3.25,8.25,3.75,8.75],"texture":"#0"},"west":{"uv":[5,8.25,5.5,9],"rotation":90,"texture":"#0"},"up":{"uv":[3,7,3.75,7.5],"rotation":90,"texture":"#0"},"down":{"uv":[4.5,8.25,5,9],"texture":"#0"}}},{"from":[7.75,7.48988,11.29266],"to":[8.25,8.98988,12.29266],"rotation":{"angle":22.5,"axis":"x","origin":[8,7.45,12.3]},"faces":{"north":{"uv":[5.5,8.25,5.75,9],"rotation":180,"texture":"#0"},"east":{"uv":[3.25,8.75,3.75,9.5],"rotation":180,"texture":"#0"},"south":{"uv":[3.75,7.25,4.5,7.5],"rotation":90,"texture":"#0"},"west":{"uv":[3.25,8.75,3.75,9.5],"texture":"#0"},"up":{"uv":[2.75,7,3,7.5],"texture":"#0"},"down":{"uv":[2.75,7,3,7.5],"rotation":180,"texture":"#0"}}},{"from":[7.5,8.25,9.25],"to":[8.5,9.25,10.75],"rotation":{"angle":-22.5,"axis":"x","origin":[8,9.4,8.7]},"faces":{"north":{"uv":[3.25,8.25,3.75,8.75],"texture":"#0"},"east":{"uv":[5,8.25,5.5,9],"rotation":90,"texture":"#0"},"south":{"uv":[3.25,8.25,3.75,8.75],"texture":"#0"},"west":{"uv":[5,8.25,5.5,9],"rotation":90,"texture":"#0"},"up":{"uv":[3,7,3.75,7.5],"rotation":90,"texture":"#0"},"down":{"uv":[4.5,8.25,5,9],"texture":"#0"}}},{"from":[7.75,9.13988,9.99266],"to":[8.25,10.63988,10.99266],"rotation":{"angle":22.5,"axis":"x","origin":[8,9.1,11]},"faces":{"north":{"uv":[5.5,8.25,5.75,9],"rotation":180,"texture":"#0"},"east":{"uv":[3.25,8.75,3.75,9.5],"rotation":180,"texture":"#0"},"south":{"uv":[3.75,7.25,4.5,7.5],"rotation":90,"texture":"#0"},"west":{"uv":[3.25,8.75,3.75,9.5],"texture":"#0"},"up":{"uv":[2.75,7,3,7.5],"texture":"#0"},"down":{"uv":[2.75,7,3,7.5],"rotation":180,"texture":"#0"}}},{"from":[7.25,5.6,5.45],"to":[8.75,9.6,6.95],"rotation":{"angle":22.5,"axis":"x","origin":[8,7.75,6]},"faces":{"north":{"uv":[7.75,8.75,8.5,10.75],"texture":"#0"},"east":{"uv":[7.75,8,9.75,8.75],"rotation":90,"texture":"#0"},"south":{"uv":[7.75,8.75,8.5,10.75],"texture":"#0"},"west":{"uv":[7.75,8.75,9.75,8],"rotation":90,"texture":"#0"},"up":{"uv":[7.75,9.75,7,9],"texture":"#0"},"down":{"uv":[7.75,9.75,7,9],"texture":"#0"}}},{"from":[7.25,10.5,7.25],"to":[8.75,11.5,8.75],"rotation":{"angle":0,"axis":"y","origin":[0,6,7]},"faces":{"north":{"uv":[0.75,12,1.5,12.5],"texture":"#0"},"east":{"uv":[0,12,0.75,12.5],"texture":"#0"},"south":{"uv":[0.75,12,1.5,12.5],"texture":"#0"},"west":{"uv":[0,12,0.75,12.5],"texture":"#0"},"up":{"uv":[0,11.25,0.75,12],"texture":"#0"},"down":{"uv":[0,11.25,0.75,12],"texture":"#0"}}},{"from":[7.75,17.5,6.75],"to":[8.25,19.5,7.25],"rotation":{"angle":45,"axis":"x","origin":[8,17.5,6]},"faces":{"north":{"uv":[3,15,3.25,16],"texture":"#0"},"east":{"uv":[3.25,13.75,3.5,14.75],"texture":"#0"},"south":{"uv":[3.25,15,3.5,16],"texture":"#0"},"west":{"uv":[3.25,13.75,3.5,14.75],"texture":"#0"},"up":{"uv":[3.25,13.5,3.5,13.75],"texture":"#0"},"down":{"uv":[3.25,13.5,3.5,13.75],"texture":"#0"}}},{"from":[7.75,21.5,2.75],"to":[8.25,23.5,3.25],"rotation":{"angle":45,"axis":"x","origin":[8,17.5,6]},"faces":{"north":{"uv":[3,15,3.25,16],"texture":"#0"},"east":{"uv":[3.25,13.75,3.5,14.75],"texture":"#0"},"south":{"uv":[3.25,15,3.5,16],"texture":"#0"},"west":{"uv":[3.25,13.75,3.5,14.75],"texture":"#0"},"up":{"uv":[3.25,13.5,3.5,13.75],"texture":"#0"},"down":{"uv":[3.25,13.5,3.5,13.75],"texture":"#0"}}},{"from":[7.75,18.5,10.75],"to":[8.25,21.5,11.25],"rotation":{"angle":-45,"axis":"x","origin":[8,17.5,10]},"faces":{"north":{"uv":[3,13.5,3.25,15],"texture":"#0"},"east":{"uv":[3,12,3.25,13.5],"texture":"#0"},"south":{"uv":[3.25,12,3.5,13.5],"texture":"#0"},"west":{"uv":[3,12,3.25,13.5],"texture":"#0"},"up":{"uv":[2.5,15.5,2.75,15.75],"texture":"#0"},"down":{"uv":[2.5,15.5,2.75,15.75],"texture":"#0"}}},{"from":[8,18.5,8.25],"to":[8,20.5,10.75],"rotation":{"angle":-45,"axis":"x","origin":[8,17.5,10]},"faces":{"north":{"uv":[3,13.5,3,14.5],"texture":"#0"},"east":{"uv":[8.5,6.75,9.75,7.75],"texture":"#0"},"south":{"uv":[3.25,12,3.25,13],"texture":"#0"},"west":{"uv":[9.75,6.75,8.5,7.75],"texture":"#0"},"up":{"uv":[2.5,14.75,2.5,16],"texture":"#0"},"down":{"uv":[2.5,14.75,2.5,16],"texture":"#0"}}},{"from":[7.5,11.5,7.5],"to":[8.5,25,8.5],"rotation":{"angle":0,"axis":"y","origin":[0,6,7]},"faces":{"north":{"uv":[15,0,15.5,6.75],"texture":"#0"},"east":{"uv":[16,0,15.5,6.75],"texture":"#0"},"south":{"uv":[14.5,0,15,6.75],"texture":"#0"},"west":{"uv":[15.5,0,16,6.75],"texture":"#0"},"up":{"uv":[15.5,6.75,16,7.25],"texture":"#0"},"down":{"uv":[15.5,6.75,16,7.25],"texture":"#0"}}},{"from":[7.75,25,7.75],"to":[8.25,32,8.25],"rotation":{"angle":0,"axis":"y","origin":[0,6,7]},"faces":{"north":{"uv":[2.75,12,3,15.5],"texture":"#0"},"east":{"uv":[2.5,12,2.75,15.5],"texture":"#0"},"south":{"uv":[2.75,12,3,15.5],"texture":"#0"},"west":{"uv":[2.5,12,2.75,15.5],"texture":"#0"},"up":{"uv":[1.25,15.5,1.5,15.75],"texture":"#0"},"down":{"uv":[1.25,15.5,1.5,15.75],"texture":"#0"}}},{"from":[5.25,2,5.25],"to":[10.75,3.5,10.75],"rotation":{"angle":0,"axis":"y","origin":[0,6,7]},"faces":{"north":{"uv":[7.25,4.25,8,7],"rotation":90,"texture":"#0"},"east":{"uv":[3.75,5.25,6.5,6],"texture":"#0"},"south":{"uv":[7.25,4.25,8,7],"rotation":90,"texture":"#0"},"west":{"uv":[3.75,5.25,6.5,6],"texture":"#0"},"up":{"uv":[3.75,2.5,6.5,5.25],"texture":"#0"},"down":{"uv":[3.75,2.5,6.5,5.25],"texture":"#0"}}},{"from":[8.5,4,6.5],"to":[10,10,9.5],"rotation":{"angle":22.5,"axis":"z","origin":[8.75,7,8]},"faces":{"north":{"uv":[9.75,8.75,10.5,11.75],"texture":"#0"},"east":{"uv":[4.5,9,6,12],"texture":"#0"},"south":{"uv":[3.75,9,4.5,12],"texture":"#0"},"west":{"uv":[4.5,9,6,12],"texture":"#0"},"up":{"uv":[4.5,10.5,3.75,9],"texture":"#0"},"down":{"uv":[4.5,10.5,3.75,9],"texture":"#0"}}},{"from":[6,4,6.5],"to":[7.5,10,9.5],"rotation":{"angle":-22.5,"axis":"z","origin":[7.25,7,8]},"faces":{"north":{"uv":[10.5,8.75,9.75,11.75],"texture":"#0"},"east":{"uv":[4.5,9,6,12],"texture":"#0"},"south":{"uv":[4.5,9,3.75,12],"texture":"#0"},"west":{"uv":[6,9,4.5,12],"texture":"#0"},"up":{"uv":[3.75,9,4.5,10.5],"texture":"#0"},"down":{"uv":[3.75,9,4.5,10.5],"texture":"#0"}}},{"from":[10.05,2.4598,4.23995],"to":[10.55,4.4598,4.73995],"rotation":{"angle":22.5,"axis":"x","origin":[17.3,4.5,4]},"faces":{"north":{"uv":[12.25,14,12.5,13],"texture":"#0"},"east":{"uv":[12.5,14,12.75,13],"texture":"#0"},"south":{"uv":[12.75,14,13,13],"texture":"#0"},"west":{"uv":[12.5,14,12.75,13],"texture":"#0"},"up":{"uv":[13.25,13.75,13,14],"rotation":270,"texture":"#0"},"down":{"uv":[13.25,13.75,13,14],"rotation":90,"texture":"#0"}}},{"from":[9.8,2.1,6.5],"to":[10.8,3.6,7.5],"rotation":{"angle":45,"axis":"x","origin":[17.3,6.6,7.5]},"faces":{"north":{"uv":[15.25,13.25,14.75,12.5],"texture":"#0"},"east":{"uv":[14.75,13.25,14.25,12.5],"texture":"#0"},"south":{"uv":[14.25,13.25,13.75,12.5],"texture":"#0"},"west":{"uv":[14.75,13.25,14.25,12.5],"texture":"#0"},"up":{"uv":[14.25,12,14.75,12.5],"rotation":270,"texture":"#0"},"down":{"uv":[14.75,12,15.25,12.5],"rotation":90,"texture":"#0"}}},{"from":[5.25,2.1,6.5],"to":[6.25,3.6,7.5],"rotation":{"angle":45,"axis":"x","origin":[12.75,6.6,7.5]},"faces":{"north":{"uv":[15.25,13.25,14.75,12.5],"texture":"#0"},"east":{"uv":[14.75,13.25,14.25,12.5],"texture":"#0"},"south":{"uv":[14.25,13.25,13.75,12.5],"texture":"#0"},"west":{"uv":[14.75,13.25,14.25,12.5],"texture":"#0"},"up":{"uv":[14.25,12,14.75,12.5],"rotation":270,"texture":"#0"},"down":{"uv":[14.75,12,15.25,12.5],"rotation":90,"texture":"#0"}}},{"from":[5.5,2.4598,4.23995],"to":[6,4.4598,4.73995],"rotation":{"angle":22.5,"axis":"x","origin":[12.75,4.5,4]},"faces":{"north":{"uv":[12.25,14,12.5,13],"texture":"#0"},"east":{"uv":[12.5,14,12.75,13],"texture":"#0"},"south":{"uv":[12.75,14,13,13],"texture":"#0"},"west":{"uv":[12.5,14,12.75,13],"texture":"#0"},"up":{"uv":[13.25,13.75,13,14],"rotation":270,"texture":"#0"},"down":{"uv":[13.25,13.75,13,14],"rotation":90,"texture":"#0"}}},{"from":[7.75,4.5402,2.23995],"to":[8.25,6.5402,2.73995],"rotation":{"angle":-22.5,"axis":"x","origin":[15,4.5,2]},"faces":{"north":{"uv":[12.25,13,12.5,14],"texture":"#0"},"east":{"uv":[12.5,13,12.75,14],"texture":"#0"},"south":{"uv":[12.75,13,13,14],"texture":"#0"},"west":{"uv":[12.5,13,12.75,14],"texture":"#0"},"up":{"uv":[13,13.75,13.25,14],"rotation":90,"texture":"#0"},"down":{"uv":[13,13.75,13.25,14],"rotation":270,"texture":"#0"}}},{"from":[7.5,5.4,4.5],"to":[8.5,6.9,5.5],"rotation":{"angle":-45,"axis":"x","origin":[15,2.4,5.5]},"faces":{"north":{"uv":[15.25,12.5,14.75,13.25],"texture":"#0"},"east":{"uv":[14.75,12.5,14.25,13.25],"texture":"#0"},"south":{"uv":[14.25,12.5,13.75,13.25],"texture":"#0"},"west":{"uv":[14.75,12.5,14.25,13.25],"texture":"#0"},"up":{"uv":[15.25,12,14.75,12.5],"rotation":90,"texture":"#0"},"down":{"uv":[14.75,12,14.25,12.5],"rotation":270,"texture":"#0"}}},{"from":[10,-10,0],"to":[10,5,6],"rotation":{"angle":-22.5,"axis":"y","origin":[9,-2.5,2]},"faces":{"north":{"uv":[0,0,0,3.5],"texture":"#0"},"east":{"uv":[14.25,0,11.25,7.5],"texture":"#0"},"south":{"uv":[0,0,0,3.5],"texture":"#0"},"west":{"uv":[11.25,0,14.25,7.5],"texture":"#0"},"up":{"uv":[0,2.5,0,0],"texture":"#0"},"down":{"uv":[0,2.5,0,0],"texture":"#0"}}},{"from":[6,-10,0],"to":[6,5,6],"rotation":{"angle":22.5,"axis":"y","origin":[7,-2.5,2]},"faces":{"north":{"uv":[0,0,0,3.5],"texture":"#0"},"east":{"uv":[14.25,0,11.25,7.5],"texture":"#0"},"south":{"uv":[0,0,0,3.5],"texture":"#0"},"west":{"uv":[11.25,0,14.25,7.5],"texture":"#0"},"up":{"uv":[0,2.5,0,0],"texture":"#0"},"down":{"uv":[0,2.5,0,0],"texture":"#0"}}},{"from":[8,-7,9],"to":[8,4,15],"faces":{"north":{"uv":[0,0,0,5.5],"texture":"#1"},"east":{"uv":[12,3,6,14],"texture":"#1"},"south":{"uv":[0,0,0,5.5],"texture":"#1"},"west":{"uv":[6,3,12,14],"texture":"#1"},"up":{"uv":[0,0,0,3],"texture":"#1"},"down":{"uv":[0,0,0,3],"texture":"#1"}}},{"from":[2,-7,8],"to":[8,4,8],"faces":{"north":{"uv":[12,3,6,14],"texture":"#1"},"east":{"uv":[0,0,0,5.5],"texture":"#1"},"south":{"uv":[6,3,12,14],"texture":"#1"},"west":{"uv":[0,0,0,5.5],"texture":"#1"},"up":{"uv":[0,0,0,3],"rotation":90,"texture":"#1"},"down":{"uv":[0,0,0,3],"rotation":270,"texture":"#1"}}},{"from":[8,-7,8],"to":[14,4,8],"rotation":{"angle":0,"axis":"y","origin":[16,0,0]},"faces":{"north":{"uv":[6,3,12,14],"texture":"#1"},"east":{"uv":[0,0,0,5.5],"texture":"#1"},"south":{"uv":[12,3,6,14],"texture":"#1"},"west":{"uv":[0,0,0,5.5],"texture":"#1"},"up":{"uv":[0,3,0,0],"rotation":90,"texture":"#1"},"down":{"uv":[0,3,0,0],"rotation":270,"texture":"#1"}}}],"gui_light":"front","display":{"thirdperson_righthand":{"rotation":[0,110,0],"translation":[0,7.25,1.75],"scale":[0.7,0.7,0.7]},"thirdperson_lefthand":{"rotation":[180,-110,180],"translation":[0,6,1.75],"scale":[0.7,0.7,0.7]},"firstperson_righthand":{"rotation":[-175.56,80,170],"translation":[0.5,5,0.5],"scale":[0.5,0.5,0.5]},"firstperson_lefthand":{"rotation":[-175.56,-88,-170],"translation":[0.5,5,0.5],"scale":[0.5,0.5,0.5]},"ground":{"translation":[0,9.75,0],"scale":[0.5,0.5,0.5]},"gui":{"rotation":[-3,-19,-45],"translation":[-0.5,-0.5,-2],"scale":[0.42398,0.42398,0.42398]},"head":{"rotation":[-135.5,0,0],"translation":[0,20.5,4.75],"scale":[0.7,0.7,0.7]},"fixed":{"rotation":[0,0,45],"translation":[1.25,-0.5,0.25],"scale":[0.5,0.5,0.5]}}}