{"credit":"MadebyElo106","textures":{"6":"voxelspawns_megaflintlocks:item/vs_rifle_bayonet"},"elements":[{"from":[7.001,0.001,-2.999],"to":[8.999,1.999,10.999],"rotation":{"angle":0,"axis":"y","origin":[8,1,10]},"faces":{"north":{"uv":[9.5,1,10.5,2],"texture":"#6"},"east":{"uv":[0,0,7,1],"texture":"#6"},"south":{"uv":[9.5,5,10.5,6],"texture":"#6"},"west":{"uv":[0,1,7,2],"texture":"#6"},"up":{"uv":[1,9,0,2],"texture":"#6"},"down":{"uv":[2,2,1,9],"texture":"#6"}}},{"from":[7,-0.30656,10.5412],"to":[9,1.69344,12.5412],"rotation":{"angle":22.5,"axis":"x","origin":[8,0.69344,11.5412]},"faces":{"north":{"uv":[9.5,6,10.5,7],"texture":"#6"},"east":{"uv":[6.5,9.5,7.5,10.5],"texture":"#6"},"south":{"uv":[7.5,9.5,8.5,10.5],"texture":"#6"},"west":{"uv":[9.5,8.5,10.5,9.5],"texture":"#6"},"up":{"uv":[10.5,10.5,9.5,9.5],"texture":"#6"},"down":{"uv":[1.5,10,0.5,11],"texture":"#6"}}},{"from":[6.999,-0.61413,12.08139],"to":[9.001,1.38787,19.08339],"rotation":{"angle":0,"axis":"y","origin":[8,0.38687,10.08239]},"faces":{"north":{"uv":[1.5,10,2.5,11],"texture":"#6"},"east":{"uv":[2,2,5.5,3],"texture":"#6"},"south":{"uv":[10,2,11,3],"texture":"#6"},"west":{"uv":[2,3,5.5,4],"texture":"#6"},"up":{"uv":[3,7.5,2,4],"texture":"#6"},"down":{"uv":[4,4,3,7.5],"texture":"#6"}}},{"from":[7,1.28983,14.46091],"to":[9,3.28983,19.46091],"rotation":{"angle":22.5,"axis":"x","origin":[8,2.28983,9.46091]},"faces":{"north":{"uv":[2.5,10,3.5,11],"texture":"#6"},"east":{"uv":[7,0,9.5,1],"texture":"#6"},"south":{"uv":[10,3,11,4],"texture":"#6"},"west":{"uv":[7,1,9.5,2],"texture":"#6"},"up":{"uv":[6,9.5,5,7],"texture":"#6"},"down":{"uv":[7,7,6,9.5],"texture":"#6"}}},{"from":[6.5,-2.5,-2],"to":[9.5,1.5,-1],"rotation":{"angle":0,"axis":"y","origin":[8,1,10]},"faces":{"north":{"uv":[5,5,6.5,7],"texture":"#6"},"east":{"uv":[8.5,9.5,9,11.5],"texture":"#6"},"south":{"uv":[5.5,2,7,4],"texture":"#6"},"west":{"uv":[3.5,10.5,4,12.5],"texture":"#6"},"up":{"uv":[12,9,10.5,8.5],"texture":"#6"},"down":{"uv":[12,9,10.5,9.5],"texture":"#6"}}},{"from":[7.5,-3.5,-4],"to":[8.5,-1.5,2],"rotation":{"angle":0,"axis":"y","origin":[8,0,10]},"faces":{"north":{"uv":[3,11,3.5,12],"texture":"#6"},"east":{"uv":[6.5,5,9.5,6],"texture":"#6"},"south":{"uv":[11,9.5,11.5,10.5],"texture":"#6"},"west":{"uv":[6.5,6,9.5,7],"texture":"#6"},"up":{"uv":[4,10.5,3.5,7.5],"texture":"#6"},"down":{"uv":[0.5,9,0,12],"texture":"#6"}}},{"from":[7.499,-2.81175,-5.46608],"to":[8.501,-0.80975,-3.46408],"rotation":{"angle":22.5,"axis":"x","origin":[8,-1.81075,-5.46508]},"faces":{"north":{"uv":[10.5,11,11,12],"texture":"#6"},"east":{"uv":[10.5,1,11.5,2],"texture":"#6"},"south":{"uv":[11,10.5,11.5,11.5],"texture":"#6"},"west":{"uv":[10.5,5,11.5,6],"texture":"#6"},"up":{"uv":[1.5,12.5,1,11.5],"texture":"#6"},"down":{"uv":[12,1,11.5,2],"texture":"#6"}}},{"from":[7.498,-3.02953,-7.14265],"to":[8.502,-1.02553,-5.13865],"rotation":{"angle":45,"axis":"x","origin":[8,-2.02753,-5.14065]},"faces":{"north":{"uv":[1.5,11.5,2,12.5],"texture":"#6"},"east":{"uv":[10.5,6,11.5,7],"texture":"#6"},"south":{"uv":[2,11.5,2.5,12.5],"texture":"#6"},"west":{"uv":[6.5,10.5,7.5,11.5],"texture":"#6"},"up":{"uv":[12,3.5,11.5,2.5],"texture":"#6"},"down":{"uv":[12,5,11.5,6],"texture":"#6"}}},{"from":[7.501,-2.80975,1.46608],"to":[8.499,-0.81175,4.46408],"rotation":{"angle":-22.5,"axis":"x","origin":[8,-1.81075,3.46508]},"faces":{"north":{"uv":[11.5,6,12,7],"texture":"#6"},"east":{"uv":[0.5,9,2,10],"texture":"#6"},"south":{"uv":[6.5,11.5,7,12.5],"texture":"#6"},"west":{"uv":[2,9,3.5,10],"texture":"#6"},"up":{"uv":[10,12,9.5,10.5],"texture":"#6"},"down":{"uv":[11,9.5,10.5,11],"texture":"#6"}}},{"from":[6.5,-1.5,3],"to":[9.5,1.5,4],"rotation":{"angle":0,"axis":"y","origin":[8,1,10]},"faces":{"north":{"uv":[7,2,8.5,3.5],"texture":"#6"},"east":{"uv":[10,10.5,10.5,12],"texture":"#6"},"south":{"uv":[7,7,8.5,8.5],"texture":"#6"},"west":{"uv":[0.5,11,1,12.5],"texture":"#6"},"up":{"uv":[2.5,11.5,1,11],"texture":"#6"},"down":{"uv":[12.5,2,11,2.5],"texture":"#6"}}},{"from":[7.5,1.5,-4],"to":[8.5,2.5,10],"rotation":{"angle":0,"axis":"y","origin":[8,1.5,4]},"faces":{"north":{"uv":[11.5,8,12,8.5],"texture":"#6"},"east":{"uv":[4,4,11,4.5],"texture":"#6"},"south":{"uv":[8.5,11.5,9,12],"texture":"#6"},"west":{"uv":[4,4.5,11,5],"texture":"#6"},"up":{"uv":[4.5,12,4,5],"texture":"#6"},"down":{"uv":[5,5,4.5,12],"texture":"#6"}}},{"from":[7,1,-5],"to":[9,3,-4],"rotation":{"angle":0,"axis":"y","origin":[8,1.5,4]},"faces":{"north":{"uv":[10.5,7,11.5,8],"texture":"#6"},"east":{"uv":[7,11.5,7.5,12.5],"texture":"#6"},"south":{"uv":[7.5,10.5,8.5,11.5],"texture":"#6"},"west":{"uv":[11.5,7,12,8],"texture":"#6"},"up":{"uv":[12.5,4,11.5,3.5],"texture":"#6"},"down":{"uv":[8.5,11.5,7.5,12],"texture":"#6"}}},{"from":[6.5,0.5,-6],"to":[9.5,3.5,-5],"rotation":{"angle":0,"axis":"y","origin":[8,1.5,4]},"faces":{"north":{"uv":[2,7.5,3.5,9],"texture":"#6"},"east":{"uv":[2.5,11,3,12.5],"texture":"#6"},"south":{"uv":[8.5,2,10,3.5],"texture":"#6"},"west":{"uv":[11,2.5,11.5,4],"texture":"#6"},"up":{"uv":[12.5,4.5,11,4],"texture":"#6"},"down":{"uv":[12.5,4.5,11,5],"texture":"#6"}}},{"from":[8,-2,8],"to":[8,0,12],"rotation":{"angle":0,"axis":"y","origin":[8,1,10]},"faces":{"north":{"uv":[0,0,0,1],"texture":"#6"},"east":{"uv":[7,8.5,9,9.5],"texture":"#6"},"south":{"uv":[0,0,0,1],"texture":"#6"},"west":{"uv":[8.5,7,10.5,8],"texture":"#6"},"up":{"uv":[0,2,0,0],"texture":"#6"},"down":{"uv":[0,0,0,2],"texture":"#6"}}},{"from":[8,2,10.001],"to":[9,3,10.001],"rotation":{"angle":0,"axis":"y","origin":[8,1,10]},"faces":{"north":{"uv":[9,11.5,9.5,12],"texture":"#6"},"east":{"uv":[0,0,0,0.5],"texture":"#6"},"south":{"uv":[11.5,9.5,12,10],"texture":"#6"},"west":{"uv":[0,0,0,0.5],"texture":"#6"},"up":{"uv":[0.5,0,0,0],"texture":"#6"},"down":{"uv":[0.5,0,0,0],"texture":"#6"}}},{"from":[6.751,-0.249,4.999],"to":[7.751,0.751,9.999],"rotation":{"angle":0,"axis":"y","origin":[6.001,-14.999,10.999]},"faces":{"north":{"uv":[11.5,10,12,10.5],"texture":"#6"},"east":{"uv":[9.5,0,12,0.5],"texture":"#6"},"south":{"uv":[11.5,10.5,12,11],"texture":"#6"},"west":{"uv":[9.5,0.5,12,1],"texture":"#6"},"up":{"uv":[6,12,5.5,9.5],"texture":"#6"},"down":{"uv":[6.5,9.5,6,12],"texture":"#6"}}},{"from":[7.3,1.3,1.8],"to":[8.7,2.7,7.2],"rotation":{"angle":0,"axis":"y","origin":[-14.5,-7.5,10]},"faces":{"north":{"uv":[11,11.5,11.5,12],"texture":"#6"},"east":{"uv":[7,3.5,9.5,4],"texture":"#6"},"south":{"uv":[11.5,11,12,11.5],"texture":"#6"},"west":{"uv":[8.5,8,11,8.5],"texture":"#6"},"up":{"uv":[9.5,11,9,8.5],"texture":"#6"},"down":{"uv":[5.5,9.5,5,12.5],"texture":"#6"}}}],"gui_light":"front","display":{"thirdperson_righthand":{"rotation":[80,0,0],"translation":[0,4,7.75]},"thirdperson_lefthand":{"rotation":[80,0,0],"translation":[0,4,7.75]},"firstperson_righthand":{"rotation":[5,5,0],"translation":[2,7.5,0.5],"scale":[0.6,0.6,0.6]},"firstperson_lefthand":{"rotation":[5,5,0],"translation":[2,7.5,0.5],"scale":[0.6,0.6,0.6]},"ground":{"rotation":[-45,0,0],"translation":[0,4.25,-1.25],"scale":[0.5,0.5,0.5]},"gui":{"rotation":[90,-52,90],"translation":[-4.75,2,0],"scale":[0.63,0.63,0.63]},"fixed":{"rotation":[90,45,-90],"translation":[7.5,2.5,-1]}}}