{"credit":"Made by Elo106","textures":{"10":"voxelspawns_megaflintlocks:item/vs_rifle_alchemy3"},"elements":[{"from":[7.001,0.001,-1.999],"to":[8.999,1.999,10.999],"rotation":{"angle":0,"axis":"y","origin":[8,1,10]},"faces":{"north":{"uv":[11,2,12,3],"texture":"#10"},"east":{"uv":[0,0,6.5,1],"texture":"#10"},"south":{"uv":[11,3,12,4],"texture":"#10"},"west":{"uv":[0,1,6.5,2],"texture":"#10"},"up":{"uv":[1,8.5,0,2],"texture":"#10"},"down":{"uv":[2,2,1,8.5],"texture":"#10"}}},{"from":[6.9,0.4,2.9],"to":[9.1,1.6,9.1],"rotation":{"angle":0,"axis":"y","origin":[8,1,10]},"faces":{"north":{"uv":[12,2.5,13,3],"texture":"#10"},"east":{"uv":[10,7.5,13,8],"texture":"#10"},"south":{"uv":[12,3,13,3.5],"texture":"#10"},"west":{"uv":[10,8,13,8.5],"texture":"#10"},"up":{"uv":[3.5,10,2.5,7],"texture":"#10"},"down":{"uv":[4.5,7,3.5,10],"texture":"#10"}}},{"from":[6.5,0,10.5],"to":[9.5,3,13.5],"rotation":{"angle":22.5,"axis":"x","origin":[8,4,14]},"faces":{"north":{"uv":[7,7.5,8.5,9],"texture":"#10"},"east":{"uv":[8,2,9.5,3.5],"texture":"#10"},"south":{"uv":[8,5,9.5,6.5],"texture":"#10"},"west":{"uv":[0,8.5,1.5,10],"texture":"#10"},"up":{"uv":[10,8,8.5,6.5],"texture":"#10"},"down":{"uv":[10,8,8.5,9.5],"texture":"#10"}}},{"from":[6.3,-0.2,10.3],"to":[9.7,3.2,13.7],"rotation":{"angle":22.5,"axis":"x","origin":[8,4,14]},"faces":{"north":{"uv":[7,9,8.5,10.5],"texture":"#10"},"east":{"uv":[9.5,1,11,2.5],"texture":"#10"},"south":{"uv":[9.5,2.5,11,4],"texture":"#10"},"west":{"uv":[9.5,4,11,5.5],"texture":"#10"},"up":{"uv":[10,11,8.5,9.5],"texture":"#10"},"down":{"uv":[1.5,10,0,11.5],"texture":"#10"}}},{"from":[7.5,3,11.5],"to":[8.5,5,12.5],"rotation":{"angle":22.5,"axis":"x","origin":[8,4,14]},"faces":{"north":{"uv":[11,5,11.5,5.5],"texture":"#10"},"east":{"uv":[9.5,11,10,11.5],"texture":"#10"},"south":{"uv":[6.5,12.5,7,13],"texture":"#10"},"west":{"uv":[7,12.5,7.5,13],"texture":"#10"},"up":{"uv":[8,13,7.5,12.5],"texture":"#10"},"down":{"uv":[8.5,12.5,8,13],"texture":"#10"}}},{"from":[8,5,8.5],"to":[8,10,13.5],"rotation":{"angle":22.5,"axis":"x","origin":[8,4,14]},"faces":{"north":{"uv":[0,0,0,2.5],"texture":"#10"},"east":{"uv":[2,2,4.5,4.5],"texture":"#10"},"south":{"uv":[0,0,0,2.5],"texture":"#10"},"west":{"uv":[2,2,4.5,4.5],"texture":"#10"},"up":{"uv":[0,2.5,0,0],"texture":"#10"},"down":{"uv":[0,0,0,2.5],"texture":"#10"}}},{"from":[7.001,4.001,11.001],"to":[8.999,4.999,12.999],"rotation":{"angle":22.5,"axis":"x","origin":[8,4,14]},"faces":{"north":{"uv":[12,3.5,13,4],"texture":"#10"},"east":{"uv":[12,4,13,4.5],"texture":"#10"},"south":{"uv":[12,4.5,13,5],"texture":"#10"},"west":{"uv":[12,6.5,13,7],"texture":"#10"},"up":{"uv":[12,5,11,4],"texture":"#10"},"down":{"uv":[9.5,11,8.5,12],"texture":"#10"}}},{"from":[4.5,1.05101,0.10688],"to":[5.5,3.05101,1.10688],"rotation":{"angle":-45,"axis":"z","origin":[8,-2.44899,3.10688]},"faces":{"north":{"uv":[8,6.5,8.5,7.5],"texture":"#10"},"east":{"uv":[1.5,8.5,2,9.5],"texture":"#10"},"south":{"uv":[9,1,9.5,2],"texture":"#10"},"west":{"uv":[1.5,9.5,2,10.5],"texture":"#10"},"up":{"uv":[9,13,8.5,12.5],"texture":"#10"},"down":{"uv":[13,8.5,12.5,9],"texture":"#10"}}},{"from":[4,3.05101,-0.39312],"to":[6,4.05101,1.60688],"rotation":{"angle":-45,"axis":"z","origin":[8,-2.44899,3.10688]},"faces":{"north":{"uv":[12,7,13,7.5],"texture":"#10"},"east":{"uv":[8.5,12,9.5,12.5],"texture":"#10"},"south":{"uv":[11.5,12,12.5,12.5],"texture":"#10"},"west":{"uv":[0,12.5,1,13],"texture":"#10"},"up":{"uv":[1,12.5,0,11.5],"texture":"#10"},"down":{"uv":[2,11.5,1,12.5],"texture":"#10"}}},{"from":[10,3.05101,-0.39312],"to":[12,4.05101,1.60688],"rotation":{"angle":45,"axis":"z","origin":[8,-2.44899,3.10688]},"faces":{"north":{"uv":[1,12.5,2,13],"texture":"#10"},"east":{"uv":[12.5,1,13.5,1.5],"texture":"#10"},"south":{"uv":[12.5,1.5,13.5,2],"texture":"#10"},"west":{"uv":[2.5,12.5,3.5,13],"texture":"#10"},"up":{"uv":[3.5,12.5,2.5,11.5],"texture":"#10"},"down":{"uv":[4.5,11.5,3.5,12.5],"texture":"#10"}}},{"from":[10.5,1.05101,0.10688],"to":[11.5,3.05101,1.10688],"rotation":{"angle":45,"axis":"z","origin":[8,-2.44899,3.10688]},"faces":{"north":{"uv":[1.5,10.5,2,11.5],"texture":"#10"},"east":{"uv":[3.5,12.5,4,13.5],"texture":"#10"},"south":{"uv":[4,12.5,4.5,13.5],"texture":"#10"},"west":{"uv":[4.5,12.5,5,13.5],"texture":"#10"},"up":{"uv":[9.5,13,9,12.5],"texture":"#10"},"down":{"uv":[13,9,12.5,9.5],"texture":"#10"}}},{"from":[7,-0.30656,10.5412],"to":[9,1.69344,12.5412],"rotation":{"angle":22.5,"axis":"x","origin":[8,0.69344,11.5412]},"faces":{"north":{"uv":[4.5,11.5,5.5,12.5],"texture":"#10"},"east":{"uv":[11.5,5,12.5,6],"texture":"#10"},"south":{"uv":[5.5,11.5,6.5,12.5],"texture":"#10"},"west":{"uv":[6.5,11.5,7.5,12.5],"texture":"#10"},"up":{"uv":[8.5,12.5,7.5,11.5],"texture":"#10"},"down":{"uv":[12.5,8.5,11.5,9.5],"texture":"#10"}}},{"from":[6.999,-0.61413,12.08139],"to":[9.001,1.38787,19.08339],"rotation":{"angle":0,"axis":"y","origin":[8,0.38687,10.08239]},"faces":{"north":{"uv":[9.5,11.5,10.5,12.5],"texture":"#10"},"east":{"uv":[4.5,2,8,3],"texture":"#10"},"south":{"uv":[11.5,9.5,12.5,10.5],"texture":"#10"},"west":{"uv":[4.5,3,8,4],"texture":"#10"},"up":{"uv":[5.5,7.5,4.5,4],"texture":"#10"},"down":{"uv":[6.5,4,5.5,7.5],"texture":"#10"}}},{"from":[7,1.28983,14.46091],"to":[9,3.28983,19.46091],"rotation":{"angle":22.5,"axis":"x","origin":[8,2.28983,9.46091]},"faces":{"north":{"uv":[10.5,11.5,11.5,12.5],"texture":"#10"},"east":{"uv":[6.5,1,9,2],"texture":"#10"},"south":{"uv":[11.5,10.5,12.5,11.5],"texture":"#10"},"west":{"uv":[7,4,9.5,5],"texture":"#10"},"up":{"uv":[8,7.5,7,5],"texture":"#10"},"down":{"uv":[5.5,7.5,4.5,10],"texture":"#10"}}},{"from":[6.5,-0.5,-1],"to":[9.5,1.5,0],"rotation":{"angle":0,"axis":"y","origin":[8,1,10]},"faces":{"north":{"uv":[10,8.5,11.5,9.5],"texture":"#10"},"east":{"uv":[5,12.5,5.5,13.5],"texture":"#10"},"south":{"uv":[10,9.5,11.5,10.5],"texture":"#10"},"west":{"uv":[12.5,5,13,6],"texture":"#10"},"up":{"uv":[9.5,4,8,3.5],"texture":"#10"},"down":{"uv":[13,6,11.5,6.5],"texture":"#10"}}},{"from":[6.5,-0.5,1.5],"to":[9.5,1.5,2.5],"rotation":{"angle":0,"axis":"y","origin":[8,1,10]},"faces":{"north":{"uv":[5.5,10.5,7,11.5],"texture":"#10"},"east":{"uv":[5.5,12.5,6,13.5],"texture":"#10"},"south":{"uv":[7,10.5,8.5,11.5],"texture":"#10"},"west":{"uv":[6,12.5,6.5,13.5],"texture":"#10"},"up":{"uv":[13,12,11.5,11.5],"texture":"#10"},"down":{"uv":[13.5,2,12,2.5],"texture":"#10"}}},{"from":[7.5,1.5,-3],"to":[8.5,2.5,10],"rotation":{"angle":0,"axis":"y","origin":[8,1.5,4]},"faces":{"north":{"uv":[9.5,12.5,10,13],"texture":"#10"},"east":{"uv":[6.5,0,13,0.5],"texture":"#10"},"south":{"uv":[12.5,9.5,13,10],"texture":"#10"},"west":{"uv":[6.5,0.5,13,1],"texture":"#10"},"up":{"uv":[7,10.5,6.5,4],"texture":"#10"},"down":{"uv":[2.5,7,2,13.5],"texture":"#10"}}},{"from":[6.5,0.5,-5],"to":[9.5,3.5,-3],"rotation":{"angle":0,"axis":"y","origin":[8,1.5,4]},"faces":{"north":{"uv":[2.5,10,4,11.5],"texture":"#10"},"east":{"uv":[5.5,7.5,6.5,9],"texture":"#10"},"south":{"uv":[4,10,5.5,11.5],"texture":"#10"},"west":{"uv":[5.5,9,6.5,10.5],"texture":"#10"},"up":{"uv":[11.5,11.5,10,10.5],"texture":"#10"},"down":{"uv":[12.5,1,11,2],"texture":"#10"}}},{"from":[8,-2,8],"to":[8,0,12],"rotation":{"angle":0,"axis":"y","origin":[8,1,10]},"faces":{"north":{"uv":[0,0,0,1],"texture":"#10"},"east":{"uv":[12,6.5,10,7.5],"texture":"#10"},"south":{"uv":[0,0,0,1],"texture":"#10"},"west":{"uv":[10,6.5,12,7.5],"texture":"#10"},"up":{"uv":[0,2,0,0],"texture":"#10"},"down":{"uv":[0,0,0,2],"texture":"#10"}}}],"gui_light":"front","display":{"thirdperson_righthand":{"rotation":[80,0,0],"translation":[0,4,7.75]},"thirdperson_lefthand":{"rotation":[80,0,0],"translation":[0,4,7.75]},"firstperson_righthand":{"rotation":[5,5,0],"translation":[2,7.5,0.5],"scale":[0.6,0.6,0.6]},"firstperson_lefthand":{"rotation":[5,5,0],"translation":[2,7.5,0.5],"scale":[0.6,0.6,0.6]},"ground":{"rotation":[-45,0,0],"translation":[0,4.25,-1.25],"scale":[0.5,0.5,0.5]},"gui":{"rotation":[90,-52,90],"translation":[-4.75,2,0],"scale":[0.63,0.63,0.63]},"fixed":{"rotation":[90,45,-90],"translation":[7.5,2.5,-1]}}}