{"credit":"MadebyElo106","textures":{"4":"voxelspawns_megaflintlocks:item/vs_snipe"},"elements":[{"from":[7,0,-6],"to":[9,2,11],"rotation":{"angle":0,"axis":"y","origin":[8,1,10]},"faces":{"north":{"uv":[9,5.5,10,6.5],"texture":"#4"},"east":{"uv":[0,0,8.5,1],"texture":"#4"},"south":{"uv":[9,7,10,8],"texture":"#4"},"west":{"uv":[0,1,8.5,2],"texture":"#4"},"up":{"uv":[1,10.5,0,2],"texture":"#4"},"down":{"uv":[2,2,1,10.5],"texture":"#4"}}},{"from":[7,-0.30656,10.5412],"to":[9,1.69344,12.5412],"rotation":{"angle":22.5,"axis":"x","origin":[8,0.69344,11.5412]},"faces":{"north":{"uv":[7.5,9,8.5,10],"texture":"#4"},"east":{"uv":[8.5,9,9.5,10],"texture":"#4"},"south":{"uv":[9.5,8,10.5,9],"texture":"#4"},"west":{"uv":[9.5,9,10.5,10],"texture":"#4"},"up":{"uv":[6,11,5,10],"texture":"#4"},"down":{"uv":[11,5.5,10,6.5],"texture":"#4"}}},{"from":[6.999,-0.61413,12.08139],"to":[9.001,1.38787,19.08339],"rotation":{"angle":0,"axis":"y","origin":[8,0.38687,10.08239]},"faces":{"north":{"uv":[10,7,11,8],"texture":"#4"},"east":{"uv":[3,3,6.5,4],"texture":"#4"},"south":{"uv":[7.5,10,8.5,11],"texture":"#4"},"west":{"uv":[3,4,6.5,5],"texture":"#4"},"up":{"uv":[4,8.5,3,5],"texture":"#4"},"down":{"uv":[5,5,4,8.5],"texture":"#4"}}},{"from":[7,1.28983,14.46091],"to":[9,3.28983,19.46091],"rotation":{"angle":22.5,"axis":"x","origin":[8,2.28983,9.46091]},"faces":{"north":{"uv":[8.5,10,9.5,11],"texture":"#4"},"east":{"uv":[6.5,7,9,8],"texture":"#4"},"south":{"uv":[9.5,10,10.5,11],"texture":"#4"},"west":{"uv":[8,3,10.5,4],"texture":"#4"},"up":{"uv":[9,6.5,8,4],"texture":"#4"},"down":{"uv":[7.5,8,6.5,10.5],"texture":"#4"}}},{"from":[6.5,-0.5,-3],"to":[9.5,1.5,-2],"rotation":{"angle":0,"axis":"y","origin":[8,1,10]},"faces":{"north":{"uv":[9,4.5,10.5,5.5],"texture":"#4"},"east":{"uv":[1.5,10.5,2,11.5],"texture":"#4"},"south":{"uv":[5,9,6.5,10],"texture":"#4"},"west":{"uv":[6.5,10.5,7,11.5],"texture":"#4"},"up":{"uv":[12,0.5,10.5,0],"texture":"#4"},"down":{"uv":[12,0.5,10.5,1],"texture":"#4"}}},{"from":[6.501,-0.999,2.001],"to":[9.499,2.999,2.999],"rotation":{"angle":0,"axis":"y","origin":[8,1,10]},"faces":{"north":{"uv":[5,5,6.5,7],"texture":"#4"},"east":{"uv":[6,10,6.5,12],"texture":"#4"},"south":{"uv":[6.5,3,8,5],"texture":"#4"},"west":{"uv":[0,10.5,0.5,12.5],"texture":"#4"},"up":{"uv":[12,3.5,10.5,3],"texture":"#4"},"down":{"uv":[12,3.5,10.5,4],"texture":"#4"}}},{"from":[7.5,1.5,-8],"to":[8.5,2.5,10],"rotation":{"angle":0,"axis":"y","origin":[8,1.5,4]},"faces":{"north":{"uv":[7,10.5,7.5,11],"texture":"#4"},"east":{"uv":[2,2,11,2.5],"texture":"#4"},"south":{"uv":[10.5,8,11,8.5],"texture":"#4"},"west":{"uv":[2,2.5,11,3],"texture":"#4"},"up":{"uv":[2.5,12,2,3],"texture":"#4"},"down":{"uv":[3,3,2.5,12],"texture":"#4"}}},{"from":[7.501,3.001,1.001],"to":[8.499,3.999,7.999],"rotation":{"angle":0,"axis":"y","origin":[8,1.5,4]},"faces":{"north":{"uv":[10.5,8.5,11,9],"texture":"#4"},"east":{"uv":[8,6.5,11.5,7],"texture":"#4"},"south":{"uv":[10.5,9,11,9.5],"texture":"#4"},"west":{"uv":[8.5,1,12,1.5],"texture":"#4"},"up":{"uv":[3.5,12,3,8.5],"texture":"#4"},"down":{"uv":[4,8.5,3.5,12],"texture":"#4"}}},{"from":[8.5,4,8],"to":[7.5,3,1],"rotation":{"angle":0,"axis":"y","origin":[6,2.5,11]},"faces":{"north":{"uv":[10.5,9.5,11,10],"texture":"#4"},"east":{"uv":[8.5,1.5,12,2],"texture":"#4"},"south":{"uv":[10.5,10,11,10.5],"texture":"#4"},"west":{"uv":[9,4,12.5,4.5],"texture":"#4"},"up":{"uv":[4.5,12,4,8.5],"texture":"#4"},"down":{"uv":[5,8.5,4.5,12],"texture":"#4"}}},{"from":[6.501,-0.999,6.001],"to":[9.499,2.999,6.999],"rotation":{"angle":0,"axis":"y","origin":[8,1.5,4]},"faces":{"north":{"uv":[6.5,5,8,7],"texture":"#4"},"east":{"uv":[0.5,10.5,1,12.5],"texture":"#4"},"south":{"uv":[5,7,6.5,9],"texture":"#4"},"west":{"uv":[1,10.5,1.5,12.5],"texture":"#4"},"up":{"uv":[12,5,10.5,4.5],"texture":"#4"},"down":{"uv":[12,5,10.5,5.5],"texture":"#4"}}},{"from":[7.5,0.5,-7],"to":[8.5,1.5,-6],"rotation":{"angle":0,"axis":"y","origin":[8,1.5,4]},"faces":{"north":{"uv":[10.5,10.5,11,11],"texture":"#4"},"east":{"uv":[11,2,11.5,2.5],"texture":"#4"},"south":{"uv":[11,2.5,11.5,3],"texture":"#4"},"west":{"uv":[5,11,5.5,11.5],"texture":"#4"},"up":{"uv":[6,11.5,5.5,11],"texture":"#4"},"down":{"uv":[11.5,5.5,11,6],"texture":"#4"}}},{"from":[8,-2,8],"to":[8,0,12],"rotation":{"angle":0,"axis":"y","origin":[8,1,10]},"faces":{"north":{"uv":[0,0,0,1],"texture":"#4"},"east":{"uv":[7.5,8,9.5,9],"texture":"#4"},"south":{"uv":[0,0,0,1],"texture":"#4"},"west":{"uv":[8.5,0,10.5,1],"texture":"#4"},"up":{"uv":[0,2,0,0],"texture":"#4"},"down":{"uv":[0,0,0,2],"texture":"#4"}}},{"from":[8,2,10.001],"to":[9,3,10.001],"rotation":{"angle":0,"axis":"y","origin":[8,1,10]},"faces":{"north":{"uv":[11,6,11.5,6.5],"texture":"#4"},"east":{"uv":[0,0,0,0.5],"texture":"#4"},"south":{"uv":[7,11,7.5,11.5],"texture":"#4"},"west":{"uv":[0,0,0,0.5],"texture":"#4"},"up":{"uv":[0.5,0,0,0],"texture":"#4"},"down":{"uv":[0.5,0,0,0],"texture":"#4"}}}],"gui_light":"front","display":{"thirdperson_righthand":{"rotation":[80,0,0],"translation":[0,4,7.75]},"thirdperson_lefthand":{"rotation":[80,0,0],"translation":[0,4,7.75]},"firstperson_righthand":{"rotation":[5,5,0],"translation":[2,7.5,0.5],"scale":[0.6,0.6,0.6]},"firstperson_lefthand":{"rotation":[5,5,0],"translation":[2,7.5,0.5],"scale":[0.6,0.6,0.6]},"ground":{"rotation":[-45,0,0],"translation":[0,4.25,-1.25],"scale":[0.5,0.5,0.5]},"gui":{"rotation":[90,-52,90],"translation":[-4.75,2,0],"scale":[0.63,0.63,0.63]},"fixed":{"rotation":[90,45,-90],"translation":[7.5,2.5,-1]}}}