{"credit":"Made with Blockbench","texture_size":[64,64],"textures":{"2":"furnicraft:long_cabinet"},"elements":[{"from":[-16,14,0],"to":[16,16,16],"rotation":{"angle":0,"axis":"y","origin":[8,0,0]},"faces":{"north":{"uv":[7.25,14,15.25,14.5],"texture":"#2"},"east":{"uv":[0,15,4,15.5],"texture":"#2"},"south":{"uv":[7.25,14.5,15.25,15],"texture":"#2"},"west":{"uv":[4,15,8,15.5],"texture":"#2"},"up":{"uv":[8,4,0,0],"texture":"#2"},"down":{"uv":[8,4,0,8],"texture":"#2"}}},{"from":[0,0,1],"to":[15,14,15],"rotation":{"angle":0,"axis":"y","origin":[8,0,0]},"faces":{"north":{"uv":[0,8,3.75,11.5],"texture":"#2"},"east":{"uv":[3.75,11.5,7.25,15],"texture":"#2"},"south":{"uv":[8,0,11.75,3.5],"texture":"#2"},"west":{"uv":[11.75,0,15.25,3.5],"texture":"#2"},"up":{"uv":[11.75,7,8,3.5],"texture":"#2"},"down":{"uv":[7.5,8,3.75,11.5],"texture":"#2"}}},{"from":[-15,0,1],"to":[0,14,15],"rotation":{"angle":0,"axis":"y","origin":[8,0,0]},"faces":{"north":{"uv":[8,7,11.75,10.5],"texture":"#2"},"east":{"uv":[11.75,3.5,15.25,7],"texture":"#2"},"south":{"uv":[7.5,10.5,11.25,14],"texture":"#2"},"west":{"uv":[11.75,7,15.25,10.5],"texture":"#2"},"up":{"uv":[15,14,11.25,10.5],"texture":"#2"},"down":{"uv":[3.75,11.5,0,15],"texture":"#2"}}}],"display":{"thirdperson_righthand":{"rotation":[75,45,0],"translation":[0,2.5,0],"scale":[0.375,0.375,0.375]},"thirdperson_lefthand":{"rotation":[75,45,0],"translation":[0,2.5,0],"scale":[0.375,0.375,0.375]},"firstperson_righthand":{"rotation":[0,45,0],"scale":[0.4,0.4,0.4]},"firstperson_lefthand":{"rotation":[0,45,0],"scale":[0.4,0.4,0.4]},"ground":{"translation":[0,3,0],"scale":[0.25,0.25,0.25]},"gui":{"rotation":[30,225,0],"translation":[-2.25,-1.5,0],"scale":[0.4,0.4,0.4]},"head":{"translation":[0,-30.5,0],"scale":[1.6,1.6,1.6]},"fixed":{"rotation":[-90,0,0],"translation":[16,0,-16],"scale":[2,2,2]}},"mcmodels":"eb7f8c8edbd8e4abf9806f0d66e1ca4d"}