{"credit":"Made with Blockbench","texture_size":[32,32],"textures":{"2":"furnicraft:potted_flower"},"elements":[{"from":[6,0,6],"to":[10,5,10],"faces":{"north":{"uv":[8,7,10,9.5],"texture":"#2","tintindex":0},"east":{"uv":[8,9.5,10,12],"texture":"#2","tintindex":0},"south":{"uv":[10,7,12,9.5],"texture":"#2","tintindex":0},"west":{"uv":[10,9.5,12,12],"texture":"#2","tintindex":0},"up":{"uv":[2,12.5,0,10.5],"texture":"#2"},"down":{"uv":[4,10.5,2,12.5],"texture":"#2","tintindex":0}}},{"from":[8,3,4],"to":[8,10,12],"rotation":{"angle":0,"axis":"y","origin":[7,-1,7]},"faces":{"north":{"uv":[0,0,0,3.5],"texture":"#2"},"east":{"uv":[0,0,4,3.5],"texture":"#2"},"south":{"uv":[0,0,0,3.5],"texture":"#2"},"west":{"uv":[0,3.5,4,7],"texture":"#2"},"up":{"uv":[0,4,0,0],"texture":"#2"},"down":{"uv":[0,0,0,4],"texture":"#2"}}},{"from":[4,3,8],"to":[12,10,8],"rotation":{"angle":0,"axis":"y","origin":[8,6.5,8]},"faces":{"north":{"uv":[4,0,8,3.5],"texture":"#2"},"east":{"uv":[0,0,0,3.5],"texture":"#2"},"south":{"uv":[4,3.5,8,7],"texture":"#2"},"west":{"uv":[0,0,0,3.5],"texture":"#2"},"up":{"uv":[4,0,0,0],"texture":"#2"},"down":{"uv":[4,0,0,0],"texture":"#2"}}},{"from":[4,3,8],"to":[12,10,8],"rotation":{"angle":-45,"axis":"y","origin":[8,6.5,8]},"faces":{"north":{"uv":[0,7,4,10.5],"texture":"#2"},"east":{"uv":[0,0,0,3.5],"texture":"#2"},"south":{"uv":[4,7,8,10.5],"texture":"#2"},"west":{"uv":[0,0,0,3.5],"texture":"#2"},"up":{"uv":[4,0,0,0],"texture":"#2"},"down":{"uv":[4,0,0,0],"texture":"#2"}}},{"from":[4,3,8],"to":[12,10,8],"rotation":{"angle":45,"axis":"y","origin":[8,6.5,8]},"faces":{"north":{"uv":[8,0,12,3.5],"texture":"#2"},"east":{"uv":[0,0,0,3.5],"texture":"#2"},"south":{"uv":[8,3.5,12,7],"texture":"#2"},"west":{"uv":[0,0,0,3.5],"texture":"#2"},"up":{"uv":[4,0,0,0],"texture":"#2"},"down":{"uv":[4,0,0,0],"texture":"#2"}}}],"display":{"thirdperson_righthand":{"rotation":[75,45,0],"translation":[0,2.5,0],"scale":[0.375,0.375,0.375]},"thirdperson_lefthand":{"rotation":[75,45,0],"translation":[0,2.5,0],"scale":[0.375,0.375,0.375]},"firstperson_righthand":{"rotation":[0,45,0],"scale":[0.4,0.4,0.4]},"firstperson_lefthand":{"rotation":[0,45,0],"scale":[0.4,0.4,0.4]},"ground":{"translation":[0,3,0],"scale":[0.25,0.25,0.25]},"gui":{"rotation":[30,225,0],"translation":[0,2.75,0]},"head":{"translation":[0,-30.5,0],"scale":[1.6,1.6,1.6]},"fixed":{"rotation":[-90,0,0],"translation":[0,0,-16],"scale":[2,2,2]}},"mcmodels":"eb7f8c8edbd8e4abf9806f0d66e1ca4d"}