{"credit":"Made with Blockbench","texture_size":[64,64],"textures":{"1":"furnicraft:wooden_sofa_right"},"elements":[{"from":[0,0,0],"to":[2,5,2],"faces":{"north":{"uv":[2.5,9.75,3,11],"texture":"#1"},"east":{"uv":[3,9.75,3.5,11],"texture":"#1"},"south":{"uv":[4,10.5,4.5,11.75],"texture":"#1"},"west":{"uv":[4.5,10.5,5,11.75],"texture":"#1"},"up":{"uv":[3,11.5,2.5,11],"texture":"#1"},"down":{"uv":[3.5,11,3,11.5],"texture":"#1"}}},{"from":[0,6,0],"to":[2,13,14],"faces":{"north":{"uv":[2,9.75,1.5,11.5],"texture":"#1"},"east":{"uv":[11.5,0,8,1.75],"texture":"#1"},"south":{"uv":[2.5,9.75,2,11.5],"texture":"#1"},"west":{"uv":[3.5,8,0,9.75],"texture":"#1"},"up":{"uv":[3.5,11.5,4,8],"texture":"#1"},"down":{"uv":[0,9.75,0.5,13.25],"texture":"#1"}}},{"from":[0,6,14],"to":[16,20,16],"faces":{"north":{"uv":[8,0,4,3.5],"texture":"#1"},"east":{"uv":[1.5,9.75,1,13.25],"texture":"#1"},"south":{"uv":[8,3.5,4,7],"texture":"#1"},"west":{"uv":[1,9.75,0.5,13.25],"texture":"#1"},"up":{"uv":[8,5.25,12,4.75],"texture":"#1"},"down":{"uv":[8,5.25,12,5.75],"texture":"#1"}}},{"from":[2,6,0],"to":[16,9,14],"rotation":{"angle":0,"axis":"y","origin":[16,0,0]},"faces":{"north":{"uv":[11.5,1.75,8,2.5],"texture":"#1","tintindex":0},"east":{"uv":[11.5,4,8,4.75],"texture":"#1","tintindex":0},"south":{"uv":[11.5,3.25,8,4],"texture":"#1"},"west":{"uv":[11.5,2.5,8,3.25],"texture":"#1","tintindex":0},"up":{"uv":[4,10.5,7.5,7],"texture":"#1","tintindex":0},"down":{"uv":[7.5,7,11,10.5],"texture":"#1"}}},{"from":[14,0,0],"to":[16,5,2],"rotation":{"angle":0,"axis":"y","origin":[16,0,0]},"faces":{"north":{"uv":[5,10.5,5.5,11.75],"texture":"#1"},"east":{"uv":[5.5,10.5,6,11.75],"texture":"#1"},"south":{"uv":[6,10.5,6.5,11.75],"texture":"#1"},"west":{"uv":[6.5,10.5,7,11.75],"texture":"#1"},"up":{"uv":[11.5,7.25,11,6.75],"texture":"#1"},"down":{"uv":[11.5,7.25,11,7.75],"texture":"#1"}}},{"from":[0,5,0],"to":[16,6,16],"rotation":{"angle":0,"axis":"y","origin":[16,0,0]},"faces":{"north":{"uv":[8,5.75,12,6],"texture":"#1"},"east":{"uv":[8,6,12,6.25],"texture":"#1"},"south":{"uv":[8,6.25,12,6.5],"texture":"#1"},"west":{"uv":[8,6.5,12,6.75],"texture":"#1"},"up":{"uv":[4,4,0,0],"texture":"#1"},"down":{"uv":[4,4,0,8],"texture":"#1"}}},{"from":[14,0,14],"to":[16,5,16],"rotation":{"angle":0,"axis":"y","origin":[16,0,16]},"faces":{"north":{"uv":[7,10.5,7.5,11.75],"texture":"#1"},"east":{"uv":[7.5,10.5,8,11.75],"texture":"#1"},"south":{"uv":[8,10.5,8.5,11.75],"texture":"#1"},"west":{"uv":[8.5,10.5,9,11.75],"texture":"#1"},"up":{"uv":[11.5,8.25,11,7.75],"texture":"#1"},"down":{"uv":[11.5,8.25,11,8.75],"texture":"#1"}}},{"from":[0,0,14],"to":[2,5,16],"rotation":{"angle":0,"axis":"y","origin":[0,0,16]},"faces":{"north":{"uv":[9,10.5,9.5,11.75],"texture":"#1"},"east":{"uv":[9.5,10.5,10,11.75],"texture":"#1"},"south":{"uv":[10,10.5,10.5,11.75],"texture":"#1"},"west":{"uv":[10.5,10.5,11,11.75],"texture":"#1"},"up":{"uv":[11.5,9.25,11,8.75],"texture":"#1"},"down":{"uv":[11.5,9.25,11,9.75],"texture":"#1"}}}],"display":{"thirdperson_righthand":{"rotation":[75,45,0],"translation":[0,2.5,0],"scale":[0.375,0.375,0.375]},"thirdperson_lefthand":{"rotation":[75,45,0],"translation":[0,2.5,0],"scale":[0.375,0.375,0.375]},"firstperson_righthand":{"rotation":[0,45,0],"scale":[0.4,0.4,0.4]},"firstperson_lefthand":{"rotation":[0,45,0],"scale":[0.4,0.4,0.4]},"ground":{"translation":[0,3,0],"scale":[0.25,0.25,0.25]},"gui":{"rotation":[30,225,0],"translation":[0,-0.75,0],"scale":[0.5,0.5,0.5]},"head":{"translation":[0,-30.5,0],"scale":[1.6,1.6,1.6]},"fixed":{"rotation":[-90,0,0],"translation":[0,0,-16],"scale":[2,2,2]}},"mcmodels":"eb7f8c8edbd8e4abf9806f0d66e1ca4d"}