{"credit":"Pologony Creation Co.,Ltd.","texture_size":[48,48],"textures":{"2":"darkwitherset:animations/soul_animation_3","3":"darkwitherset:animations/animation_2","6":"darkwitherset:hammer","particle":"darkwitherset:animations/soul_animation_3"},"elements":[{"from":[9.125,17,9.75],"to":[11.875,19.75,12.5],"rotation":{"angle":-22.5,"axis":"z","origin":[10.5,17.5625,11.75]},"faces":{"north":{"uv":[1.66667,7.33333,2.58333,8.25],"texture":"#6"},"east":{"uv":[7.33333,3.33333,8.25,4.25],"texture":"#6"},"south":{"uv":[6.66667,7.33333,7.58333,8.25],"texture":"#6"},"west":{"uv":[0,8,0.91667,8.91667],"texture":"#6"},"up":{"uv":[8.91667,8.25,8,7.33333],"texture":"#6"},"down":{"uv":[9.25,1.33333,8.33333,2.25],"texture":"#6"}}},{"from":[9.625,16.5,12.25],"to":[11.375,17,12.5],"rotation":{"angle":-22.5,"axis":"z","origin":[10.5,17.5625,11.75]},"faces":{"north":{"uv":[0.66667,14.33333,1.25,14.5],"texture":"#6"},"east":{"uv":[8,14.66667,8.08333,14.83333],"texture":"#6"},"south":{"uv":[14.33333,0.66667,14.91667,0.83333],"texture":"#6"},"west":{"uv":[14.66667,8,14.75,8.16667],"texture":"#6"},"down":{"uv":[15.25,3.33333,14.66667,3.41667],"texture":"#6"}}},{"from":[10.375,19.5,12.25],"to":[11.625,20,12.5],"rotation":{"angle":-22.5,"axis":"x","origin":[11,20.4375,11.875]},"faces":{"north":{"uv":[14.66667,0,15.08333,0.16667],"texture":"#6"},"east":{"uv":[9.66667,14.66667,9.75,14.83333],"texture":"#6"},"south":{"uv":[14.66667,2,15.08333,2.16667],"texture":"#6"},"west":{"uv":[11.33333,14.66667,11.41667,14.83333],"texture":"#6"},"down":{"uv":[5.75,14.66667,5.33333,14.75],"texture":"#6"}}},{"from":[10.625,14.25,11.75],"to":[11.375,14.75,12],"rotation":{"angle":22.5,"axis":"z","origin":[11,15.0625,11.5]},"faces":{"north":{"uv":[4,14.66667,4.25,14.83333],"texture":"#6"},"east":{"uv":[14.66667,11.33333,14.75,11.5],"texture":"#6"},"south":{"uv":[4.66667,14.66667,4.91667,14.83333],"texture":"#6"},"west":{"uv":[12,14.66667,12.08333,14.83333],"texture":"#6"},"down":{"uv":[6.58333,14.66667,6.33333,14.75],"texture":"#6"}}},{"from":[9.875,20,10.25],"to":[12.125,22.25,12.5],"rotation":{"angle":-22.5,"axis":"x","origin":[11,20.4375,11.875]},"faces":{"north":{"uv":[7.33333,8.66667,8.08333,9.41667],"texture":"#6"},"east":{"uv":[8.66667,8.66667,9.41667,9.41667],"texture":"#6"},"south":{"uv":[0,9.33333,0.75,10.08333],"texture":"#6"},"west":{"uv":[9.33333,4,10.08333,4.75],"texture":"#6"},"up":{"uv":[10.08333,6.08333,9.33333,5.33333],"texture":"#6"},"down":{"uv":[10.08333,6.66667,9.33333,7.41667],"texture":"#6"}}},{"from":[10.125,14.75,10.25],"to":[11.875,16.5,12],"rotation":{"angle":22.5,"axis":"z","origin":[11,15.0625,11.5]},"faces":{"north":{"uv":[11.33333,0,11.91667,0.58333],"texture":"#6"},"east":{"uv":[3.33333,11.66667,3.91667,12.25],"texture":"#6"},"south":{"uv":[11.66667,4,12.25,4.58333],"texture":"#6"},"west":{"uv":[4.33333,11.66667,4.91667,12.25],"texture":"#6"},"up":{"uv":[12.25,5.58333,11.66667,5],"texture":"#6"},"down":{"uv":[5.91667,11.66667,5.33333,12.25],"texture":"#6"}}},{"from":[4.375,19.5,12.25],"to":[5.625,20,12.5],"rotation":{"angle":-22.5,"axis":"x","origin":[5,20.4375,11.875]},"faces":{"north":{"uv":[15.08333,0,14.66667,0.16667],"texture":"#6"},"east":{"uv":[11.41667,14.66667,11.33333,14.83333],"texture":"#6"},"south":{"uv":[15.08333,2,14.66667,2.16667],"texture":"#6"},"west":{"uv":[9.75,14.66667,9.66667,14.83333],"texture":"#6"},"down":{"uv":[5.33333,14.66667,5.75,14.75],"texture":"#6"}}},{"from":[3.875,20,10.25],"to":[6.125,22.25,12.5],"rotation":{"angle":-22.5,"axis":"x","origin":[5,20.4375,11.875]},"faces":{"north":{"uv":[8.08333,8.66667,7.33333,9.41667],"texture":"#6"},"east":{"uv":[10.08333,4,9.33333,4.75],"texture":"#6"},"south":{"uv":[0.75,9.33333,0,10.08333],"texture":"#6"},"west":{"uv":[9.41667,8.66667,8.66667,9.41667],"texture":"#6"},"up":{"uv":[9.33333,6.08333,10.08333,5.33333],"texture":"#6"},"down":{"uv":[9.33333,6.66667,10.08333,7.41667],"texture":"#6"}}},{"from":[4.125,17,9.75],"to":[6.875,19.75,12.5],"rotation":{"angle":22.5,"axis":"z","origin":[5.5,17.5625,11.75]},"faces":{"north":{"uv":[2.58333,7.33333,1.66667,8.25],"texture":"#6"},"east":{"uv":[0.91667,8,0,8.91667],"texture":"#6"},"south":{"uv":[7.58333,7.33333,6.66667,8.25],"texture":"#6"},"west":{"uv":[8.25,3.33333,7.33333,4.25],"texture":"#6"},"up":{"uv":[8,8.25,8.91667,7.33333],"texture":"#6"},"down":{"uv":[8.33333,1.33333,9.25,2.25],"texture":"#6"}}},{"from":[4.625,16.5,12.25],"to":[6.375,17,12.5],"rotation":{"angle":22.5,"axis":"z","origin":[5.5,17.5625,11.75]},"faces":{"north":{"uv":[1.25,14.33333,0.66667,14.5],"texture":"#6"},"east":{"uv":[14.75,8,14.66667,8.16667],"texture":"#6"},"south":{"uv":[14.91667,0.66667,14.33333,0.83333],"texture":"#6"},"west":{"uv":[8.08333,14.66667,8,14.83333],"texture":"#6"},"down":{"uv":[14.66667,3.33333,15.25,3.41667],"texture":"#6"}}},{"from":[4.125,14.75,10.25],"to":[5.875,16.5,12],"rotation":{"angle":-22.5,"axis":"z","origin":[5,15.0625,11.5]},"faces":{"north":{"uv":[11.91667,0,11.33333,0.58333],"texture":"#6"},"east":{"uv":[4.91667,11.66667,4.33333,12.25],"texture":"#6"},"south":{"uv":[12.25,4,11.66667,4.58333],"texture":"#6"},"west":{"uv":[3.91667,11.66667,3.33333,12.25],"texture":"#6"},"up":{"uv":[11.66667,5.58333,12.25,5],"texture":"#6"},"down":{"uv":[5.33333,11.66667,5.91667,12.25],"texture":"#6"}}},{"from":[4.625,14.25,11.75],"to":[5.375,14.75,12],"rotation":{"angle":-22.5,"axis":"z","origin":[5,15.0625,11.5]},"faces":{"north":{"uv":[4.25,14.66667,4,14.83333],"texture":"#6"},"east":{"uv":[12.08333,14.66667,12,14.83333],"texture":"#6"},"south":{"uv":[4.91667,14.66667,4.66667,14.83333],"texture":"#6"},"west":{"uv":[14.75,11.33333,14.66667,11.5],"texture":"#6"},"down":{"uv":[6.33333,14.66667,6.58333,14.75],"texture":"#6"}}},{"from":[4.375,19.5,3.5],"to":[5.625,20,3.75],"rotation":{"angle":22.5,"axis":"x","origin":[5,20.4375,4.125]},"faces":{"north":{"uv":[14.66667,2,15.08333,2.16667],"texture":"#6"},"east":{"uv":[11.33333,14.66667,11.41667,14.83333],"texture":"#6"},"south":{"uv":[14.66667,0,15.08333,0.16667],"texture":"#6"},"west":{"uv":[9.66667,14.66667,9.75,14.83333],"texture":"#6"},"down":{"uv":[5.33333,14.75,5.75,14.66667],"texture":"#6"}}},{"from":[3.875,20,3.5],"to":[6.125,22.25,5.75],"rotation":{"angle":22.5,"axis":"x","origin":[5,20.4375,4.125]},"faces":{"north":{"uv":[0,9.33333,0.75,10.08333],"texture":"#6"},"east":{"uv":[9.33333,4,10.08333,4.75],"texture":"#6"},"south":{"uv":[7.33333,8.66667,8.08333,9.41667],"texture":"#6"},"west":{"uv":[8.66667,8.66667,9.41667,9.41667],"texture":"#6"},"up":{"uv":[9.33333,5.33333,10.08333,6.08333],"texture":"#6"},"down":{"uv":[9.33333,7.41667,10.08333,6.66667],"texture":"#6"}}},{"from":[4.125,17,3.5],"to":[6.875,19.75,6.25],"rotation":{"angle":22.5,"axis":"z","origin":[5.5,17.5625,4.25]},"faces":{"north":{"uv":[6.66667,7.33333,7.58333,8.25],"texture":"#6"},"east":{"uv":[0,8,0.91667,8.91667],"texture":"#6"},"south":{"uv":[1.66667,7.33333,2.58333,8.25],"texture":"#6"},"west":{"uv":[7.33333,3.33333,8.25,4.25],"texture":"#6"},"up":{"uv":[8,7.33333,8.91667,8.25],"texture":"#6"},"down":{"uv":[8.33333,2.25,9.25,1.33333],"texture":"#6"}}},{"from":[4.625,16.5,3.5],"to":[6.375,17,3.75],"rotation":{"angle":22.5,"axis":"z","origin":[5.5,17.5625,4.25]},"faces":{"north":{"uv":[14.33333,0.66667,14.91667,0.83333],"texture":"#6"},"east":{"uv":[14.66667,8,14.75,8.16667],"texture":"#6"},"south":{"uv":[0.66667,14.33333,1.25,14.5],"texture":"#6"},"west":{"uv":[8,14.66667,8.08333,14.83333],"texture":"#6"},"down":{"uv":[14.66667,3.41667,15.25,3.33333],"texture":"#6"}}},{"from":[4.125,14.75,4],"to":[5.875,16.5,5.75],"rotation":{"angle":-22.5,"axis":"z","origin":[5,15.0625,4.5]},"faces":{"north":{"uv":[11.66667,4,12.25,4.58333],"texture":"#6"},"east":{"uv":[4.33333,11.66667,4.91667,12.25],"texture":"#6"},"south":{"uv":[11.33333,0,11.91667,0.58333],"texture":"#6"},"west":{"uv":[3.33333,11.66667,3.91667,12.25],"texture":"#6"},"up":{"uv":[11.66667,5,12.25,5.58333],"texture":"#6"},"down":{"uv":[5.33333,12.25,5.91667,11.66667],"texture":"#6"}}},{"from":[4.625,14.25,4],"to":[5.375,14.75,4.25],"rotation":{"angle":-22.5,"axis":"z","origin":[5,15.0625,4.5]},"faces":{"north":{"uv":[4.66667,14.66667,4.91667,14.83333],"texture":"#6"},"east":{"uv":[12,14.66667,12.08333,14.83333],"texture":"#6"},"south":{"uv":[4,14.66667,4.25,14.83333],"texture":"#6"},"west":{"uv":[14.66667,11.33333,14.75,11.5],"texture":"#6"},"down":{"uv":[6.33333,14.75,6.58333,14.66667],"texture":"#6"}}},{"from":[9.875,20,3.5],"to":[12.125,22.25,5.75],"rotation":{"angle":22.5,"axis":"x","origin":[11,20.4375,4.125]},"faces":{"north":{"uv":[0.75,9.33333,0,10.08333],"texture":"#6"},"east":{"uv":[9.41667,8.66667,8.66667,9.41667],"texture":"#6"},"south":{"uv":[8.08333,8.66667,7.33333,9.41667],"texture":"#6"},"west":{"uv":[10.08333,4,9.33333,4.75],"texture":"#6"},"up":{"uv":[10.08333,5.33333,9.33333,6.08333],"texture":"#6"},"down":{"uv":[10.08333,7.41667,9.33333,6.66667],"texture":"#6"}}},{"from":[10.375,19.5,3.5],"to":[11.625,20,3.75],"rotation":{"angle":22.5,"axis":"x","origin":[11,20.4375,4.125]},"faces":{"north":{"uv":[15.08333,2,14.66667,2.16667],"texture":"#6"},"east":{"uv":[9.75,14.66667,9.66667,14.83333],"texture":"#6"},"south":{"uv":[15.08333,0,14.66667,0.16667],"texture":"#6"},"west":{"uv":[11.41667,14.66667,11.33333,14.83333],"texture":"#6"},"down":{"uv":[5.75,14.75,5.33333,14.66667],"texture":"#6"}}},{"from":[9.125,17,3.5],"to":[11.875,19.75,6.25],"rotation":{"angle":-22.5,"axis":"z","origin":[10.5,17.5625,4.25]},"faces":{"north":{"uv":[7.58333,7.33333,6.66667,8.25],"texture":"#6"},"east":{"uv":[8.25,3.33333,7.33333,4.25],"texture":"#6"},"south":{"uv":[2.58333,7.33333,1.66667,8.25],"texture":"#6"},"west":{"uv":[0.91667,8,0,8.91667],"texture":"#6"},"up":{"uv":[8.91667,7.33333,8,8.25],"texture":"#6"},"down":{"uv":[9.25,2.25,8.33333,1.33333],"texture":"#6"}}},{"from":[9.625,16.5,3.5],"to":[11.375,17,3.75],"rotation":{"angle":-22.5,"axis":"z","origin":[10.5,17.5625,4.25]},"faces":{"north":{"uv":[14.91667,0.66667,14.33333,0.83333],"texture":"#6"},"east":{"uv":[8.08333,14.66667,8,14.83333],"texture":"#6"},"south":{"uv":[1.25,14.33333,0.66667,14.5],"texture":"#6"},"west":{"uv":[14.75,8,14.66667,8.16667],"texture":"#6"},"down":{"uv":[15.25,3.41667,14.66667,3.33333],"texture":"#6"}}},{"from":[10.125,14.75,4],"to":[11.875,16.5,5.75],"rotation":{"angle":22.5,"axis":"z","origin":[11,15.0625,4.5]},"faces":{"north":{"uv":[12.25,4,11.66667,4.58333],"texture":"#6"},"east":{"uv":[3.91667,11.66667,3.33333,12.25],"texture":"#6"},"south":{"uv":[11.91667,0,11.33333,0.58333],"texture":"#6"},"west":{"uv":[4.91667,11.66667,4.33333,12.25],"texture":"#6"},"up":{"uv":[12.25,5,11.66667,5.58333],"texture":"#6"},"down":{"uv":[5.91667,12.25,5.33333,11.66667],"texture":"#6"}}},{"from":[10.625,14.25,4],"to":[11.375,14.75,4.25],"rotation":{"angle":22.5,"axis":"z","origin":[11,15.0625,4.5]},"faces":{"north":{"uv":[4.91667,14.66667,4.66667,14.83333],"texture":"#6"},"east":{"uv":[14.75,11.33333,14.66667,11.5],"texture":"#6"},"south":{"uv":[4.25,14.66667,4,14.83333],"texture":"#6"},"west":{"uv":[12.08333,14.66667,12,14.83333],"texture":"#6"},"down":{"uv":[6.58333,14.75,6.33333,14.66667],"texture":"#6"}}},{"from":[7.25,-3.5,7.75],"to":[8.75,-2,9.25],"rotation":{"angle":-45,"axis":"x","origin":[7.5,-3.25,8]},"faces":{"north":{"uv":[9,12,9.5,12.5],"texture":"#6"},"east":{"uv":[12,9.66667,12.5,10.16667],"texture":"#6"},"south":{"uv":[12,10.66667,12.5,11.16667],"texture":"#6"},"west":{"uv":[12,11.66667,12.5,12.16667],"texture":"#6"},"up":{"uv":[12.83333,0.5,12.33333,0],"texture":"#6"},"down":{"uv":[12.83333,1,12.33333,1.5],"texture":"#6"}}},{"from":[7.475,-5.46287,7.825],"to":[8.525,-4.41287,8.875],"rotation":{"angle":-45,"axis":"x","origin":[7.65,-5.28787,8]},"faces":{"north":{"uv":[8.66667,4,9,4.33333],"texture":"#6"},"east":{"uv":[11.33333,8,11.66667,8.33333],"texture":"#6"},"south":{"uv":[10.33333,13.66667,10.66667,14],"texture":"#6"},"west":{"uv":[13.66667,11,14,11.33333],"texture":"#6"},"up":{"uv":[14.33333,0.33333,14,0],"texture":"#6"},"down":{"uv":[14.33333,2,14,2.33333],"texture":"#6"}}},{"from":[7.5,-2.23223,8],"to":[8.5,-1.23223,9],"rotation":{"angle":-45,"axis":"x","origin":[7.5,-2.23223,8]},"faces":{"north":{"uv":[14,2.66667,14.33333,3],"texture":"#6"},"east":{"uv":[14,3.33333,14.33333,3.66667],"texture":"#6"},"south":{"uv":[14,8,14.33333,8.33333],"texture":"#6"},"west":{"uv":[11.66667,14,12,14.33333],"texture":"#6"},"up":{"uv":[14.33333,12,14,11.66667],"texture":"#6"},"down":{"uv":[12.66667,14,12.33333,14.33333],"texture":"#6"}}},{"from":[7.25,5.75,7.25],"to":[8.75,6.25,8.75],"rotation":{"angle":0,"axis":"y","origin":[7.5,5.75,7.5]},"faces":{"north":{"uv":[14.33333,1.33333,14.83333,1.5],"texture":"#6"},"east":{"uv":[1.66667,14.33333,2.16667,14.5],"texture":"#6"},"south":{"uv":[14.33333,4,14.83333,4.16667],"texture":"#6"},"west":{"uv":[14.33333,4.66667,14.83333,4.83333],"texture":"#6"},"up":{"uv":[12.83333,2.5,12.33333,2],"texture":"#6"},"down":{"uv":[12.83333,3,12.33333,3.5],"texture":"#6"}}},{"from":[7.5,5.25,7.5],"to":[8.5,5.75,8.5],"rotation":{"angle":0,"axis":"y","origin":[7.5,5.25,7.5]},"faces":{"north":{"uv":[2.66667,14.33333,3,14.5],"texture":"#6"},"east":{"uv":[7.33333,14.33333,7.66667,14.5],"texture":"#6"},"south":{"uv":[14.66667,2.66667,15,2.83333],"texture":"#6"},"west":{"uv":[3.33333,14.66667,3.66667,14.83333],"texture":"#6"}}},{"from":[7.25,11.75,7.25],"to":[8.75,12.25,8.75],"rotation":{"angle":0,"axis":"y","origin":[7.5,6.75,7.5]},"faces":{"north":{"uv":[14.33333,5.33333,14.83333,5.5],"texture":"#6"},"east":{"uv":[14.33333,6,14.83333,6.16667],"texture":"#6"},"south":{"uv":[14.33333,6.66667,14.83333,6.83333],"texture":"#6"},"west":{"uv":[14.33333,7.33333,14.83333,7.5],"texture":"#6"},"up":{"uv":[7.83333,12.83333,7.33333,12.33333],"texture":"#6"},"down":{"uv":[12.83333,8.33333,12.33333,8.83333],"texture":"#6"}}},{"from":[7.5,6.25,7.5],"to":[8.5,7.75,8.5],"rotation":{"angle":0,"axis":"y","origin":[7.5,6.25,7.5]},"faces":{"north":{"uv":[13.33333,2,13.66667,2.5],"texture":"#6"},"east":{"uv":[13.33333,3,13.66667,3.5],"texture":"#6"},"south":{"uv":[7.33333,13.33333,7.66667,13.83333],"texture":"#6"},"west":{"uv":[13.33333,8,13.66667,8.5],"texture":"#6"},"up":{"uv":[14.33333,12.66667,14,12.33333],"texture":"#6"}}},{"from":[7.5,10.25,7.5],"to":[8.5,11.75,8.5],"rotation":{"angle":0,"axis":"y","origin":[7.5,10.25,7.5]},"faces":{"north":{"uv":[11,13.33333,11.33333,13.83333],"texture":"#6"},"east":{"uv":[13.33333,12,13.66667,12.5],"texture":"#6"},"south":{"uv":[13.33333,13,13.66667,13.5],"texture":"#6"},"west":{"uv":[3.33333,13.66667,3.66667,14.16667],"texture":"#6"},"down":{"uv":[13.33333,14,13,14.33333],"texture":"#6"}}},{"from":[7.625,7.75,7.625],"to":[8.375,10.25,8.375],"rotation":{"angle":0,"axis":"y","origin":[7.625,8.75,7.375]},"faces":{"north":{"uv":[8.33333,12.33333,8.58333,13.16667],"texture":"#6"},"east":{"uv":[12,12.66667,12.25,13.5],"texture":"#6"},"south":{"uv":[12.66667,12.66667,12.91667,13.5],"texture":"#6"},"west":{"uv":[2,13,2.25,13.83333],"texture":"#6"}}},{"from":[7.25,-1.25,7.25],"to":[8.75,-0.75,8.75],"rotation":{"angle":0,"axis":"y","origin":[7.5,-1.25,7.5]},"faces":{"north":{"uv":[10.33333,14.33333,10.83333,14.5],"texture":"#6"},"east":{"uv":[14.33333,10.66667,14.83333,10.83333],"texture":"#6"},"south":{"uv":[14.33333,13.66667,14.83333,13.83333],"texture":"#6"},"west":{"uv":[14.33333,14.33333,14.83333,14.5],"texture":"#6"},"up":{"uv":[13.16667,5.5,12.66667,5],"texture":"#6"},"down":{"uv":[5.83333,12.66667,5.33333,13.16667],"texture":"#6"}}},{"from":[7.25,4.75,7.25],"to":[8.75,5.25,8.75],"rotation":{"angle":0,"axis":"y","origin":[7.5,-0.25,7.5]},"faces":{"north":{"uv":[8.66667,14.33333,9.16667,14.5],"texture":"#6"},"east":{"uv":[14.33333,8.66667,14.83333,8.83333],"texture":"#6"},"south":{"uv":[14.33333,9.33333,14.83333,9.5],"texture":"#6"},"west":{"uv":[14.33333,10,14.83333,10.16667],"texture":"#6"},"up":{"uv":[13.16667,4.5,12.66667,4],"texture":"#6"},"down":{"uv":[4.83333,12.66667,4.33333,13.16667],"texture":"#6"}}},{"from":[7.5,-0.75,7.5],"to":[8.5,0.75,8.5],"rotation":{"angle":0,"axis":"y","origin":[7.5,-0.75,7.5]},"faces":{"north":{"uv":[5.33333,13.66667,5.66667,14.16667],"texture":"#6"},"east":{"uv":[6,13.66667,6.33333,14.16667],"texture":"#6"},"south":{"uv":[13.66667,6,14,6.5],"texture":"#6"},"west":{"uv":[6.66667,13.66667,7,14.16667],"texture":"#6"},"up":{"uv":[14,14.33333,13.66667,14],"texture":"#6"}}},{"from":[7.5,3.25,7.5],"to":[8.5,4.75,8.5],"rotation":{"angle":0,"axis":"y","origin":[7.5,3.25,7.5]},"faces":{"north":{"uv":[4,13.66667,4.33333,14.16667],"texture":"#6"},"east":{"uv":[13.66667,4,14,4.5],"texture":"#6"},"south":{"uv":[4.66667,13.66667,5,14.16667],"texture":"#6"},"west":{"uv":[13.66667,5,14,5.5],"texture":"#6"},"down":{"uv":[14.33333,13,14,13.33333],"texture":"#6"}}},{"from":[7.625,0.75,7.625],"to":[8.375,3.25,8.375],"rotation":{"angle":0,"axis":"y","origin":[7.625,1.75,7.375]},"faces":{"north":{"uv":[2.66667,13,2.91667,13.83333],"texture":"#6"},"east":{"uv":[9,13,9.25,13.83333],"texture":"#6"},"south":{"uv":[13,9.33333,13.25,10.16667],"texture":"#6"},"west":{"uv":[13,10.66667,13.25,11.5],"texture":"#6"}}},{"from":[7,17.23198,7],"to":[9,19.23198,9],"rotation":{"angle":0,"axis":"y","origin":[7,17.23198,7]},"faces":{"east":{"uv":[10.66667,4,11.33333,4.66667],"texture":"#6"},"west":{"uv":[10.66667,5,11.33333,5.66667],"texture":"#6"},"down":{"uv":[6.33333,10.66667,5.66667,11.33333],"texture":"#6"}}},{"from":[6.875,14.55,6.85],"to":[9.125,17.55,8.35],"rotation":{"angle":-22.5,"axis":"x","origin":[-0.125,14.55,0.6]},"faces":{"north":{"uv":[8.66667,0,9.41667,1],"texture":"#6"},"east":{"uv":[10,8.66667,10.5,9.66667],"texture":"#6"},"south":{"uv":[1.33333,8.66667,2.08333,9.66667],"texture":"#6"},"west":{"uv":[10,10,10.5,11],"texture":"#6"},"up":{"uv":[11.41667,7.5,10.66667,7],"texture":"#6"},"down":{"uv":[1.75,11,1,11.5],"texture":"#6"}}},{"from":[6.75,17.55,8.5],"to":[9.25,19.55,10.5],"rotation":{"angle":-45,"axis":"x","origin":[7,17.05,8]},"faces":{"north":{"uv":[9.66667,1.33333,10.5,2],"texture":"#6"},"east":{"uv":[10.66667,6,11.33333,6.66667],"texture":"#6"},"south":{"uv":[10,0,10.83333,0.66667],"texture":"#6"},"west":{"uv":[6.66667,10.66667,7.33333,11.33333],"texture":"#6"},"up":{"uv":[2.16667,10.66667,1.33333,10],"texture":"#6"},"down":{"uv":[10.83333,2.33333,10,3],"texture":"#6"}}},{"from":[7.375,-6.25,7.85],"to":[8.625,-4.5,8.85],"rotation":{"angle":-22.5,"axis":"x","origin":[-0.625,-6.25,1.1]},"faces":{"north":{"uv":[12.66667,6,13.08333,6.58333],"texture":"#6"},"east":{"uv":[0,13.33333,0.33333,13.91667],"texture":"#6"},"south":{"uv":[6.33333,12.66667,6.75,13.25],"texture":"#6"},"west":{"uv":[13.33333,0,13.66667,0.58333],"texture":"#6"},"up":{"uv":[6.08333,5,5.66667,4.66667],"texture":"#6"},"down":{"uv":[8.75,6.66667,8.33333,7],"texture":"#6"}}},{"from":[7.5,-3.97164,5.97332],"to":[8.5,-2.72164,7.22332],"rotation":{"angle":-45,"axis":"x","origin":[8,-2.82273,6.34526]},"faces":{"north":{"uv":[13.66667,9,14,9.41667],"texture":"#6"},"east":{"uv":[0.66667,13.33333,1.08333,13.75],"texture":"#6"},"west":{"uv":[13.33333,1,13.75,1.41667],"texture":"#6"},"up":{"uv":[10,14.08333,9.66667,13.66667],"texture":"#6"},"down":{"uv":[14,10,13.66667,10.41667],"texture":"#6"}}},{"from":[7.625,-3.49603,5.49816],"to":[8.375,-2.24603,7.24816],"rotation":{"angle":22.5,"axis":"x","origin":[8,-2.80853,6.06066]},"faces":{"north":{"uv":[0,14.33333,0.25,14.75],"texture":"#6"},"east":{"uv":[12.66667,7,13.25,7.41667],"texture":"#6"},"west":{"uv":[10,12.66667,10.58333,13.08333],"texture":"#6"},"up":{"uv":[13.91667,7.58333,13.66667,7],"texture":"#6"},"down":{"uv":[8.25,13.66667,8,14.25],"texture":"#6"}}},{"from":[7.995,-5.74603,4.99816],"to":[8.005,-1.24603,6.99816],"rotation":{"angle":0,"axis":"y","origin":[8,-3.05853,6.06066]},"faces":{"east":{"uv":[8,1.33333,7.33333,2.83333],"texture":"#6"},"west":{"uv":[7.33333,1.33333,8,2.83333],"texture":"#6"}}},{"from":[7.375,-6.25,7.15],"to":[8.625,-4.5,8.15],"rotation":{"angle":22.5,"axis":"x","origin":[-0.625,-6.25,14.9]},"faces":{"north":{"uv":[6.75,12.66667,6.33333,13.25],"texture":"#6"},"east":{"uv":[0.33333,13.33333,0,13.91667],"texture":"#6"},"south":{"uv":[13.08333,6,12.66667,6.58333],"texture":"#6"},"west":{"uv":[13.66667,0,13.33333,0.58333],"texture":"#6"},"up":{"uv":[6.08333,4.66667,5.66667,5],"texture":"#6"},"down":{"uv":[8.75,7,8.33333,6.66667],"texture":"#6"}}},{"from":[7.5,-3.97164,8.77668],"to":[8.5,-2.72164,10.02668],"rotation":{"angle":45,"axis":"x","origin":[8,-2.82273,9.65474]},"faces":{"east":{"uv":[1.08333,13.33333,0.66667,13.75],"texture":"#6"},"south":{"uv":[14,9,13.66667,9.41667],"texture":"#6"},"west":{"uv":[13.75,1,13.33333,1.41667],"texture":"#6"},"up":{"uv":[10,13.66667,9.66667,14.08333],"texture":"#6"},"down":{"uv":[14,10.41667,13.66667,10],"texture":"#6"}}},{"from":[7.625,-3.49603,8.75184],"to":[8.375,-2.24603,10.50184],"rotation":{"angle":-22.5,"axis":"x","origin":[8,-2.80853,9.93934]},"faces":{"east":{"uv":[13.25,7,12.66667,7.41667],"texture":"#6"},"south":{"uv":[0.25,14.33333,0,14.75],"texture":"#6"},"west":{"uv":[10.58333,12.66667,10,13.08333],"texture":"#6"},"up":{"uv":[13.91667,7,13.66667,7.58333],"texture":"#6"},"down":{"uv":[8.25,14.25,8,13.66667],"texture":"#6"}}},{"from":[7.995,-5.74603,9.00184],"to":[8.005,-1.24603,11.00184],"rotation":{"angle":0,"axis":"y","origin":[8,-3.05853,9.93934]},"faces":{"east":{"uv":[7.33333,1.33333,8,2.83333],"texture":"#6"},"west":{"uv":[8,1.33333,7.33333,2.83333],"texture":"#6"}}},{"from":[7.25,12.23198,7.25],"to":[8.75,17.23198,8.75],"rotation":{"angle":45,"axis":"y","origin":[8,12.98198,8]},"faces":{"north":{"uv":[3,8.33333,3.5,10],"texture":"#6"},"east":{"uv":[4,8.33333,4.5,10],"texture":"#6"},"south":{"uv":[8.33333,4.66667,8.83333,6.33333],"texture":"#6"},"west":{"uv":[5,8.33333,5.5,10],"texture":"#6"},"up":{"uv":[11.5,12.83333,11,12.33333],"texture":"#6"},"down":{"uv":[3.83333,12.66667,3.33333,13.16667],"texture":"#6"}}},{"from":[7.225,12.23198,7.225],"to":[8.775,17.23198,8.775],"rotation":{"angle":45,"axis":"y","origin":[8,14.73198,8]},"faces":{"north":{"uv":[0,0,2,6.66667],"texture":"#3"},"east":{"uv":[2.66667,0,4.66667,6.66667],"texture":"#3"},"south":{"uv":[5.33333,0,7.33333,6.66667],"texture":"#3"},"west":{"uv":[8,0,10,6.66667],"texture":"#3"}}},{"from":[6.875,14.55,7.65],"to":[9.125,17.55,9.15],"rotation":{"angle":22.5,"axis":"x","origin":[-0.125,14.55,15.4]},"faces":{"north":{"uv":[8.66667,2.66667,9.41667,3.66667],"texture":"#6"},"east":{"uv":[2.66667,10.33333,3.16667,11.33333],"texture":"#6"},"south":{"uv":[6,8.66667,6.75,9.66667],"texture":"#6"},"west":{"uv":[3.66667,10.33333,4.16667,11.33333],"texture":"#6"},"up":{"uv":[11.75,1.5,11,1],"texture":"#6"},"down":{"uv":[11.75,8.66667,11,9.16667],"texture":"#6"}}},{"from":[5.02454,14.769,-0.67937],"to":[5.05934,21.729,2.80063],"rotation":{"angle":-45,"axis":"y","origin":[5.04194,18.249,1.06063]},"faces":{"east":{"uv":[12,0,9,6],"texture":"#2"},"west":{"uv":[9,0,12,6],"texture":"#2"}}},{"from":[11.44561,14.769,0.53852],"to":[11.48041,21.729,4.01852],"rotation":{"angle":45,"axis":"y","origin":[9.74041,18.249,2.2791]},"faces":{"east":{"uv":[3,0,6,6],"texture":"#2"},"west":{"uv":[6,0,3,6],"texture":"#2"}}},{"from":[11.63256,14.769,1.48015],"to":[11.66736,21.729,4.96015],"rotation":{"angle":-22.5,"axis":"y","origin":[9.92678,18.249,3.22015]},"faces":{"east":{"uv":[0,0,3,6],"texture":"#2"},"west":{"uv":[3,0,0,6],"texture":"#2"}}},{"from":[4.33264,14.769,1.48015],"to":[4.36744,21.729,4.96015],"rotation":{"angle":22.5,"axis":"y","origin":[6.07322,18.249,3.22015]},"faces":{"east":{"uv":[0,0,3,6],"texture":"#2"},"west":{"uv":[3,0,0,6],"texture":"#2"}}},{"from":[6.26,14.769,-0.18204],"to":[9.74,21.729,-0.14724],"rotation":{"angle":0,"axis":"y","origin":[8,18.249,1.55854]},"faces":{"north":{"uv":[6,0,9,6],"texture":"#2"},"south":{"uv":[9,0,6,6],"texture":"#2"}}},{"from":[4.33264,14.769,11.03985],"to":[4.36744,21.729,14.51985],"rotation":{"angle":-22.5,"axis":"y","origin":[6.07322,18.249,12.77985]},"faces":{"east":{"uv":[3,0,0,6],"texture":"#2"},"west":{"uv":[0,0,3,6],"texture":"#2"}}},{"from":[5.02454,14.769,13.19937],"to":[5.05934,21.729,16.67937],"rotation":{"angle":45,"axis":"y","origin":[5.04194,18.249,14.93937]},"faces":{"east":{"uv":[9,0,12,6],"texture":"#2"},"west":{"uv":[12,0,9,6],"texture":"#2"}}},{"from":[11.44561,14.769,11.98148],"to":[11.48041,21.729,15.46148],"rotation":{"angle":-45,"axis":"y","origin":[9.74041,18.249,13.7209]},"faces":{"east":{"uv":[6,0,3,6],"texture":"#2"},"west":{"uv":[3,0,6,6],"texture":"#2"}}},{"from":[6.26,14.769,16.14724],"to":[9.74,21.729,16.18204],"rotation":{"angle":0,"axis":"y","origin":[8,18.249,14.44146]},"faces":{"north":{"uv":[6,0,9,6],"texture":"#2"},"south":{"uv":[9,0,6,6],"texture":"#2"}}},{"from":[11.63256,14.769,11.03985],"to":[11.66736,21.729,14.51985],"rotation":{"angle":22.5,"axis":"y","origin":[9.92678,18.249,12.77985]},"faces":{"east":{"uv":[3,0,0,6],"texture":"#2"},"west":{"uv":[0,0,3,6],"texture":"#2"}}},{"from":[7.985,19.3,6.625],"to":[8.015,25.55,9.375],"rotation":{"angle":0,"axis":"y","origin":[8,22.425,8]},"faces":{"east":{"uv":[2.91667,0,2,2.08333],"texture":"#6"},"west":{"uv":[2,0,2.91667,2.08333],"texture":"#6"}}},{"from":[6.625,19.3,7.985],"to":[9.375,25.55,8.015],"rotation":{"angle":0,"axis":"y","origin":[8,22.425,8]},"faces":{"north":{"uv":[2.91667,0,2,2.08333],"texture":"#6"},"south":{"uv":[2,0,2.91667,2.08333],"texture":"#6"}}},{"from":[6.99535,17.125,4.87425],"to":[9.00465,19.375,6.37425],"rotation":{"angle":0,"axis":"y","origin":[6.99535,16.875,3.37425]},"faces":{"east":{"uv":[9,10.66667,9.5,11.41667],"texture":"#6"},"west":{"uv":[11,9.66667,11.5,10.41667],"texture":"#6"},"up":{"uv":[12.33333,6.5,11.66667,6],"texture":"#6"},"down":{"uv":[7,11.66667,6.33333,12.16667],"texture":"#6"}}},{"from":[7,18.24598,5.19828],"to":[9,20.49598,6.69828],"rotation":{"angle":-22.5,"axis":"x","origin":[7,17.99598,3.69828]},"faces":{"east":{"uv":[11,11,11.5,11.75],"texture":"#6"},"south":{"uv":[4.66667,10.33333,5.33333,11.08333],"texture":"#6"},"west":{"uv":[11.33333,2,11.83333,2.75],"texture":"#6"}}},{"from":[7,16.00019,5.30752],"to":[9,18.25019,6.69752],"rotation":{"angle":22.5,"axis":"x","origin":[7,18.50019,3.70752]},"faces":{"east":{"uv":[10,11.33333,10.5,12.08333],"texture":"#6"},"south":{"uv":[0,10.66667,0.66667,11.41667],"texture":"#6"},"west":{"uv":[2.33333,11.66667,2.83333,12.41667],"texture":"#6"}}},{"from":[6,16.25,1.57425],"to":[10,20.25,5.07425],"rotation":{"angle":0,"axis":"y","origin":[6,14.75,1.07425]},"faces":{"north":{"uv":[2,2.66667,3.33333,4],"texture":"#6"},"east":{"uv":[1.66667,4.33333,2.83333,5.66667],"texture":"#6"},"south":{"uv":[0,3.33333,1.33333,4.66667],"texture":"#6"},"west":{"uv":[0,5,1.16667,6.33333],"texture":"#6"},"up":{"uv":[6.66667,1.16667,5.33333,0],"texture":"#6"},"down":{"uv":[4.66667,5.33333,3.33333,6.5],"texture":"#6"}}},{"from":[5.5,16.25,2.82425],"to":[10.5,20.25,3.82425],"rotation":{"angle":0,"axis":"y","origin":[6,14.75,1.07425]},"faces":{"north":{"uv":[0,0,1.66667,1.33333],"texture":"#6"},"east":{"uv":[7.66667,10.66667,8,12],"texture":"#6"},"south":{"uv":[0,1.66667,1.66667,3],"texture":"#6"},"west":{"uv":[8.33333,10.66667,8.66667,12],"texture":"#6"},"up":{"uv":[11,8.33333,9.33333,8],"texture":"#6"},"down":{"uv":[11.66667,3.33333,10,3.66667],"texture":"#6"}}},{"from":[5.5035,19.90642,3.55155],"to":[10.4965,22.90642,4.47655],"rotation":{"angle":22.5,"axis":"x","origin":[8.0035,21.90642,4.05155]},"faces":{"north":{"uv":[3.33333,0,5,1],"texture":"#6"},"east":{"uv":[0,12,0.33333,13],"texture":"#6"},"south":{"uv":[3.33333,1.33333,5,2.33333],"texture":"#6"},"west":{"uv":[0.66667,12,1,13],"texture":"#6"},"up":{"uv":[7.66667,10.33333,6,10],"texture":"#6"}}},{"from":[5.5035,13.59358,3.55155],"to":[10.4965,16.59358,4.47655],"rotation":{"angle":-22.5,"axis":"x","origin":[8.0035,14.59358,4.05155]},"faces":{"north":{"uv":[3.66667,2.66667,5.33333,3.66667],"texture":"#6"},"east":{"uv":[1.33333,12,1.66667,13],"texture":"#6"},"south":{"uv":[3.66667,4,5.33333,5],"texture":"#6"},"west":{"uv":[12,7,12.33333,8],"texture":"#6"},"down":{"uv":[9.66667,10,8,10.33333],"texture":"#6"}}},{"from":[6.0035,14.07194,2.2064],"to":[9.9965,17.07194,5.4394],"rotation":{"angle":-22.5,"axis":"x","origin":[8.0035,15.07194,3.9564]},"faces":{"north":{"uv":[5.66667,3.33333,7,4.33333],"texture":"#6"},"east":{"uv":[6.66667,6,7.83333,7],"texture":"#6"},"south":{"uv":[1.66667,6,3,7],"texture":"#6"},"west":{"uv":[7,0,8.16667,1],"texture":"#6"},"down":{"uv":[6.33333,5.33333,5,6.5],"texture":"#6"}}},{"from":[6.0035,19.42806,2.2064],"to":[9.9965,22.42806,5.4394],"rotation":{"angle":22.5,"axis":"x","origin":[8.0035,21.42806,3.9564]},"faces":{"north":{"uv":[0,6.66667,1.33333,7.66667],"texture":"#6"},"east":{"uv":[3.33333,7,4.5,8],"texture":"#6"},"south":{"uv":[6.66667,4.66667,8,5.66667],"texture":"#6"},"west":{"uv":[5,7,6.16667,8],"texture":"#6"},"up":{"uv":[7,2.83333,5.66667,1.66667],"texture":"#6"}}},{"from":[6.99535,17.125,9.62575],"to":[9.00465,19.375,11.12575],"rotation":{"angle":0,"axis":"y","origin":[6.99535,16.875,12.62575]},"faces":{"east":{"uv":[9.5,10.66667,9,11.41667],"texture":"#6"},"west":{"uv":[11.5,9.66667,11,10.41667],"texture":"#6"},"up":{"uv":[12.33333,6,11.66667,6.5],"texture":"#6"},"down":{"uv":[7,12.16667,6.33333,11.66667],"texture":"#6"}}},{"from":[6,16.25,10.92575],"to":[10,20.25,14.42575],"rotation":{"angle":0,"axis":"y","origin":[6,14.75,14.92575]},"faces":{"north":{"uv":[1.33333,3.33333,0,4.66667],"texture":"#6"},"east":{"uv":[2.83333,4.33333,1.66667,5.66667],"texture":"#6"},"south":{"uv":[3.33333,2.66667,2,4],"texture":"#6"},"west":{"uv":[1.16667,5,0,6.33333],"texture":"#6"},"up":{"uv":[6.66667,0,5.33333,1.16667],"texture":"#6"},"down":{"uv":[4.66667,6.5,3.33333,5.33333],"texture":"#6"}}},{"from":[6.0035,14.07194,10.5606],"to":[9.9965,17.07194,13.7936],"rotation":{"angle":22.5,"axis":"x","origin":[8.0035,15.07194,12.0436]},"faces":{"north":{"uv":[3,6,1.66667,7],"texture":"#6"},"east":{"uv":[7.83333,6,6.66667,7],"texture":"#6"},"south":{"uv":[7,3.33333,5.66667,4.33333],"texture":"#6"},"west":{"uv":[8.16667,0,7,1],"texture":"#6"},"down":{"uv":[6.33333,6.5,5,5.33333],"texture":"#6"}}},{"from":[6.0035,19.42806,10.5606],"to":[9.9965,22.42806,13.7936],"rotation":{"angle":-22.5,"axis":"x","origin":[8.0035,21.42806,12.0436]},"faces":{"north":{"uv":[8,4.66667,6.66667,5.66667],"texture":"#6"},"east":{"uv":[4.5,7,3.33333,8],"texture":"#6"},"south":{"uv":[1.33333,6.66667,0,7.66667],"texture":"#6"},"west":{"uv":[6.16667,7,5,8],"texture":"#6"},"up":{"uv":[7,1.66667,5.66667,2.83333],"texture":"#6"}}},{"from":[7,18.24598,9.30172],"to":[9,20.49598,10.80172],"rotation":{"angle":22.5,"axis":"x","origin":[7,17.99598,12.30172]},"faces":{"north":{"uv":[5.33333,10.33333,4.66667,11.08333],"texture":"#6"},"east":{"uv":[11.5,11,11,11.75],"texture":"#6"},"west":{"uv":[11.83333,2,11.33333,2.75],"texture":"#6"}}},{"from":[7,16.00019,9.30248],"to":[9,18.25019,10.69248],"rotation":{"angle":-22.5,"axis":"x","origin":[7,18.50019,12.29248]},"faces":{"north":{"uv":[0.66667,10.66667,0,11.41667],"texture":"#6"},"east":{"uv":[10.5,11.33333,10,12.08333],"texture":"#6"},"west":{"uv":[2.83333,11.66667,2.33333,12.41667],"texture":"#6"}}},{"from":[5.5,16.25,12.17575],"to":[10.5,20.25,13.17575],"rotation":{"angle":0,"axis":"y","origin":[6,14.75,14.92575]},"faces":{"north":{"uv":[1.66667,1.66667,0,3],"texture":"#6"},"east":{"uv":[8,10.66667,7.66667,12],"texture":"#6"},"south":{"uv":[1.66667,0,0,1.33333],"texture":"#6"},"west":{"uv":[8.66667,10.66667,8.33333,12],"texture":"#6"},"up":{"uv":[11,8,9.33333,8.33333],"texture":"#6"},"down":{"uv":[11.66667,3.66667,10,3.33333],"texture":"#6"}}},{"from":[5.5035,19.90642,11.52345],"to":[10.4965,22.90642,12.44845],"rotation":{"angle":-22.5,"axis":"x","origin":[8.0035,21.90642,11.94845]},"faces":{"north":{"uv":[5,1.33333,3.33333,2.33333],"texture":"#6"},"east":{"uv":[0.33333,12,0,13],"texture":"#6"},"south":{"uv":[5,0,3.33333,1],"texture":"#6"},"west":{"uv":[1,12,0.66667,13],"texture":"#6"},"up":{"uv":[7.66667,10,6,10.33333],"texture":"#6"}}},{"from":[5.5035,13.59358,11.52345],"to":[10.4965,16.59358,12.44845],"rotation":{"angle":22.5,"axis":"x","origin":[8.0035,14.59358,11.94845]},"faces":{"north":{"uv":[5.33333,4,3.66667,5],"texture":"#6"},"east":{"uv":[1.66667,12,1.33333,13],"texture":"#6"},"south":{"uv":[5.33333,2.66667,3.66667,3.66667],"texture":"#6"},"west":{"uv":[12.33333,7,12,8],"texture":"#6"},"down":{"uv":[9.66667,10.33333,8,10],"texture":"#6"}}}],"gui_light":"front","display":{"thirdperson_righthand":{"translation":[0,0.5,1]},"thirdperson_lefthand":{"translation":[0,0.5,1]},"firstperson_righthand":{"rotation":[6.75,0,0],"translation":[2,0,0],"scale":[0.7,0.7,0.7]},"firstperson_lefthand":{"rotation":[6.75,0,0],"translation":[2,0,0],"scale":[0.7,0.7,0.7]},"ground":{"rotation":[-45,0,0],"translation":[0,3,0],"scale":[0.7,0.7,0.7]},"gui":{"rotation":[-90,45,90],"translation":[1.25,-1.25,0],"scale":[0.6,0.6,0.6]},"head":{"rotation":[0,-90,0]},"fixed":{"rotation":[0,-90,0],"translation":[0,0,-1.75],"scale":[2,2,2]}}}