{"parent":"minecraft:item/handheld","textures":{"layer0":"minecraft:item/diamond_sword"},"overrides":[{"predicate":{"custom_model_data":10000},"model":"elitecreatures:fantasy_swords_v1/sword1_lv1"},{"predicate":{"custom_model_data":10001},"model":"elitecreatures:fantasy_swords_v1/sword1_lv2"},{"predicate":{"custom_model_data":10002},"model":"elitecreatures:fantasy_swords_v1/sword2_lv1"},{"predicate":{"custom_model_data":10003},"model":"elitecreatures:fantasy_swords_v1/sword2_lv2"},{"predicate":{"custom_model_data":10004},"model":"elitecreatures:fantasy_swords_v1/sword3_lv1"},{"predicate":{"custom_model_data":10005},"model":"elitecreatures:fantasy_swords_v1/sword3_lv2"},{"predicate":{"custom_model_data":10006},"model":"elitecreatures:fantasy_swords_v1/sword4_lv1"},{"predicate":{"custom_model_data":10007},"model":"elitecreatures:fantasy_swords_v1/sword4_lv2"},{"predicate":{"custom_model_data":10008},"model":"elitecreatures:fantasy_swords_v1/sword5_lv1"},{"predicate":{"custom_model_data":10009},"model":"elitecreatures:fantasy_swords_v1/sword5_lv2"},{"predicate":{"custom_model_data":10010},"model":"elitecreatures:fantasy_swords_v1/sword6_lv1"},{"predicate":{"custom_model_data":10011},"model":"elitecreatures:fantasy_swords_v1/sword6_lv2"},{"predicate":{"custom_model_data":10012},"model":"elitecreatures:fantasy_swords_v1/sword7_lv1"},{"predicate":{"custom_model_data":10013},"model":"elitecreatures:fantasy_swords_v1/sword7_lv2"},{"predicate":{"custom_model_data":10014},"model":"elitecreatures:fantasy_swords_v1/sword8_lv1"},{"predicate":{"custom_model_data":10015},"model":"elitecreatures:fantasy_swords_v1/sword8_lv2"},{"predicate":{"custom_model_data":10016},"model":"elitecreatures:fantasy_swords_v1/sword9_lv1"},{"predicate":{"custom_model_data":10017},"model":"elitecreatures:fantasy_swords_v1/sword9_lv2"},{"predicate":{"custom_model_data":10018},"model":"elitecreatures:fantasy_swords_v1/sword10_lv1"},{"predicate":{"custom_model_data":10019},"model":"elitecreatures:fantasy_swords_v1/sword10_lv2"},{"predicate":{"custom_model_data":10020},"model":"elitecreatures:fantasy_swords_v1/sword11_lv1"},{"predicate":{"custom_model_data":10021},"model":"elitecreatures:fantasy_swords_v1/sword11_lv2"},{"predicate":{"custom_model_data":10022},"model":"elitecreatures:fantasy_swords_v1/sword12_lv1"},{"predicate":{"custom_model_data":10023},"model":"elitecreatures:fantasy_swords_v1/sword12_lv2"},{"predicate":{"custom_model_data":10024},"model":"elitecreatures:fantasy_swords_v1/sword13_lv1"},{"predicate":{"custom_model_data":10025},"model":"elitecreatures:fantasy_swords_v1/sword13_lv2"},{"predicate":{"custom_model_data":10026},"model":"elitecreatures:fantasy_swords_v1/sword14_lv1"},{"predicate":{"custom_model_data":10027},"model":"elitecreatures:fantasy_swords_v1/sword14_lv2"},{"predicate":{"custom_model_data":10028},"model":"elitecreatures:fantasy_swords_v1/sword15_lv1"},{"predicate":{"custom_model_data":10029},"model":"elitecreatures:fantasy_swords_v1/sword15_lv2"},{"predicate":{"custom_model_data":10030},"model":"elitecreatures:fantasy_swords_v1/sword16_lv1"},{"predicate":{"custom_model_data":10031},"model":"elitecreatures:fantasy_swords_v1/sword16_lv2"},{"predicate":{"custom_model_data":10032},"model":"elitecreatures:fantasy_swords_v1/sword17_lv1"},{"predicate":{"custom_model_data":10033},"model":"elitecreatures:fantasy_swords_v1/sword17_lv2"},{"predicate":{"custom_model_data":10034},"model":"elitecreatures:fantasy_swords_v1/sword18_lv1"},{"predicate":{"custom_model_data":10035},"model":"elitecreatures:fantasy_swords_v1/sword18_lv2"},{"predicate":{"custom_model_data":10036},"model":"elitecreatures:fantasy_swords_v1/sword19_lv1"},{"predicate":{"custom_model_data":10037},"model":"elitecreatures:fantasy_swords_v1/sword19_lv2"},{"predicate":{"custom_model_data":10038},"model":"elitecreatures:fantasy_swords_v1/sword20_lv1"},{"predicate":{"custom_model_data":10039},"model":"elitecreatures:fantasy_swords_v1/sword20_lv2"},{"predicate":{"custom_model_data":10040},"model":"autumn_festival:halberd"},{"predicate":{"custom_model_data":10041},"model":"autumn_festival:sword"},{"predicate":{"custom_model_data":10042},"model":"autumn_festival:spear"},{"predicate":{"custom_model_data":10043},"model":"item/diamond_sword"}]}