{"parent":"item/handheld_rod","textures":{"layer0":"item/fishing_rod"},"overrides":[{"predicate":{"cast":1},"model":"item/fishing_rod_cast"},{"predicate":{"custom_model_data":10000},"model":"summerset:fishing_rod"},{"predicate":{"cast":1,"custom_model_data":10000},"model":"summerset:fishing_rod_cast"},{"predicate":{"custom_model_data":10001},"model":"elitecreatures:berserker_animated_weapon_set/fishing_rod"},{"predicate":{"cast":1,"custom_model_data":10001},"model":"elitecreatures:berserker_animated_weapon_set/fishing_rod_cast"},{"predicate":{"custom_model_data":10002},"model":"ender_dragonset:fishing_rod"},{"predicate":{"cast":1,"custom_model_data":10002},"model":"ender_dragonset:fishing_rod_cast"},{"predicate":{"custom_model_data":10003},"model":"malikaset:fishing_rod"},{"predicate":{"cast":1,"custom_model_data":10003},"model":"malikaset:fishing_rod_cast"},{"predicate":{"custom_model_data":10004},"model":"darkwitherset:fishing_rod"},{"predicate":{"cast":1,"custom_model_data":10004},"model":"darkwitherset:fishing_rod_cast"},{"predicate":{"custom_model_data":10005},"model":"lunarset:fishing_rod"},{"predicate":{"cast":1,"custom_model_data":10005},"model":"lunarset:fishing_rod_cast"},{"predicate":{"custom_model_data":10007},"model":"merry_christmasset:fishing_rod"},{"predicate":{"cast":1,"custom_model_data":10007},"model":"merry_christmasset:fishing_rod_cast"},{"predicate":{"custom_model_data":10008},"model":"item/fishing_rod"}]}