{"parent":"minecraft:item/handheld","textures":{"layer0":"minecraft:item/iron_pickaxe"},"overrides":[{"predicate":{"custom_model_data":10000},"model":"summerset:pickaxe"},{"predicate":{"custom_model_data":10001},"model":"elitecreatures:berserker_animated_weapon_set/pickaxe"},{"predicate":{"custom_model_data":10002},"model":"ender_dragonset:pickaxe"},{"predicate":{"custom_model_data":10003},"model":"malikaset:pickaxe"},{"predicate":{"custom_model_data":10004},"model":"darkwitherset:pickaxe"},{"predicate":{"custom_model_data":10005},"model":"lunarset:pickaxe"},{"predicate":{"custom_model_data":10006},"model":"merry_christmasset:pickaxe"},{"predicate":{"custom_model_data":10007},"model":"item/iron_pickaxe"}]}