{"parent":"item/generated","textures":{"layer0":"item/leather_helmet","layer1":"item/leather_helmet_overlay"},"overrides":[{"predicate":{"custom_model_data":10000},"model":"ender_dragonset:ia_auto_gen/ender_dragonhelmet"},{"predicate":{"custom_model_data":10001},"model":"summerset:ia_auto_gen/summerhelmet"},{"predicate":{"custom_model_data":10002},"model":"darkwitherset:ia_auto_gen/dark_witherhelmet"},{"predicate":{"custom_model_data":10003},"model":"elitecreatures:ia_auto_gen/berserker_animated_weapon_set_helmet"},{"predicate":{"custom_model_data":10004},"model":"merry_christmasset:ia_auto_gen/merry_christmashelmet"},{"predicate":{"custom_model_data":10005},"model":"item/leather_helmet"}]}