{"parent":"item/generated","textures":{"layer0":"item/leather_boots","layer1":"item/leather_boots_overlay"},"overrides":[{"predicate":{"custom_model_data":10000},"model":"ender_dragonset:ia_auto_gen/ender_dragonboots"},{"predicate":{"custom_model_data":10001},"model":"summerset:ia_auto_gen/summerboots"},{"predicate":{"custom_model_data":10002},"model":"malikaset:ia_auto_gen/malikaboots"},{"predicate":{"custom_model_data":10003},"model":"darkwitherset:ia_auto_gen/dark_witherboots"},{"predicate":{"custom_model_data":10004},"model":"elitecreatures:ia_auto_gen/berserker_animated_weapon_set_boots"},{"predicate":{"custom_model_data":10005},"model":"lunarset:ia_auto_gen/lunarboots"},{"predicate":{"custom_model_data":10006},"model":"merry_christmasset:ia_auto_gen/merry_christmasboots"},{"predicate":{"custom_model_data":10007},"model":"item/leather_boots"}]}