{"parent":"minecraft:item/handheld","textures":{"layer0":"minecraft:item/netherite_sword"},"overrides":[{"predicate":{"custom_model_data":10000},"model":"andromeda:andromeda/nebula_blade"},{"predicate":{"custom_model_data":10001},"model":"demon_lord:dagger"},{"predicate":{"custom_model_data":10002},"model":"demon_lord:sickle"},{"predicate":{"custom_model_data":10003},"model":"demon_lord:spear"},{"predicate":{"custom_model_data":10004},"model":"demon_lord:staff"},{"predicate":{"custom_model_data":10005},"model":"demon_lord:sword"},{"predicate":{"custom_model_data":10006},"model":"item/netherite_sword"}]}