{"parent":"minecraft:item/generated","textures":{"layer0":"minecraft:item/paper"},"overrides":[{"predicate":{"custom_model_data":10000},"model":"_iainternal:ia_auto_gen/icon_left_blue"},{"predicate":{"custom_model_data":10001},"model":"_iainternal:ia_auto_gen/icon_right_blue"},{"predicate":{"custom_model_data":10002},"model":"_iainternal:ia_auto_gen/icon_search"},{"predicate":{"custom_model_data":10003},"model":"_iainternal:ia_auto_gen/icon_cancel"},{"predicate":{"custom_model_data":10004},"model":"_iainternal:ia_auto_gen/icon_arrow_chest"},{"predicate":{"custom_model_data":10005},"model":"_iainternal:ia_auto_gen/icon_back_orange"},{"predicate":{"custom_model_data":10006},"model":"_iainternal:ia_auto_gen/icon_next_orange"},{"predicate":{"custom_model_data":10007},"model":"elitecreatures:elite_crates/icechest"},{"predicate":{"custom_model_data":10008},"model":"elitecreatures:elite_crates/icekey"},{"predicate":{"custom_model_data":10009},"model":"elitecreatures:elite_crates/naturechest"},{"predicate":{"custom_model_data":10010},"model":"elitecreatures:elite_crates/lovechest"},{"predicate":{"custom_model_data":10011},"model":"elitecreatures:elite_crates/windchest"},{"predicate":{"custom_model_data":10012},"model":"elitecreatures:elite_crates/lavachest"},{"predicate":{"custom_model_data":10013},"model":"elitecreatures:elite_crates/lavakey"},{"predicate":{"custom_model_data":10014},"model":"elitecreatures:elite_crates/naturekey"},{"predicate":{"custom_model_data":10015},"model":"elitecreatures:elite_crates/valentinekey"},{"predicate":{"custom_model_data":10016},"model":"elitecreatures:elite_crates/windkey"},{"predicate":{"custom_model_data":10017},"model":"summerset:key"},{"predicate":{"custom_model_data":10018},"model":"summerset:backpack"},{"predicate":{"custom_model_data":10019},"model":"summerset:mask"},{"predicate":{"custom_model_data":10020},"model":"elitecreatures:berserker_animated_weapon_set/chest"},{"predicate":{"custom_model_data":10021},"model":"elitecreatures:berserker_animated_weapon_set/key"},{"predicate":{"custom_model_data":10022},"model":"elitecreatures:berserker_animated_weapon_set/wings"},{"predicate":{"custom_model_data":10023},"model":"ender_dragonset:chest"},{"predicate":{"custom_model_data":10024},"model":"ender_dragonset:gauntlet"},{"predicate":{"custom_model_data":10025},"model":"ender_dragonset:helmet"},{"predicate":{"custom_model_data":10026},"model":"ender_dragonset:key"},{"predicate":{"custom_model_data":10027},"model":"ender_dragonset:wings"},{"predicate":{"custom_model_data":10028},"model":"malikaset:chest"},{"predicate":{"custom_model_data":10029},"model":"malikaset:chest_opening"},{"predicate":{"custom_model_data":10030},"model":"malikaset:helmet"},{"predicate":{"custom_model_data":10031},"model":"malikaset:key"},{"predicate":{"custom_model_data":10032},"model":"malikaset:wings"},{"predicate":{"custom_model_data":10033},"model":"darkwitherset:cape"},{"predicate":{"custom_model_data":10034},"model":"darkwitherset:chest"},{"predicate":{"custom_model_data":10035},"model":"darkwitherset:helmet"},{"predicate":{"custom_model_data":10036},"model":"darkwitherset:key"},{"predicate":{"custom_model_data":10037},"model":"elitecreatures:classroom_furniture_v1/board_01"},{"predicate":{"custom_model_data":10038},"model":"elitecreatures:classroom_furniture_v1/board_02"},{"predicate":{"custom_model_data":10039},"model":"elitecreatures:classroom_furniture_v1/board_03"},{"predicate":{"custom_model_data":10040},"model":"elitecreatures:classroom_furniture_v1/board_04"},{"predicate":{"custom_model_data":10041},"model":"elitecreatures:classroom_furniture_v1/chair_01"},{"predicate":{"custom_model_data":10042},"model":"elitecreatures:classroom_furniture_v1/chair_02"},{"predicate":{"custom_model_data":10043},"model":"elitecreatures:classroom_furniture_v1/chair_03"},{"predicate":{"custom_model_data":10044},"model":"elitecreatures:classroom_furniture_v1/clock"},{"predicate":{"custom_model_data":10045},"model":"elitecreatures:classroom_furniture_v1/cupboard"},{"predicate":{"custom_model_data":10046},"model":"elitecreatures:classroom_furniture_v1/cupboard_shelf"},{"predicate":{"custom_model_data":10047},"model":"elitecreatures:classroom_furniture_v1/cupboard_table"},{"predicate":{"custom_model_data":10048},"model":"elitecreatures:classroom_furniture_v1/decorate_book"},{"predicate":{"custom_model_data":10049},"model":"elitecreatures:classroom_furniture_v1/decorate_book_pen"},{"predicate":{"custom_model_data":10050},"model":"elitecreatures:classroom_furniture_v1/picture"},{"predicate":{"custom_model_data":10051},"model":"elitecreatures:classroom_furniture_v1/plantpot"},{"predicate":{"custom_model_data":10052},"model":"elitecreatures:classroom_furniture_v1/shelf_with_book"},{"predicate":{"custom_model_data":10053},"model":"elitecreatures:classroom_furniture_v1/table"},{"predicate":{"custom_model_data":10054},"model":"elitecreatures:classroom_furniture_v1/table_long"},{"predicate":{"custom_model_data":10055},"model":"elitecreatures:classroom_furniture_v1/table_teacher"},{"predicate":{"custom_model_data":10056},"model":"elitecreatures:classroom_furniture_v1/television"},{"predicate":{"custom_model_data":10057},"model":"furnicraft:bin"},{"predicate":{"custom_model_data":10058},"model":"furnicraft:book"},{"predicate":{"custom_model_data":10059},"model":"furnicraft:cabinet"},{"predicate":{"custom_model_data":10060},"model":"furnicraft:center_table"},{"predicate":{"custom_model_data":10061},"model":"furnicraft:lamp"},{"predicate":{"custom_model_data":10062},"model":"furnicraft:long_cabinet"},{"predicate":{"custom_model_data":10063},"model":"furnicraft:mirror"},{"predicate":{"custom_model_data":10064},"model":"furnicraft:mug"},{"predicate":{"custom_model_data":10065},"model":"furnicraft:small_cabinet"},{"predicate":{"custom_model_data":10066},"model":"furnicraft:small_shelf"},{"predicate":{"custom_model_data":10067},"model":"demon_lord:key"},{"predicate":{"custom_model_data":10068},"model":"demon_lord:wings"},{"predicate":{"custom_model_data":10069},"model":"crates1:lvl1_key"},{"predicate":{"custom_model_data":10070},"model":"crates1:lvl1_crate"},{"predicate":{"custom_model_data":10071},"model":"crates1:lvl2_key"},{"predicate":{"custom_model_data":10072},"model":"crates1:lvl2_crate"},{"predicate":{"custom_model_data":10073},"model":"crates1:lvl3_key"},{"predicate":{"custom_model_data":10074},"model":"crates1:lvl3_crate"},{"predicate":{"custom_model_data":10075},"model":"crates1:lvl4_key"},{"predicate":{"custom_model_data":10076},"model":"crates1:lvl4_crate"},{"predicate":{"custom_model_data":10077},"model":"gunpack:22"},{"predicate":{"custom_model_data":10078},"model":"gunpack:22_reload"},{"predicate":{"custom_model_data":10079},"model":"gunpack:22_zoom"},{"predicate":{"custom_model_data":10080},"model":"gunpack:22_sprint"},{"predicate":{"custom_model_data":10081},"model":"gunpack:car_98"},{"predicate":{"custom_model_data":10082},"model":"gunpack:car_98_reload"},{"predicate":{"custom_model_data":10083},"model":"gunpack:car_98_zoom"},{"predicate":{"custom_model_data":10084},"model":"gunpack:car_98_sprint"},{"predicate":{"custom_model_data":10085},"model":"gunpack:chest"},{"predicate":{"custom_model_data":10086},"model":"gunpack:commando"},{"predicate":{"custom_model_data":10087},"model":"gunpack:commando_reload"},{"predicate":{"custom_model_data":10088},"model":"gunpack:commando_zoom"},{"predicate":{"custom_model_data":10089},"model":"gunpack:commando_sprint"},{"predicate":{"custom_model_data":10090},"model":"gunpack:famas"},{"predicate":{"custom_model_data":10091},"model":"gunpack:famas_reload"},{"predicate":{"custom_model_data":10092},"model":"gunpack:famas_zoom"},{"predicate":{"custom_model_data":10093},"model":"gunpack:famas_sprint"},{"predicate":{"custom_model_data":10094},"model":"gunpack:key"},{"predicate":{"custom_model_data":10095},"model":"gunpack:ia_auto_gen/99"},{"predicate":{"custom_model_data":10096},"model":"gunpack:ia_auto_gen/bandage"},{"predicate":{"custom_model_data":10097},"model":"gunpack:ia_auto_gen/birdshot"},{"predicate":{"custom_model_data":10098},"model":"gunpack:ia_auto_gen/cmax"},{"predicate":{"custom_model_data":10099},"model":"gunpack:ia_auto_gen/shield1"},{"predicate":{"custom_model_data":10100},"model":"autumn_festival:cosmatic_01"},{"predicate":{"custom_model_data":10101},"model":"autumn_festival:folding_fan"},{"predicate":{"custom_model_data":10102},"model":"lunarset:chest"},{"predicate":{"custom_model_data":10103},"model":"lunarset:chest_opening"},{"predicate":{"custom_model_data":10104},"model":"lunarset:helmet"},{"predicate":{"custom_model_data":10105},"model":"lunarset:key"},{"predicate":{"custom_model_data":10106},"model":"lunarset:tail"},{"predicate":{"custom_model_data":10108},"model":"merry_christmasset:key"},{"predicate":{"custom_model_data":10109},"model":"merry_christmasset:backpack"},{"predicate":{"custom_model_data":10110},"model":"merry_christmasset:wings"},{"predicate":{"custom_model_data":10111},"model":"merry_christmasset:helmet"},{"predicate":{"custom_model_data":15080},"model":"pixelmine:ia_auto_gen/aladdin_lamp"},{"predicate":{"custom_model_data":15081},"model":"pixelmine:ia_auto_gen/amethyst_amulet"},{"predicate":{"custom_model_data":15082},"model":"pixelmine:ia_auto_gen/amethyst_seeds"},{"predicate":{"custom_model_data":15083},"model":"pixelmine:ia_auto_gen/amethyst_septer"},{"predicate":{"custom_model_data":15084},"model":"pixelmine:ia_auto_gen/ancient_amulet"},{"predicate":{"custom_model_data":15085},"model":"pixelmine:ia_auto_gen/ancient_coin"},{"predicate":{"custom_model_data":15086},"model":"pixelmine:ia_auto_gen/ancient_totem"},{"predicate":{"custom_model_data":15087},"model":"pixelmine:ia_auto_gen/ancient_trophy"},{"predicate":{"custom_model_data":15088},"model":"pixelmine:ia_auto_gen/aquamarine_dust"},{"predicate":{"custom_model_data":15089},"model":"pixelmine:ia_auto_gen/aquamarine_helmet"},{"predicate":{"custom_model_data":15090},"model":"pixelmine:ia_auto_gen/aqua_book"},{"predicate":{"custom_model_data":15091},"model":"pixelmine:ia_auto_gen/arcane_scroll"},{"predicate":{"custom_model_data":15092},"model":"pixelmine:ia_auto_gen/bag_of_jewellry"},{"predicate":{"custom_model_data":15093},"model":"pixelmine:ia_auto_gen/bat_wing"},{"predicate":{"custom_model_data":15094},"model":"pixelmine:ia_auto_gen/black_knight"},{"predicate":{"custom_model_data":15095},"model":"pixelmine:ia_auto_gen/blue_crystal"},{"predicate":{"custom_model_data":15096},"model":"pixelmine:ia_auto_gen/bowl_blue_flame"},{"predicate":{"custom_model_data":15097},"model":"pixelmine:ia_auto_gen/charred_skull"},{"predicate":{"custom_model_data":15098},"model":"pixelmine:ia_auto_gen/crown"},{"predicate":{"custom_model_data":15099},"model":"pixelmine:ia_auto_gen/dark_mask"},{"predicate":{"custom_model_data":15100},"model":"pixelmine:ia_auto_gen/demon_mask"},{"predicate":{"custom_model_data":15101},"model":"pixelmine:ia_auto_gen/diamond_eearring"},{"predicate":{"custom_model_data":15102},"model":"pixelmine:ia_auto_gen/diamond_glasses"},{"predicate":{"custom_model_data":15103},"model":"pixelmine:ia_auto_gen/divine_amulet"},{"predicate":{"custom_model_data":15104},"model":"pixelmine:ia_auto_gen/divine_pickaxe"},{"predicate":{"custom_model_data":15105},"model":"pixelmine:ia_auto_gen/divine_ring"},{"predicate":{"custom_model_data":15106},"model":"pixelmine:ia_auto_gen/divine_scepter"},{"predicate":{"custom_model_data":15107},"model":"pixelmine:ia_auto_gen/dragon_egg"},{"predicate":{"custom_model_data":15108},"model":"pixelmine:ia_auto_gen/earring"},{"predicate":{"custom_model_data":15109},"model":"pixelmine:ia_auto_gen/elemental_orb"},{"predicate":{"custom_model_data":15110},"model":"pixelmine:ia_auto_gen/emerald_axe"},{"predicate":{"custom_model_data":15111},"model":"pixelmine:ia_auto_gen/enchanted_vase"},{"predicate":{"custom_model_data":15112},"model":"pixelmine:ia_auto_gen/eye_of_the_future"},{"predicate":{"custom_model_data":15113},"model":"pixelmine:ia_auto_gen/falcom_with_spirits"},{"predicate":{"custom_model_data":15114},"model":"pixelmine:ia_auto_gen/fire_shuriken"},{"predicate":{"custom_model_data":15115},"model":"pixelmine:ia_auto_gen/flame"},{"predicate":{"custom_model_data":15116},"model":"pixelmine:ia_auto_gen/flame_stack_decks"},{"predicate":{"custom_model_data":15117},"model":"pixelmine:ia_auto_gen/flask_with_blood"},{"predicate":{"custom_model_data":15118},"model":"pixelmine:ia_auto_gen/golden_amulet"},{"predicate":{"custom_model_data":15119},"model":"pixelmine:ia_auto_gen/golden_egg"},{"predicate":{"custom_model_data":15120},"model":"pixelmine:ia_auto_gen/golden_harp"},{"predicate":{"custom_model_data":15121},"model":"pixelmine:ia_auto_gen/golden_horsehoe"},{"predicate":{"custom_model_data":15122},"model":"pixelmine:ia_auto_gen/golden_jug"},{"predicate":{"custom_model_data":15123},"model":"pixelmine:ia_auto_gen/golden_ring_blue_crystal"},{"predicate":{"custom_model_data":15124},"model":"pixelmine:ia_auto_gen/golden_shield"},{"predicate":{"custom_model_data":15125},"model":"pixelmine:ia_auto_gen/golden_trumpet"},{"predicate":{"custom_model_data":15126},"model":"pixelmine:ia_auto_gen/gold_bars"},{"predicate":{"custom_model_data":15127},"model":"pixelmine:ia_auto_gen/goodwin_hat"},{"predicate":{"custom_model_data":15128},"model":"pixelmine:ia_auto_gen/hand_of_midas"},{"predicate":{"custom_model_data":15129},"model":"pixelmine:ia_auto_gen/health_potion"},{"predicate":{"custom_model_data":15130},"model":"pixelmine:ia_auto_gen/hourglass"},{"predicate":{"custom_model_data":15131},"model":"pixelmine:ia_auto_gen/king_robe"},{"predicate":{"custom_model_data":15132},"model":"pixelmine:ia_auto_gen/knights_rose"},{"predicate":{"custom_model_data":15133},"model":"pixelmine:ia_auto_gen/lightning_bow"},{"predicate":{"custom_model_data":15134},"model":"pixelmine:ia_auto_gen/liquid_star"},{"predicate":{"custom_model_data":15135},"model":"pixelmine:ia_auto_gen/magic_ball"},{"predicate":{"custom_model_data":15136},"model":"pixelmine:ia_auto_gen/magic_seal"},{"predicate":{"custom_model_data":15137},"model":"pixelmine:ia_auto_gen/mirror_of_fog"},{"predicate":{"custom_model_data":15138},"model":"pixelmine:ia_auto_gen/mirror_of_kalandra"},{"predicate":{"custom_model_data":15139},"model":"pixelmine:ia_auto_gen/mystic_box"},{"predicate":{"custom_model_data":15140},"model":"pixelmine:ia_auto_gen/mythic_drop"},{"predicate":{"custom_model_data":15141},"model":"pixelmine:ia_auto_gen/mythic_feather"},{"predicate":{"custom_model_data":15142},"model":"pixelmine:ia_auto_gen/mythic_staff"},{"predicate":{"custom_model_data":15143},"model":"pixelmine:ia_auto_gen/netherite_amulet"},{"predicate":{"custom_model_data":15144},"model":"pixelmine:ia_auto_gen/netherite_shield"},{"predicate":{"custom_model_data":15145},"model":"pixelmine:ia_auto_gen/pawn"},{"predicate":{"custom_model_data":15146},"model":"pixelmine:ia_auto_gen/phoenix_egg"},{"predicate":{"custom_model_data":15147},"model":"pixelmine:ia_auto_gen/phoenix_feather"},{"predicate":{"custom_model_data":15148},"model":"pixelmine:ia_auto_gen/primitive_knife"},{"predicate":{"custom_model_data":15149},"model":"pixelmine:ia_auto_gen/rare_crystals"},{"predicate":{"custom_model_data":15150},"model":"pixelmine:ia_auto_gen/razor_ring"},{"predicate":{"custom_model_data":15151},"model":"pixelmine:ia_auto_gen/ritual_skull"},{"predicate":{"custom_model_data":15152},"model":"pixelmine:ia_auto_gen/royal_robe"},{"predicate":{"custom_model_data":15153},"model":"pixelmine:ia_auto_gen/ruby_amulet"},{"predicate":{"custom_model_data":15154},"model":"pixelmine:ia_auto_gen/ruby_beads"},{"predicate":{"custom_model_data":15155},"model":"pixelmine:ia_auto_gen/ruby_bracelet"},{"predicate":{"custom_model_data":15156},"model":"pixelmine:ia_auto_gen/ruby_crystal"},{"predicate":{"custom_model_data":15157},"model":"pixelmine:ia_auto_gen/ruby_pendant"},{"predicate":{"custom_model_data":15158},"model":"pixelmine:ia_auto_gen/rune_plate"},{"predicate":{"custom_model_data":15159},"model":"pixelmine:ia_auto_gen/rune_plate2"},{"predicate":{"custom_model_data":15160},"model":"pixelmine:ia_auto_gen/rune_stone"},{"predicate":{"custom_model_data":15161},"model":"pixelmine:ia_auto_gen/sapphire_butterfly"},{"predicate":{"custom_model_data":15162},"model":"pixelmine:ia_auto_gen/sapphire_sword"},{"predicate":{"custom_model_data":15163},"model":"pixelmine:ia_auto_gen/scarlet_flower"},{"predicate":{"custom_model_data":15164},"model":"pixelmine:ia_auto_gen/scroll_of_dead"},{"predicate":{"custom_model_data":15165},"model":"pixelmine:ia_auto_gen/silver_mirror"},{"predicate":{"custom_model_data":15166},"model":"pixelmine:ia_auto_gen/sphere_of_power"},{"predicate":{"custom_model_data":15167},"model":"pixelmine:ia_auto_gen/spirit_candle"},{"predicate":{"custom_model_data":15168},"model":"pixelmine:ia_auto_gen/spirit_mask"},{"predicate":{"custom_model_data":15169},"model":"pixelmine:ia_auto_gen/stuffed_raven"},{"predicate":{"custom_model_data":15170},"model":"pixelmine:ia_auto_gen/talisman_of_dexterity"},{"predicate":{"custom_model_data":15171},"model":"pixelmine:ia_auto_gen/tear_of_the_delirium"},{"predicate":{"custom_model_data":15172},"model":"pixelmine:ia_auto_gen/toxic_ingot"},{"predicate":{"custom_model_data":15173},"model":"pixelmine:ia_auto_gen/toxic_stone"},{"predicate":{"custom_model_data":15174},"model":"pixelmine:ia_auto_gen/void_flask"},{"predicate":{"custom_model_data":15175},"model":"pixelmine:ia_auto_gen/void_ingot"},{"predicate":{"custom_model_data":15176},"model":"pixelmine:ia_auto_gen/void_sphere"},{"predicate":{"custom_model_data":15177},"model":"pixelmine:ia_auto_gen/volcanic_scarab"},{"predicate":{"custom_model_data":15178},"model":"pixelmine:ia_auto_gen/warlocks_tome"},{"predicate":{"custom_model_data":15179},"model":"pixelmine:ia_auto_gen/wizard_hat"},{"predicate":{"custom_model_data":15180},"model":"item/paper"}]}