{"credit":"Made with Blockbench","textures":{"0":"demon_lord:texture","1":"demon_lord:eye","2":"demon_lord:smoke","3":"demon_lord:eff_01","particle":"demon_lord:texture"},"elements":[{"from":[6.5,-7.625,-2.625],"to":[9.5,9.625,14.625],"rotation":{"angle":0,"axis":"y","origin":[8,1,6]},"faces":{"east":{"uv":[16,16,0,0],"rotation":180,"texture":"#3"},"west":{"uv":[0,16,16,0],"rotation":180,"texture":"#3"}}},{"from":[7.8,4.18211,2.275],"to":[8.2,17.93211,16.025],"rotation":{"angle":-22.5,"axis":"x","origin":[8,11.05711,9.15]},"faces":{"east":{"uv":[0,16,16,0],"rotation":180,"texture":"#2"},"west":{"uv":[16,16,0,0],"rotation":180,"texture":"#2"}}},{"from":[7.6,10.3169,9.20546],"to":[8.4,11.4169,10.20546],"rotation":{"angle":0,"axis":"x","origin":[8.05,10.4794,9.20546]},"faces":{"north":{"uv":[5.25,6.25,5.5625,6.375],"texture":"#0"},"east":{"uv":[6.75,3.625,6.875,3.5],"rotation":90,"texture":"#0"},"south":{"uv":[4.75,6.375,5.0625,6.25],"rotation":180,"texture":"#0"},"west":{"uv":[6.75,3.875,6.875,3.75],"rotation":270,"texture":"#0"},"up":{"uv":[4.25,6.375,4.5625,6.25],"texture":"#0"},"down":{"uv":[6.25,4,6.5625,3.875],"rotation":180,"texture":"#0"}}},{"from":[7.6,8.7669,8.20546],"to":[8.4,11.4169,9.20546],"rotation":{"angle":0,"axis":"x","origin":[8.05,10.4794,9.20546]},"faces":{"north":{"uv":[5,1.5,5.3125,1.8125],"texture":"#0"},"east":{"uv":[6.25,3.5,6.5625,3.375],"rotation":90,"texture":"#0"},"south":{"uv":[5,1.3125,5.3125,1],"rotation":180,"texture":"#0"},"west":{"uv":[3.75,6.375,4.0625,6.25],"rotation":270,"texture":"#0"},"up":{"uv":[6.25,3.75,6.5625,3.625],"texture":"#0"},"down":{"uv":[3.25,6.375,3.5625,6.25],"rotation":180,"texture":"#0"}}},{"from":[6.8,5.1661,1.06755],"to":[9.2,6.1661,3.71755],"rotation":{"angle":22.5,"axis":"x","origin":[8,5.92035,2.0887]},"faces":{"north":{"uv":[6.5625,3.625,6.25,3.75],"texture":"#0"},"east":{"uv":[6.5625,3.375,6.25,3.5],"texture":"#0"},"south":{"uv":[3.5625,6.25,3.25,6.375],"texture":"#0"},"west":{"uv":[4.0625,6.25,3.75,6.375],"texture":"#0"},"up":{"uv":[5.3125,1,5,1.3125],"texture":"#0"},"down":{"uv":[5.3125,1.8125,5,1.5],"texture":"#0"}}},{"from":[6.8,6.1661,1.06755],"to":[9.2,7.1661,2.16755],"rotation":{"angle":22.5,"axis":"x","origin":[8,5.92035,2.0887]},"faces":{"north":{"uv":[4.5625,6.25,4.25,6.375],"texture":"#0"},"east":{"uv":[6.875,3.5,6.75,3.625],"texture":"#0"},"south":{"uv":[6.5625,3.875,6.25,4],"texture":"#0"},"west":{"uv":[6.875,3.75,6.75,3.875],"texture":"#0"},"up":{"uv":[5.0625,6.25,4.75,6.375],"texture":"#0"},"down":{"uv":[5.5625,6.375,5.25,6.25],"texture":"#0"}}},{"from":[7.95,10.15,9.15],"to":[8.05,17.65,17.45],"rotation":{"angle":22.5,"axis":"x","origin":[8,13.9,13.3]},"faces":{"east":{"uv":[3.375,0,4.4375,0.9375],"texture":"#0"},"west":{"uv":[3.375,1.125,4.4375,2.0625],"texture":"#0"}}},{"from":[8,-10.75,13.15],"to":[8,12.75,17.45],"rotation":{"angle":0,"axis":"x","origin":[7.95,1,13.3]},"faces":{"east":{"uv":[0.625,8.5,0.0625,11.1875],"texture":"#0"},"west":{"uv":[0.0625,8.5,0.625,11.1875],"texture":"#0"}}},{"from":[7.995,2.1,7.85],"to":[8.005,9.6,18.1],"rotation":{"angle":-45,"axis":"x","origin":[8,7.85,7.975]},"faces":{"east":{"uv":[8.8125,0.4375,10.125,1.375],"texture":"#0"},"west":{"uv":[10.125,0.4375,8.8125,1.375],"texture":"#0"}}},{"from":[6.85,4.88079,1.50556],"to":[9.15,5.98079,4.20556],"rotation":{"angle":45,"axis":"x","origin":[8,5.92035,2.0887]},"faces":{"north":{"uv":[6.5625,2.625,6.25,2.75],"texture":"#0"},"east":{"uv":[1.9375,6.25,1.625,6.375],"texture":"#0"},"south":{"uv":[6.4375,2.375,6.125,2.5],"texture":"#0"},"west":{"uv":[3.0625,6.25,2.75,6.375],"texture":"#0"},"up":{"uv":[5.3125,0,5,0.3125],"texture":"#0"},"down":{"uv":[5.3125,0.8125,5,0.5],"texture":"#0"}}},{"from":[7.55,5.38211,5.275],"to":[8.45,9.63211,9.525],"rotation":{"angle":-22.5,"axis":"x","origin":[8,7.50711,7.4]},"faces":{"north":{"uv":[5.625,1.875,5.5,2.4375],"texture":"#0"},"east":{"uv":[3.875,3,4.4375,3.5625],"texture":"#0"},"south":{"uv":[1.875,5.5,1.75,6.0625],"texture":"#0"},"west":{"uv":[4.4375,3,3.875,3.5625],"texture":"#0"},"up":{"uv":[2.125,5.5,2,6.0625],"texture":"#0"},"down":{"uv":[2.375,6.0625,2.25,5.5],"texture":"#0"}}},{"from":[7.55,5.38211,2.475],"to":[8.45,9.63211,6.725],"rotation":{"angle":22.5,"axis":"x","origin":[8,7.50711,4.6]},"faces":{"north":{"uv":[1.75,5.5,1.875,6.0625],"texture":"#0"},"east":{"uv":[4.4375,3,3.875,3.5625],"texture":"#0"},"south":{"uv":[5.5,1.875,5.625,2.4375],"texture":"#0"},"west":{"uv":[3.875,3,4.4375,3.5625],"texture":"#0"},"up":{"uv":[2.125,6.0625,2,5.5],"texture":"#0"},"down":{"uv":[2.375,5.5,2.25,6.0625],"texture":"#0"}}},{"from":[7,4,5],"to":[9,5.4,7],"rotation":{"angle":45,"axis":"y","origin":[8,4,6]},"faces":{"north":{"uv":[5.875,5.625,5.625,5.8125],"texture":"#0"},"east":{"uv":[5.875,5.25,5.625,5.4375],"texture":"#0"},"south":{"uv":[5.5,5.625,5.25,5.8125],"texture":"#0"},"west":{"uv":[6,1.125,5.75,1.3125],"texture":"#0"},"up":{"uv":[5.75,2.625,5.5,2.875],"texture":"#0"},"down":{"uv":[5.75,3.25,5.5,3],"texture":"#0"}}},{"from":[7.5,13.52213,13.6713],"to":[8.5,15.52213,15.6713],"rotation":{"angle":0,"axis":"x","origin":[8,14.52213,14.6713]},"faces":{"north":{"uv":[5.125,5.25,5.4375,5.5],"texture":"#0"},"east":{"uv":[3.375,5.875,3.625,5.625],"rotation":90,"texture":"#0"},"south":{"uv":[4.625,5.5,4.9375,5.25],"rotation":180,"texture":"#0"},"west":{"uv":[4.625,5.875,4.875,5.625],"rotation":270,"texture":"#0"},"up":{"uv":[3.375,5.5,3.6875,5.25],"texture":"#0"},"down":{"uv":[0,5.5,0.3125,5.25],"rotation":180,"texture":"#0"}}},{"from":[6.55,5.4,5],"to":[9.45,6.4,8],"rotation":{"angle":45,"axis":"x","origin":[8.1,5.4,6]},"faces":{"north":{"uv":[6.25,4.625,5.875,4.75],"texture":"#0"},"east":{"uv":[6.25,4.375,5.875,4.5],"texture":"#0"},"south":{"uv":[6.25,4.125,5.875,4.25],"texture":"#0"},"west":{"uv":[6.25,4.875,5.875,5],"texture":"#0"},"up":{"uv":[1.125,4.375,0.75,4.75],"texture":"#0"},"down":{"uv":[1.625,4.75,1.25,4.375],"texture":"#0"}}},{"from":[6.55,5.4,4],"to":[9.45,6.4,6],"rotation":{"angle":-45,"axis":"x","origin":[8.1,5.4,6]},"faces":{"north":{"uv":[6.375,0.25,6,0.375],"texture":"#0"},"east":{"uv":[6.75,0.75,6.5,0.875],"texture":"#0"},"south":{"uv":[6.375,0,6,0.125],"texture":"#0"},"west":{"uv":[6.875,4.125,6.625,4.25],"texture":"#0"},"up":{"uv":[5.375,4.5,5,4.75],"texture":"#0"},"down":{"uv":[5.375,5.125,5,4.875],"texture":"#0"}}},{"from":[6.55,6.4,4],"to":[9.45,8.4,5],"rotation":{"angle":-45,"axis":"x","origin":[8.1,5.4,6]},"faces":{"north":{"uv":[2.625,5.125,2.25,5.375],"texture":"#0"},"east":{"uv":[6.125,6.5,6,6.75],"texture":"#0"},"south":{"uv":[2.125,5.125,1.75,5.375],"texture":"#0"},"west":{"uv":[6.75,4.375,6.625,4.625],"texture":"#0"},"up":{"uv":[6.375,0.5,6,0.625],"texture":"#0"},"down":{"uv":[6.375,0.875,6,0.75],"texture":"#0"}}},{"from":[6.6,3.68026,3.04982],"to":[9.4,6.18026,4.04982],"rotation":{"angle":-22.5,"axis":"x","origin":[8.05,5.18026,3.54982]},"faces":{"north":{"uv":[1.625,4.875,1.25,5.1875],"texture":"#0"},"east":{"uv":[6.25,1.875,6.125,2.1875],"texture":"#0"},"south":{"uv":[1.125,4.875,0.75,5.1875],"texture":"#0"},"west":{"uv":[0.625,6.25,0.5,6.5625],"texture":"#0"},"up":{"uv":[3.125,6,2.75,6.125],"texture":"#0"},"down":{"uv":[3.625,6.125,3.25,6],"texture":"#0"}}},{"from":[6.55,7.4,5],"to":[9.45,8.4,6],"rotation":{"angle":-45,"axis":"x","origin":[8.1,5.4,6]},"faces":{"north":{"uv":[6.375,5.125,6,5.25],"texture":"#0"},"east":{"uv":[6.875,3,6.75,3.125],"texture":"#0"},"south":{"uv":[4.875,6,4.5,6.125],"texture":"#0"},"west":{"uv":[6.875,3.25,6.75,3.375],"texture":"#0"},"up":{"uv":[5.625,6,5.25,6.125],"texture":"#0"},"down":{"uv":[6.375,5.5,6,5.375],"texture":"#0"}}},{"from":[6.55,7.4,6],"to":[9.45,8.4,7],"rotation":{"angle":45,"axis":"x","origin":[8.1,5.4,6]},"faces":{"north":{"uv":[4.5,6,4.875,6.125],"texture":"#0"},"east":{"uv":[6.75,3,6.875,3.125],"texture":"#0"},"south":{"uv":[6,5.125,6.375,5.25],"texture":"#0"},"west":{"uv":[6.75,3.25,6.875,3.375],"texture":"#0"},"up":{"uv":[5.625,6.125,5.25,6],"texture":"#0"},"down":{"uv":[6.375,5.375,6,5.5],"texture":"#0"}}},{"from":[6.55,6.4,7],"to":[9.45,8.4,8],"rotation":{"angle":45,"axis":"x","origin":[8.1,5.4,6]},"faces":{"north":{"uv":[1.75,5.125,2.125,5.375],"texture":"#0"},"east":{"uv":[6,6.5,6.125,6.75],"texture":"#0"},"south":{"uv":[2.25,5.125,2.625,5.375],"texture":"#0"},"west":{"uv":[6.625,4.375,6.75,4.625],"texture":"#0"},"up":{"uv":[6.375,0.625,6,0.5],"texture":"#0"},"down":{"uv":[6.375,0.75,6,0.875],"texture":"#0"}}},{"from":[6.6,3.68026,7.95018],"to":[9.4,6.18026,8.95018],"rotation":{"angle":22.5,"axis":"x","origin":[8.05,5.18026,8.45018]},"faces":{"north":{"uv":[0.75,4.875,1.125,5.1875],"texture":"#0"},"east":{"uv":[6.125,1.875,6.25,2.1875],"texture":"#0"},"south":{"uv":[1.25,4.875,1.625,5.1875],"texture":"#0"},"west":{"uv":[0.5,6.25,0.625,6.5625],"texture":"#0"},"up":{"uv":[3.125,6.125,2.75,6],"texture":"#0"},"down":{"uv":[3.625,6,3.25,6.125],"texture":"#0"}}},{"from":[7,2.35,5],"to":[9,3.6,7],"rotation":{"angle":45,"axis":"y","origin":[8,2.35,6]},"faces":{"north":{"uv":[6.125,3.75,5.875,3.9375],"texture":"#0"},"east":{"uv":[4,5.875,3.75,6.0625],"texture":"#0"},"south":{"uv":[6.125,3.375,5.875,3.5625],"texture":"#0"},"west":{"uv":[4.375,5.875,4.125,6.0625],"texture":"#0"},"up":{"uv":[4.5,5.5,4.25,5.75],"texture":"#0"},"down":{"uv":[5.75,4.75,5.5,4.5],"texture":"#0"}}},{"from":[7.15,2.45,5.17929],"to":[8.75,3.5,6.77929],"rotation":{"angle":45,"axis":"y","origin":[8,2.35,5.92929]},"faces":{"north":{"uv":[5.1875,6.5,5,6.6875],"texture":"#0"},"east":{"uv":[4.8125,6.5,4.625,6.6875],"texture":"#0"},"south":{"uv":[4.4375,6.5,4.25,6.6875],"texture":"#0"},"west":{"uv":[6.6875,5.125,6.5,5.3125],"texture":"#0"},"up":{"uv":[5.5625,6.5,5.375,6.6875],"texture":"#0"},"down":{"uv":[6.8125,2.4375,6.625,2.25],"texture":"#0"}}},{"from":[7.05,5.7,4.52678],"to":[8.95,9.75,8.57678],"rotation":{"angle":-45,"axis":"x","origin":[8.1,7.1,6.17678]},"faces":{"north":{"uv":[5.9375,6.5,5.8125,7.0625],"texture":"#0"},"east":{"uv":[4.4375,2.25,3.875,2.8125],"texture":"#0"},"south":{"uv":[5.5625,6.5,5.4375,7.0625],"texture":"#0"},"west":{"uv":[3.875,2.25,4.4375,2.8125],"texture":"#0"},"up":{"uv":[5.25,7.0625,5.375,6.5],"texture":"#0"},"down":{"uv":[5.625,7.0625,5.75,6.5],"texture":"#0"}}},{"from":[7.15,5.93211,4.125],"to":[8.85,9.68211,7.875],"rotation":{"angle":0,"axis":"y","origin":[8,7.80711,6]},"faces":{"east":{"uv":[0,0,16,16],"texture":"#1"},"west":{"uv":[16,0,0,16],"texture":"#1"}}},{"from":[7.55,10.6,10.8],"to":[8.45,12.6,12.8],"rotation":{"angle":0,"axis":"x","origin":[8,11.6,11.8]},"faces":{"north":{"uv":[5,4.125,5.375,4.375],"texture":"#0"},"east":{"uv":[5.5,5.125,5.75,4.875],"rotation":90,"texture":"#0"},"south":{"uv":[5,4,5.375,3.75],"rotation":180,"texture":"#0"},"west":{"uv":[0,5.875,0.25,5.625],"rotation":270,"texture":"#0"},"up":{"uv":[5,3.625,5.375,3.375],"texture":"#0"},"down":{"uv":[5,3.25,5.375,3],"rotation":180,"texture":"#0"}}},{"from":[7.95,4.35,-4.85],"to":[8.05,11.85,3.45],"rotation":{"angle":-22.5,"axis":"x","origin":[8,8.1,-0.7]},"faces":{"east":{"uv":[3.375,0.9375,4.4375,0],"texture":"#0"},"west":{"uv":[3.375,2.0625,4.4375,1.125],"texture":"#0"}}},{"from":[7.8,-15.93211,2.275],"to":[8.2,-2.18211,16.025],"rotation":{"angle":22.5,"axis":"x","origin":[8,-9.05711,9.15]},"faces":{"east":{"uv":[0,0,16,16],"rotation":180,"texture":"#2"},"west":{"uv":[16,0,0,16],"rotation":180,"texture":"#2"}}},{"from":[7.6,-9.4169,9.20546],"to":[8.4,-8.3169,10.20546],"rotation":{"angle":0,"axis":"x","origin":[8.05,-8.4794,9.20546]},"faces":{"north":{"uv":[5.25,6.375,5.5625,6.25],"texture":"#0"},"east":{"uv":[6.875,3.625,6.75,3.5],"rotation":90,"texture":"#0"},"south":{"uv":[4.75,6.25,5.0625,6.375],"rotation":180,"texture":"#0"},"west":{"uv":[6.875,3.875,6.75,3.75],"rotation":270,"texture":"#0"},"up":{"uv":[6.25,3.875,6.5625,4],"rotation":180,"texture":"#0"},"down":{"uv":[4.25,6.25,4.5625,6.375],"texture":"#0"}}},{"from":[7.6,-9.4169,8.20546],"to":[8.4,-6.7669,9.20546],"rotation":{"angle":0,"axis":"x","origin":[8.05,-8.4794,9.20546]},"faces":{"north":{"uv":[5,1.8125,5.3125,1.5],"texture":"#0"},"east":{"uv":[6.5625,3.5,6.25,3.375],"rotation":90,"texture":"#0"},"south":{"uv":[5,1,5.3125,1.3125],"rotation":180,"texture":"#0"},"west":{"uv":[4.0625,6.375,3.75,6.25],"rotation":270,"texture":"#0"},"up":{"uv":[3.25,6.25,3.5625,6.375],"rotation":180,"texture":"#0"},"down":{"uv":[6.25,3.625,6.5625,3.75],"texture":"#0"}}},{"from":[6.8,-4.1661,1.06755],"to":[9.2,-3.1661,3.71755],"rotation":{"angle":-22.5,"axis":"x","origin":[8,-3.92035,2.0887]},"faces":{"north":{"uv":[6.5625,3.75,6.25,3.625],"texture":"#0"},"east":{"uv":[6.5625,3.5,6.25,3.375],"texture":"#0"},"south":{"uv":[3.5625,6.375,3.25,6.25],"texture":"#0"},"west":{"uv":[4.0625,6.375,3.75,6.25],"texture":"#0"},"up":{"uv":[5.3125,1.5,5,1.8125],"texture":"#0"},"down":{"uv":[5.3125,1.3125,5,1],"texture":"#0"}}},{"from":[6.8,-5.1661,1.06755],"to":[9.2,-4.1661,2.16755],"rotation":{"angle":-22.5,"axis":"x","origin":[8,-3.92035,2.0887]},"faces":{"north":{"uv":[4.5625,6.375,4.25,6.25],"texture":"#0"},"east":{"uv":[6.875,3.625,6.75,3.5],"texture":"#0"},"south":{"uv":[6.5625,4,6.25,3.875],"texture":"#0"},"west":{"uv":[6.875,3.875,6.75,3.75],"texture":"#0"},"up":{"uv":[5.5625,6.25,5.25,6.375],"texture":"#0"},"down":{"uv":[5.0625,6.375,4.75,6.25],"texture":"#0"}}},{"from":[7.95,-15.65,9.15],"to":[8.05,-8.15,17.45],"rotation":{"angle":-22.5,"axis":"x","origin":[8,-11.9,13.3]},"faces":{"east":{"uv":[3.375,0.9375,4.4375,0],"texture":"#0"},"west":{"uv":[3.375,2.0625,4.4375,1.125],"texture":"#0"}}},{"from":[7.995,-7.6,7.85],"to":[8.005,-0.1,18.1],"rotation":{"angle":45,"axis":"x","origin":[8,-5.85,7.975]},"faces":{"east":{"uv":[8.8125,1.375,10.125,0.4375],"texture":"#0"},"west":{"uv":[10.125,1.375,8.8125,0.4375],"texture":"#0"}}},{"from":[6.85,-3.98079,1.50556],"to":[9.15,-2.88079,4.20556],"rotation":{"angle":-45,"axis":"x","origin":[8,-3.92035,2.0887]},"faces":{"north":{"uv":[6.5625,2.75,6.25,2.625],"texture":"#0"},"east":{"uv":[1.9375,6.375,1.625,6.25],"texture":"#0"},"south":{"uv":[6.4375,2.5,6.125,2.375],"texture":"#0"},"west":{"uv":[3.0625,6.375,2.75,6.25],"texture":"#0"},"up":{"uv":[5.3125,0.5,5,0.8125],"texture":"#0"},"down":{"uv":[5.3125,0.3125,5,0],"texture":"#0"}}},{"from":[7.55,-7.63211,5.275],"to":[8.45,-3.38211,9.525],"rotation":{"angle":22.5,"axis":"x","origin":[8,-5.50711,7.4]},"faces":{"north":{"uv":[5.625,2.4375,5.5,1.875],"texture":"#0"},"east":{"uv":[3.875,3.5625,4.4375,3],"texture":"#0"},"south":{"uv":[1.875,6.0625,1.75,5.5],"texture":"#0"},"west":{"uv":[4.4375,3.5625,3.875,3],"texture":"#0"},"up":{"uv":[2.375,5.5,2.25,6.0625],"texture":"#0"},"down":{"uv":[2.125,6.0625,2,5.5],"texture":"#0"}}},{"from":[7.55,-7.63211,2.475],"to":[8.45,-3.38211,6.725],"rotation":{"angle":-22.5,"axis":"x","origin":[8,-5.50711,4.6]},"faces":{"north":{"uv":[1.75,6.0625,1.875,5.5],"texture":"#0"},"east":{"uv":[4.4375,3.5625,3.875,3],"texture":"#0"},"south":{"uv":[5.5,2.4375,5.625,1.875],"texture":"#0"},"west":{"uv":[3.875,3.5625,4.4375,3],"texture":"#0"},"up":{"uv":[2.375,6.0625,2.25,5.5],"texture":"#0"},"down":{"uv":[2.125,5.5,2,6.0625],"texture":"#0"}}},{"from":[7,-3.4,5],"to":[9,-2,7],"rotation":{"angle":45,"axis":"y","origin":[8,-2,6]},"faces":{"north":{"uv":[5.875,5.8125,5.625,5.625],"texture":"#0"},"east":{"uv":[5.875,5.4375,5.625,5.25],"texture":"#0"},"south":{"uv":[5.5,5.8125,5.25,5.625],"texture":"#0"},"west":{"uv":[6,1.3125,5.75,1.125],"texture":"#0"},"up":{"uv":[5.75,3,5.5,3.25],"texture":"#0"},"down":{"uv":[5.75,2.875,5.5,2.625],"texture":"#0"}}},{"from":[7.5,-13.52213,13.6713],"to":[8.5,-11.52213,15.6713],"rotation":{"angle":0,"axis":"x","origin":[8,-12.52213,14.6713]},"faces":{"north":{"uv":[5.125,5.5,5.4375,5.25],"texture":"#0"},"east":{"uv":[3.625,5.875,3.375,5.625],"rotation":90,"texture":"#0"},"south":{"uv":[4.625,5.25,4.9375,5.5],"rotation":180,"texture":"#0"},"west":{"uv":[4.875,5.875,4.625,5.625],"rotation":270,"texture":"#0"},"up":{"uv":[0,5.25,0.3125,5.5],"rotation":180,"texture":"#0"},"down":{"uv":[3.375,5.25,3.6875,5.5],"texture":"#0"}}},{"from":[6.55,-4.4,5],"to":[9.45,-3.4,8],"rotation":{"angle":-45,"axis":"x","origin":[8.1,-3.4,6]},"faces":{"north":{"uv":[6.25,4.75,5.875,4.625],"texture":"#0"},"east":{"uv":[6.25,4.5,5.875,4.375],"texture":"#0"},"south":{"uv":[6.25,4.25,5.875,4.125],"texture":"#0"},"west":{"uv":[6.25,5,5.875,4.875],"texture":"#0"},"up":{"uv":[1.625,4.375,1.25,4.75],"texture":"#0"},"down":{"uv":[1.125,4.75,0.75,4.375],"texture":"#0"}}},{"from":[6.55,-4.4,4],"to":[9.45,-3.4,6],"rotation":{"angle":45,"axis":"x","origin":[8.1,-3.4,6]},"faces":{"north":{"uv":[6.375,0.375,6,0.25],"texture":"#0"},"east":{"uv":[6.75,0.875,6.5,0.75],"texture":"#0"},"south":{"uv":[6.375,0.125,6,0],"texture":"#0"},"west":{"uv":[6.875,4.25,6.625,4.125],"texture":"#0"},"up":{"uv":[5.375,4.875,5,5.125],"texture":"#0"},"down":{"uv":[5.375,4.75,5,4.5],"texture":"#0"}}},{"from":[6.55,-6.4,4],"to":[9.45,-4.4,5],"rotation":{"angle":45,"axis":"x","origin":[8.1,-3.4,6]},"faces":{"north":{"uv":[2.625,5.375,2.25,5.125],"texture":"#0"},"east":{"uv":[6.125,6.75,6,6.5],"texture":"#0"},"south":{"uv":[2.125,5.375,1.75,5.125],"texture":"#0"},"west":{"uv":[6.75,4.625,6.625,4.375],"texture":"#0"},"up":{"uv":[6.375,0.75,6,0.875],"texture":"#0"},"down":{"uv":[6.375,0.625,6,0.5],"texture":"#0"}}},{"from":[6.6,-4.18026,3.04982],"to":[9.4,-1.68026,4.04982],"rotation":{"angle":22.5,"axis":"x","origin":[8.05,-3.18026,3.54982]},"faces":{"north":{"uv":[1.625,5.1875,1.25,4.875],"texture":"#0"},"east":{"uv":[6.25,2.1875,6.125,1.875],"texture":"#0"},"south":{"uv":[1.125,5.1875,0.75,4.875],"texture":"#0"},"west":{"uv":[0.625,6.5625,0.5,6.25],"texture":"#0"},"up":{"uv":[3.625,6,3.25,6.125],"texture":"#0"},"down":{"uv":[3.125,6.125,2.75,6],"texture":"#0"}}},{"from":[6.55,-6.4,5],"to":[9.45,-5.4,6],"rotation":{"angle":45,"axis":"x","origin":[8.1,-3.4,6]},"faces":{"north":{"uv":[6.375,5.25,6,5.125],"texture":"#0"},"east":{"uv":[6.875,3.125,6.75,3],"texture":"#0"},"south":{"uv":[4.875,6.125,4.5,6],"texture":"#0"},"west":{"uv":[6.875,3.375,6.75,3.25],"texture":"#0"},"up":{"uv":[6.375,5.375,6,5.5],"texture":"#0"},"down":{"uv":[5.625,6.125,5.25,6],"texture":"#0"}}},{"from":[6.55,-6.4,6],"to":[9.45,-5.4,7],"rotation":{"angle":-45,"axis":"x","origin":[8.1,-3.4,6]},"faces":{"north":{"uv":[4.5,6.125,4.875,6],"texture":"#0"},"east":{"uv":[6.75,3.125,6.875,3],"texture":"#0"},"south":{"uv":[6,5.25,6.375,5.125],"texture":"#0"},"west":{"uv":[6.75,3.375,6.875,3.25],"texture":"#0"},"up":{"uv":[6.375,5.5,6,5.375],"texture":"#0"},"down":{"uv":[5.625,6,5.25,6.125],"texture":"#0"}}},{"from":[6.55,-6.4,7],"to":[9.45,-4.4,8],"rotation":{"angle":-45,"axis":"x","origin":[8.1,-3.4,6]},"faces":{"north":{"uv":[1.75,5.375,2.125,5.125],"texture":"#0"},"east":{"uv":[6,6.75,6.125,6.5],"texture":"#0"},"south":{"uv":[2.25,5.375,2.625,5.125],"texture":"#0"},"west":{"uv":[6.625,4.625,6.75,4.375],"texture":"#0"},"up":{"uv":[6.375,0.875,6,0.75],"texture":"#0"},"down":{"uv":[6.375,0.5,6,0.625],"texture":"#0"}}},{"from":[6.6,-4.18026,7.95018],"to":[9.4,-1.68026,8.95018],"rotation":{"angle":-22.5,"axis":"x","origin":[8.05,-3.18026,8.45018]},"faces":{"north":{"uv":[0.75,5.1875,1.125,4.875],"texture":"#0"},"east":{"uv":[6.125,2.1875,6.25,1.875],"texture":"#0"},"south":{"uv":[1.25,5.1875,1.625,4.875],"texture":"#0"},"west":{"uv":[0.5,6.5625,0.625,6.25],"texture":"#0"},"up":{"uv":[3.625,6.125,3.25,6],"texture":"#0"},"down":{"uv":[3.125,6,2.75,6.125],"texture":"#0"}}},{"from":[7,-1.6,5],"to":[9,-0.35,7],"rotation":{"angle":45,"axis":"y","origin":[8,-0.35,6]},"faces":{"north":{"uv":[6.125,3.9375,5.875,3.75],"texture":"#0"},"east":{"uv":[4,6.0625,3.75,5.875],"texture":"#0"},"south":{"uv":[6.125,3.5625,5.875,3.375],"texture":"#0"},"west":{"uv":[4.375,6.0625,4.125,5.875],"texture":"#0"},"up":{"uv":[5.75,4.5,5.5,4.75],"texture":"#0"},"down":{"uv":[4.5,5.75,4.25,5.5],"texture":"#0"}}},{"from":[7.15,-1.5,5.17929],"to":[8.75,-0.45,6.77929],"rotation":{"angle":45,"axis":"y","origin":[8,-0.35,5.92929]},"faces":{"north":{"uv":[5.1875,6.6875,5,6.5],"texture":"#0"},"east":{"uv":[4.8125,6.6875,4.625,6.5],"texture":"#0"},"south":{"uv":[4.4375,6.6875,4.25,6.5],"texture":"#0"},"west":{"uv":[6.6875,5.3125,6.5,5.125],"texture":"#0"},"up":{"uv":[6.8125,2.25,6.625,2.4375],"texture":"#0"},"down":{"uv":[5.5625,6.6875,5.375,6.5],"texture":"#0"}}},{"from":[7.05,-7.75,4.52678],"to":[8.95,-3.7,8.57678],"rotation":{"angle":45,"axis":"x","origin":[8.1,-5.1,6.17678]},"faces":{"north":{"uv":[5.9375,7.0625,5.8125,6.5],"texture":"#0"},"east":{"uv":[4.4375,2.8125,3.875,2.25],"texture":"#0"},"south":{"uv":[5.5625,7.0625,5.4375,6.5],"texture":"#0"},"west":{"uv":[3.875,2.8125,4.4375,2.25],"texture":"#0"},"up":{"uv":[5.625,6.5,5.75,7.0625],"texture":"#0"},"down":{"uv":[5.25,6.5,5.375,7.0625],"texture":"#0"}}},{"from":[7.15,-7.68211,4.125],"to":[8.85,-3.93211,7.875],"rotation":{"angle":0,"axis":"y","origin":[8,-5.80711,6]},"faces":{"east":{"uv":[0,16,16,0],"texture":"#1"},"west":{"uv":[16,16,0,0],"texture":"#1"}}},{"from":[7.55,-10.6,10.8],"to":[8.45,-8.6,12.8],"rotation":{"angle":0,"axis":"x","origin":[8,-9.6,11.8]},"faces":{"north":{"uv":[5,4.375,5.375,4.125],"texture":"#0"},"east":{"uv":[5.75,5.125,5.5,4.875],"rotation":90,"texture":"#0"},"south":{"uv":[5,3.75,5.375,4],"rotation":180,"texture":"#0"},"west":{"uv":[0.25,5.875,0,5.625],"rotation":270,"texture":"#0"},"up":{"uv":[5,3,5.375,3.25],"rotation":180,"texture":"#0"},"down":{"uv":[5,3.375,5.375,3.625],"texture":"#0"}}},{"from":[7.95,-9.85,-4.85],"to":[8.05,-2.35,3.45],"rotation":{"angle":22.5,"axis":"x","origin":[8,-6.1,-0.7]},"faces":{"east":{"uv":[3.375,0,4.4375,0.9375],"texture":"#0"},"west":{"uv":[3.375,1.125,4.4375,2.0625],"texture":"#0"}}},{"from":[7.35,-3,5.35],"to":[8.65,5,6.65],"rotation":{"angle":45,"axis":"y","origin":[8,5,6]},"faces":{"north":{"uv":[0.25,7.125,0.0625,8.1875],"texture":"#0"},"east":{"uv":[0.0625,7.125,0.25,8.1875],"texture":"#0"},"south":{"uv":[0.25,7.125,0.0625,8.1875],"texture":"#0"},"west":{"uv":[0.0625,7.125,0.25,8.1875],"texture":"#0"},"up":{"uv":[6.4375,6.375,6.25,6.5625],"texture":"#0"},"down":{"uv":[6.6875,0.1875,6.5,0],"texture":"#0"}}}],"gui_light":"front","display":{"thirdperson_righthand":{"translation":[0,3.75,3],"scale":[0.8,0.8,0.8]},"thirdperson_lefthand":{"translation":[0,3.75,3],"scale":[0.8,0.8,0.8]},"firstperson_righthand":{"rotation":[3.04,-5.83,2.77],"translation":[10,7.25,-7]},"firstperson_lefthand":{"rotation":[3.04,-5.83,2.77],"translation":[10,7.25,-7]},"ground":{"rotation":[0,0,33],"translation":[-5.5,6.75,0],"scale":[0.5,0.5,0.5]},"gui":{"rotation":[90,45,-90],"translation":[1.75,3.75,0],"scale":[0.55,0.55,0.55]},"head":{"scale":[0.01,0.01,0.01]},"fixed":{"rotation":[0,-90,0],"translation":[0,12,-1.25],"scale":[1.63,1.63,1.63]}}}