{"credit":"Made with Blockbench","textures":{"0":"demon_lord:texture","1":"demon_lord:eye","2":"demon_lord:smoke","3":"demon_lord:eff_01","particle":"demon_lord:texture"},"elements":[{"from":[6.5,-1.56789,-0.625],"to":[9.5,15.68211,16.625],"rotation":{"angle":0,"axis":"y","origin":[8,7.05711,8]},"faces":{"east":{"uv":[0,16,16,0],"rotation":180,"texture":"#3"},"west":{"uv":[16,16,0,0],"rotation":180,"texture":"#3"}}},{"from":[7.8,1.18211,5.275],"to":[8.2,14.93211,19.025],"rotation":{"angle":0,"axis":"y","origin":[7.95,8.05711,12.15]},"faces":{"east":{"uv":[0,16,16,0],"rotation":180,"texture":"#2"},"west":{"uv":[16,16,0,0],"rotation":180,"texture":"#2"}}},{"from":[7.8,1.18211,-3.025],"to":[8.2,14.93211,10.725],"rotation":{"angle":0,"axis":"y","origin":[7.95,8.05711,3.85]},"faces":{"east":{"uv":[16,16,0,0],"rotation":180,"texture":"#2"},"west":{"uv":[0,16,16,0],"rotation":180,"texture":"#2"}}},{"from":[6.8,6.1661,3.06755],"to":[9.2,7.1661,4.16755],"rotation":{"angle":22.5,"axis":"x","origin":[8,5.92035,4.0887]},"faces":{"north":{"uv":[4.5625,6.25,4.25,6.375],"texture":"#0"},"east":{"uv":[6.875,3.5,6.75,3.625],"texture":"#0"},"south":{"uv":[6.5625,3.875,6.25,4],"texture":"#0"},"west":{"uv":[6.875,3.75,6.75,3.875],"texture":"#0"},"up":{"uv":[5.0625,6.25,4.75,6.375],"texture":"#0"},"down":{"uv":[5.5625,6.375,5.25,6.25],"texture":"#0"}}},{"from":[6.8,5.1661,3.06755],"to":[9.2,6.1661,5.71755],"rotation":{"angle":22.5,"axis":"x","origin":[8,5.92035,4.0887]},"faces":{"north":{"uv":[6.5625,3.625,6.25,3.75],"texture":"#0"},"east":{"uv":[6.5625,3.375,6.25,3.5],"texture":"#0"},"south":{"uv":[3.5625,6.25,3.25,6.375],"texture":"#0"},"west":{"uv":[4.0625,6.25,3.75,6.375],"texture":"#0"},"up":{"uv":[5.3125,1,5,1.3125],"texture":"#0"},"down":{"uv":[5.3125,1.8125,5,1.5],"texture":"#0"}}},{"from":[6.8,5.1661,10.28245],"to":[9.2,6.1661,12.93245],"rotation":{"angle":-22.5,"axis":"x","origin":[8,5.92035,11.9113]},"faces":{"north":{"uv":[3.25,6.25,3.5625,6.375],"texture":"#0"},"east":{"uv":[6.25,3.375,6.5625,3.5],"texture":"#0"},"south":{"uv":[6.25,3.625,6.5625,3.75],"texture":"#0"},"west":{"uv":[3.75,6.25,4.0625,6.375],"texture":"#0"},"up":{"uv":[5.3125,1.3125,5,1],"texture":"#0"},"down":{"uv":[5.3125,1.5,5,1.8125],"texture":"#0"}}},{"from":[6.8,6.1661,11.83245],"to":[9.2,7.1661,12.93245],"rotation":{"angle":-22.5,"axis":"x","origin":[8,5.92035,11.9113]},"faces":{"north":{"uv":[6.25,3.875,6.5625,4],"texture":"#0"},"east":{"uv":[6.75,3.5,6.875,3.625],"texture":"#0"},"south":{"uv":[4.25,6.25,4.5625,6.375],"texture":"#0"},"west":{"uv":[6.75,3.75,6.875,3.875],"texture":"#0"},"up":{"uv":[5.0625,6.375,4.75,6.25],"texture":"#0"},"down":{"uv":[5.5625,6.25,5.25,6.375],"texture":"#0"}}},{"from":[7.95,3.7,-0.4],"to":[8.05,11.2,7.9],"rotation":{"angle":-22.5,"axis":"x","origin":[8,7.45,3.75]},"faces":{"east":{"uv":[3.375,0,4.4375,0.9375],"texture":"#0"},"west":{"uv":[3.375,1.125,4.4375,2.0625],"texture":"#0"}}},{"from":[7.95,3.7,8.1],"to":[8.05,11.2,16.4],"rotation":{"angle":22.5,"axis":"x","origin":[8,7.45,12.25]},"faces":{"east":{"uv":[4.4375,0,3.375,0.9375],"texture":"#0"},"west":{"uv":[4.4375,1.125,3.375,2.0625],"texture":"#0"}}},{"from":[7.995,6.5,4.375],"to":[8.005,19,11.625],"rotation":{"angle":0,"axis":"y","origin":[8,10.25,8.5]},"faces":{"east":{"uv":[8.3125,3.125,7.5625,4.4375],"texture":"#0"},"west":{"uv":[7.5625,3.125,8.3125,4.4375],"texture":"#0"}}},{"from":[6.85,4.88079,9.79444],"to":[9.15,5.98079,12.49444],"rotation":{"angle":-45,"axis":"x","origin":[8,5.92035,11.9113]},"faces":{"north":{"uv":[6.125,2.375,6.4375,2.5],"texture":"#0"},"east":{"uv":[1.625,6.25,1.9375,6.375],"texture":"#0"},"south":{"uv":[6.25,2.625,6.5625,2.75],"texture":"#0"},"west":{"uv":[2.75,6.25,3.0625,6.375],"texture":"#0"},"up":{"uv":[5.3125,0.3125,5,0],"texture":"#0"},"down":{"uv":[5.3125,0.5,5,0.8125],"texture":"#0"}}},{"from":[6.85,4.88079,3.50556],"to":[9.15,5.98079,6.20556],"rotation":{"angle":45,"axis":"x","origin":[8,5.92035,4.0887]},"faces":{"north":{"uv":[6.5625,2.625,6.25,2.75],"texture":"#0"},"east":{"uv":[1.9375,6.25,1.625,6.375],"texture":"#0"},"south":{"uv":[6.4375,2.375,6.125,2.5],"texture":"#0"},"west":{"uv":[3.0625,6.25,2.75,6.375],"texture":"#0"},"up":{"uv":[5.3125,0,5,0.3125],"texture":"#0"},"down":{"uv":[5.3125,0.8125,5,0.5],"texture":"#0"}}},{"from":[7.35,-2,7.35],"to":[8.65,4,8.65],"rotation":{"angle":-45,"axis":"y","origin":[8,4,8]},"faces":{"north":{"uv":[0.4375,7.0625,0.625,7.8125],"texture":"#0"},"east":{"uv":[0.625,7.0625,0.4375,7.8125],"texture":"#0"},"south":{"uv":[0.4375,7.0625,0.625,7.8125],"texture":"#0"},"west":{"uv":[0.625,7.0625,0.4375,7.8125],"texture":"#0"},"up":{"uv":[6.4375,6.5625,6.25,6.375],"texture":"#0"},"down":{"uv":[6.6875,0,6.5,0.1875],"texture":"#0"}}},{"from":[7.55,5.38211,4.475],"to":[8.45,9.63211,8.725],"rotation":{"angle":22.5,"axis":"x","origin":[8,7.50711,6.6]},"faces":{"north":{"uv":[1.75,5.5,1.875,6.0625],"texture":"#0"},"east":{"uv":[4.4375,3,3.875,3.5625],"texture":"#0"},"south":{"uv":[5.5,1.875,5.625,2.4375],"texture":"#0"},"west":{"uv":[3.875,3,4.4375,3.5625],"texture":"#0"},"up":{"uv":[2.125,6.0625,2,5.5],"texture":"#0"},"down":{"uv":[2.375,5.5,2.25,6.0625],"texture":"#0"}}},{"from":[7.55,5.38211,7.275],"to":[8.45,9.63211,11.525],"rotation":{"angle":-22.5,"axis":"x","origin":[8,7.50711,9.4]},"faces":{"north":{"uv":[5.625,1.875,5.5,2.4375],"texture":"#0"},"east":{"uv":[3.875,3,4.4375,3.5625],"texture":"#0"},"south":{"uv":[1.875,5.5,1.75,6.0625],"texture":"#0"},"west":{"uv":[4.4375,3,3.875,3.5625],"texture":"#0"},"up":{"uv":[2.125,5.5,2,6.0625],"texture":"#0"},"down":{"uv":[2.375,6.0625,2.25,5.5],"texture":"#0"}}},{"from":[7.35,-10,7.35],"to":[8.65,-2,8.65],"rotation":{"angle":-45,"axis":"y","origin":[8,-2,8]},"faces":{"north":{"uv":[0.0625,7.125,0.25,8.1875],"texture":"#0"},"east":{"uv":[0.25,7.125,0.0625,8.1875],"texture":"#0"},"south":{"uv":[0.0625,7.125,0.25,8.1875],"texture":"#0"},"west":{"uv":[0.25,7.125,0.0625,8.1875],"texture":"#0"},"up":{"uv":[6.4375,6.5625,6.25,6.375],"texture":"#0"},"down":{"uv":[6.6875,0,6.5,0.1875],"texture":"#0"}}},{"from":[7,4,7],"to":[9,5.4,9],"rotation":{"angle":-45,"axis":"y","origin":[8,4,8]},"faces":{"north":{"uv":[5.25,5.625,5.5,5.8125],"texture":"#0"},"east":{"uv":[5.625,5.25,5.875,5.4375],"texture":"#0"},"south":{"uv":[5.625,5.625,5.875,5.8125],"texture":"#0"},"west":{"uv":[5.75,1.125,6,1.3125],"texture":"#0"},"up":{"uv":[5.75,2.875,5.5,2.625],"texture":"#0"},"down":{"uv":[5.75,3,5.5,3.25],"texture":"#0"}}},{"from":[7,-11.4,7],"to":[9,-10,9],"rotation":{"angle":-45,"axis":"y","origin":[8,-11.4,8]},"faces":{"north":{"uv":[5.25,5.625,5.5,5.8125],"texture":"#0"},"east":{"uv":[5.625,5.25,5.875,5.4375],"texture":"#0"},"south":{"uv":[5.625,5.625,5.875,5.8125],"texture":"#0"},"west":{"uv":[5.75,1.125,6,1.3125],"texture":"#0"},"up":{"uv":[5.75,2.875,5.5,2.625],"texture":"#0"},"down":{"uv":[5.75,3,5.5,3.25],"texture":"#0"}}},{"from":[7,-9.65,7],"to":[9,-8.4,9],"rotation":{"angle":-45,"axis":"y","origin":[8,-9.65,8]},"faces":{"north":{"uv":[5.875,3.375,6.125,3.5625],"texture":"#0"},"east":{"uv":[3.75,5.875,4,6.0625],"texture":"#0"},"south":{"uv":[5.875,3.75,6.125,3.9375],"texture":"#0"},"west":{"uv":[4.125,5.875,4.375,6.0625],"texture":"#0"},"up":{"uv":[4.5,5.75,4.25,5.5],"texture":"#0"},"down":{"uv":[5.75,4.5,5.5,4.75],"texture":"#0"}}},{"from":[6.55,-12.4,7],"to":[9.45,-10.4,9],"rotation":{"angle":-45,"axis":"x","origin":[8.1,-11.4,8]},"faces":{"north":{"uv":[5,3,5.375,3.25],"texture":"#0"},"east":{"uv":[5.5,4.875,5.75,5.125],"texture":"#0"},"south":{"uv":[5,3.375,5.375,3.625],"texture":"#0"},"west":{"uv":[0,5.625,0.25,5.875],"texture":"#0"},"up":{"uv":[5.375,4,5,3.75],"texture":"#0"},"down":{"uv":[5.375,4.125,5,4.375],"texture":"#0"}}},{"from":[6.8,-15.4,7],"to":[9.2,-13.4,9],"rotation":{"angle":-45,"axis":"x","origin":[8.1,-14.4,8]},"faces":{"north":{"uv":[0,5.25,0.3125,5.5],"texture":"#0"},"east":{"uv":[3.375,5.625,3.625,5.875],"texture":"#0"},"south":{"uv":[3.375,5.25,3.6875,5.5],"texture":"#0"},"west":{"uv":[4.625,5.625,4.875,5.875],"texture":"#0"},"up":{"uv":[4.9375,5.5,4.625,5.25],"texture":"#0"},"down":{"uv":[5.4375,5.25,5.125,5.5],"texture":"#0"}}},{"from":[6.55,5.4,6],"to":[9.45,6.4,9],"rotation":{"angle":-45,"axis":"x","origin":[8.1,5.4,8]},"faces":{"north":{"uv":[5.875,4.125,6.25,4.25],"texture":"#0"},"east":{"uv":[5.875,4.375,6.25,4.5],"texture":"#0"},"south":{"uv":[5.875,4.625,6.25,4.75],"texture":"#0"},"west":{"uv":[5.875,4.875,6.25,5],"texture":"#0"},"up":{"uv":[1.125,4.75,0.75,4.375],"texture":"#0"},"down":{"uv":[1.625,4.375,1.25,4.75],"texture":"#0"}}},{"from":[6.55,5.4,8],"to":[9.45,6.4,10],"rotation":{"angle":45,"axis":"x","origin":[8.1,5.4,8]},"faces":{"north":{"uv":[6,0,6.375,0.125],"texture":"#0"},"east":{"uv":[6.5,0.75,6.75,0.875],"texture":"#0"},"south":{"uv":[6,0.25,6.375,0.375],"texture":"#0"},"west":{"uv":[6.625,4.125,6.875,4.25],"texture":"#0"},"up":{"uv":[5.375,4.75,5,4.5],"texture":"#0"},"down":{"uv":[5.375,4.875,5,5.125],"texture":"#0"}}},{"from":[6.55,6.4,9],"to":[9.45,8.4,10],"rotation":{"angle":45,"axis":"x","origin":[8.1,5.4,8]},"faces":{"north":{"uv":[1.75,5.125,2.125,5.375],"texture":"#0"},"east":{"uv":[6,6.5,6.125,6.75],"texture":"#0"},"south":{"uv":[2.25,5.125,2.625,5.375],"texture":"#0"},"west":{"uv":[6.625,4.375,6.75,4.625],"texture":"#0"},"up":{"uv":[6.375,0.625,6,0.5],"texture":"#0"},"down":{"uv":[6.375,0.75,6,0.875],"texture":"#0"}}},{"from":[6.6,3.68026,9.95018],"to":[9.4,6.18026,10.95018],"rotation":{"angle":22.5,"axis":"x","origin":[8.05,5.18026,10.45018]},"faces":{"north":{"uv":[0.75,4.875,1.125,5.1875],"texture":"#0"},"east":{"uv":[6.125,1.875,6.25,2.1875],"texture":"#0"},"south":{"uv":[1.25,4.875,1.625,5.1875],"texture":"#0"},"west":{"uv":[0.5,6.25,0.625,6.5625],"texture":"#0"},"up":{"uv":[3.125,6.125,2.75,6],"texture":"#0"},"down":{"uv":[3.625,6,3.25,6.125],"texture":"#0"}}},{"from":[6.55,7.4,8],"to":[9.45,8.4,9],"rotation":{"angle":45,"axis":"x","origin":[8.1,5.4,8]},"faces":{"north":{"uv":[4.5,6,4.875,6.125],"texture":"#0"},"east":{"uv":[6.75,3,6.875,3.125],"texture":"#0"},"south":{"uv":[6,5.125,6.375,5.25],"texture":"#0"},"west":{"uv":[6.75,3.25,6.875,3.375],"texture":"#0"},"up":{"uv":[5.625,6.125,5.25,6],"texture":"#0"},"down":{"uv":[6.375,5.375,6,5.5],"texture":"#0"}}},{"from":[6.55,7.4,7],"to":[9.45,8.4,8],"rotation":{"angle":-45,"axis":"x","origin":[8.1,5.4,8]},"faces":{"north":{"uv":[6.375,5.125,6,5.25],"texture":"#0"},"east":{"uv":[6.875,3,6.75,3.125],"texture":"#0"},"south":{"uv":[4.875,6,4.5,6.125],"texture":"#0"},"west":{"uv":[6.875,3.25,6.75,3.375],"texture":"#0"},"up":{"uv":[5.625,6,5.25,6.125],"texture":"#0"},"down":{"uv":[6.375,5.5,6,5.375],"texture":"#0"}}},{"from":[6.55,6.4,6],"to":[9.45,8.4,7],"rotation":{"angle":-45,"axis":"x","origin":[8.1,5.4,8]},"faces":{"north":{"uv":[2.625,5.125,2.25,5.375],"texture":"#0"},"east":{"uv":[6.125,6.5,6,6.75],"texture":"#0"},"south":{"uv":[2.125,5.125,1.75,5.375],"texture":"#0"},"west":{"uv":[6.75,4.375,6.625,4.625],"texture":"#0"},"up":{"uv":[6.375,0.5,6,0.625],"texture":"#0"},"down":{"uv":[6.375,0.875,6,0.75],"texture":"#0"}}},{"from":[6.6,3.68026,5.04982],"to":[9.4,6.18026,6.04982],"rotation":{"angle":-22.5,"axis":"x","origin":[8.05,5.18026,5.54982]},"faces":{"north":{"uv":[1.625,4.875,1.25,5.1875],"texture":"#0"},"east":{"uv":[6.25,1.875,6.125,2.1875],"texture":"#0"},"south":{"uv":[1.125,4.875,0.75,5.1875],"texture":"#0"},"west":{"uv":[0.625,6.25,0.5,6.5625],"texture":"#0"},"up":{"uv":[3.125,6,2.75,6.125],"texture":"#0"},"down":{"uv":[3.625,6.125,3.25,6],"texture":"#0"}}},{"from":[6.85,-12.42835,9.41086],"to":[9.15,-9.92835,10.41086],"rotation":{"angle":-22.5,"axis":"x","origin":[8,-12.01825,9.5019]},"faces":{"north":{"uv":[5,2,5.3125,2.3125],"texture":"#0"},"east":{"uv":[0.75,6.25,0.875,6.5625],"texture":"#0"},"south":{"uv":[5,2.5,5.3125,2.8125],"texture":"#0"},"west":{"uv":[2.125,6.25,2.25,6.5625],"texture":"#0"},"up":{"uv":[6.5625,5.75,6.25,5.625],"texture":"#0"},"down":{"uv":[6.5625,5.875,6.25,6],"texture":"#0"}}},{"from":[6.8,-13.05259,9.21755],"to":[9.2,-11.05259,10.21755],"rotation":{"angle":-45,"axis":"x","origin":[8,-12.01825,9.5019]},"faces":{"north":{"uv":[1.25,5.375,1.5625,5.625],"texture":"#0"},"east":{"uv":[6.625,6.625,6.75,6.875],"texture":"#0"},"south":{"uv":[5.5,0,5.8125,0.25],"texture":"#0"},"west":{"uv":[0.5,6.75,0.625,7],"texture":"#0"},"up":{"uv":[6.5625,6.25,6.25,6.125],"texture":"#0"},"down":{"uv":[6.6875,1,6.375,1.125],"texture":"#0"}}},{"from":[6.8,-13.05259,8.21755],"to":[9.2,-12.05259,9.21755],"rotation":{"angle":-45,"axis":"x","origin":[8,-12.01825,9.5019]},"faces":{"north":{"uv":[6.375,1.25,6.6875,1.375],"texture":"#0"},"east":{"uv":[6.75,5.5,6.875,5.625],"texture":"#0"},"south":{"uv":[6.375,1.5,6.6875,1.625],"texture":"#0"},"west":{"uv":[6.75,5.75,6.875,5.875],"texture":"#0"},"up":{"uv":[6.6875,1.875,6.375,1.75],"texture":"#0"},"down":{"uv":[6.6875,2,6.375,2.125],"texture":"#0"}}},{"from":[6.85,-12.42835,5.58914],"to":[9.15,-9.92835,6.58914],"rotation":{"angle":22.5,"axis":"x","origin":[8,-12.01825,6.4981]},"faces":{"north":{"uv":[5.3125,2.5,5,2.8125],"texture":"#0"},"east":{"uv":[0.875,6.25,0.75,6.5625],"texture":"#0"},"south":{"uv":[5.3125,2,5,2.3125],"texture":"#0"},"west":{"uv":[2.25,6.25,2.125,6.5625],"texture":"#0"},"up":{"uv":[6.5625,5.625,6.25,5.75],"texture":"#0"},"down":{"uv":[6.5625,6,6.25,5.875],"texture":"#0"}}},{"from":[6.8,-13.05259,5.78245],"to":[9.2,-11.05259,6.78245],"rotation":{"angle":45,"axis":"x","origin":[8,-12.01825,6.4981]},"faces":{"north":{"uv":[5.8125,0,5.5,0.25],"texture":"#0"},"east":{"uv":[6.75,6.625,6.625,6.875],"texture":"#0"},"south":{"uv":[1.5625,5.375,1.25,5.625],"texture":"#0"},"west":{"uv":[0.625,6.75,0.5,7],"texture":"#0"},"up":{"uv":[6.5625,6.125,6.25,6.25],"texture":"#0"},"down":{"uv":[6.6875,1.125,6.375,1],"texture":"#0"}}},{"from":[6.8,-13.05259,6.78245],"to":[9.2,-12.05259,7.78245],"rotation":{"angle":45,"axis":"x","origin":[8,-12.01825,6.4981]},"faces":{"north":{"uv":[6.6875,1.5,6.375,1.625],"texture":"#0"},"east":{"uv":[6.875,5.5,6.75,5.625],"texture":"#0"},"south":{"uv":[6.6875,1.25,6.375,1.375],"texture":"#0"},"west":{"uv":[6.875,5.75,6.75,5.875],"texture":"#0"},"up":{"uv":[6.6875,1.75,6.375,1.875],"texture":"#0"},"down":{"uv":[6.6875,2.125,6.375,2],"texture":"#0"}}},{"from":[7.15,-9.55,7.22071],"to":[8.75,-8.5,8.82071],"rotation":{"angle":-45,"axis":"y","origin":[8,-9.65,8.07071]},"faces":{"north":{"uv":[4.25,6.5,4.4375,6.6875],"texture":"#0"},"east":{"uv":[4.625,6.5,4.8125,6.6875],"texture":"#0"},"south":{"uv":[5,6.5,5.1875,6.6875],"texture":"#0"},"west":{"uv":[6.5,5.125,6.6875,5.3125],"texture":"#0"},"up":{"uv":[5.5625,6.6875,5.375,6.5],"texture":"#0"},"down":{"uv":[6.8125,2.25,6.625,2.4375],"texture":"#0"}}},{"from":[7,-2,7],"to":[9,-0.75,9],"rotation":{"angle":-45,"axis":"y","origin":[8,-2,8]},"faces":{"north":{"uv":[5.875,3.375,6.125,3.5625],"texture":"#0"},"east":{"uv":[3.75,5.875,4,6.0625],"texture":"#0"},"south":{"uv":[5.875,3.75,6.125,3.9375],"texture":"#0"},"west":{"uv":[4.125,5.875,4.375,6.0625],"texture":"#0"},"up":{"uv":[4.5,5.75,4.25,5.5],"texture":"#0"},"down":{"uv":[5.75,4.5,5.5,4.75],"texture":"#0"}}},{"from":[7.15,-1.9,7.22071],"to":[8.75,-0.85,8.82071],"rotation":{"angle":-45,"axis":"y","origin":[8,-2,8.07071]},"faces":{"north":{"uv":[4.25,6.5,4.4375,6.6875],"texture":"#0"},"east":{"uv":[4.625,6.5,4.8125,6.6875],"texture":"#0"},"south":{"uv":[5,6.5,5.1875,6.6875],"texture":"#0"},"west":{"uv":[6.5,5.125,6.6875,5.3125],"texture":"#0"},"up":{"uv":[5.5625,6.6875,5.375,6.5],"texture":"#0"},"down":{"uv":[6.8125,2.25,6.625,2.4375],"texture":"#0"}}},{"from":[7,2.35,7],"to":[9,3.6,9],"rotation":{"angle":-45,"axis":"y","origin":[8,2.35,8]},"faces":{"north":{"uv":[5.875,3.375,6.125,3.5625],"texture":"#0"},"east":{"uv":[3.75,5.875,4,6.0625],"texture":"#0"},"south":{"uv":[5.875,3.75,6.125,3.9375],"texture":"#0"},"west":{"uv":[4.125,5.875,4.375,6.0625],"texture":"#0"},"up":{"uv":[4.5,5.75,4.25,5.5],"texture":"#0"},"down":{"uv":[5.75,4.5,5.5,4.75],"texture":"#0"}}},{"from":[7.15,2.45,7.22071],"to":[8.75,3.5,8.82071],"rotation":{"angle":-45,"axis":"y","origin":[8,2.35,8.07071]},"faces":{"north":{"uv":[4.25,6.5,4.4375,6.6875],"texture":"#0"},"east":{"uv":[4.625,6.5,4.8125,6.6875],"texture":"#0"},"south":{"uv":[5,6.5,5.1875,6.6875],"texture":"#0"},"west":{"uv":[6.5,5.125,6.6875,5.3125],"texture":"#0"},"up":{"uv":[5.5625,6.6875,5.375,6.5],"texture":"#0"},"down":{"uv":[6.8125,2.25,6.625,2.4375],"texture":"#0"}}},{"from":[7.05,5.7,5.42322],"to":[8.95,9.75,9.47322],"rotation":{"angle":45,"axis":"x","origin":[8.1,7.1,7.82322]},"faces":{"north":{"uv":[5.4375,6.5,5.5625,7.0625],"texture":"#0"},"east":{"uv":[3.875,2.25,4.4375,2.8125],"texture":"#0"},"south":{"uv":[5.8125,6.5,5.9375,7.0625],"texture":"#0"},"west":{"uv":[4.4375,2.25,3.875,2.8125],"texture":"#0"},"up":{"uv":[5.25,6.5,5.375,7.0625],"texture":"#0"},"down":{"uv":[5.625,6.5,5.75,7.0625],"texture":"#0"}}},{"from":[7.15,5.93211,6.125],"to":[8.85,9.68211,9.875],"rotation":{"angle":0,"axis":"y","origin":[8,7.80711,8]},"faces":{"east":{"uv":[16,0,0,16],"texture":"#1"},"west":{"uv":[0,0,16,16],"texture":"#1"}}}],"gui_light":"front","display":{"thirdperson_righthand":{"translation":[0,8.5,1.5],"scale":[0.8,0.8,0.8]},"thirdperson_lefthand":{"translation":[0,8.5,1.5],"scale":[0.8,0.8,0.8]},"firstperson_righthand":{"rotation":[16.29,-10.08,2.94],"translation":[10,4.5,-6.75]},"firstperson_lefthand":{"rotation":[16.29,-10.08,2.94],"translation":[10,4.5,-6.75]},"ground":{"rotation":[0,0,33],"translation":[-5.5,6.75,0],"scale":[0.5,0.5,0.5]},"gui":{"rotation":[-90,45,90],"translation":[-1.75,1.75,0],"scale":[0.55,0.55,0.55]},"head":{"scale":[0.01,0.01,0.01]},"fixed":{"rotation":[0,90,0],"translation":[0,12,-1.25],"scale":[1.63,1.63,1.63]}}}