{"credit":"MadewithBlockbench","textures":{"0":"autumn_festival:pickaxe","1":"autumn_festival:eff03","2":"autumn_festival:clouds_eff","3":"autumn_festival:pickaxe_1","particle":"autumn_festival:pickaxe"},"elements":[{"from":[7.08,10.32454,8.37952],"to":[8.92,13.32454,9.77952],"rotation":{"angle":45,"axis":"x","origin":[8,11.91954,7.55452]},"faces":{"north":{"uv":[1,10,0,11.6],"texture":"#0"},"east":{"uv":[3.2,11.2,2.4,12.8],"texture":"#0"},"south":{"uv":[3.4,9.6,2.4,11.2],"texture":"#0"},"west":{"uv":[12,3.2,11.2,4.8],"texture":"#0"},"up":{"uv":[13.4,5.6,12.4,6.4],"texture":"#0"},"down":{"uv":[13.4,7.2,12.4,6.4],"texture":"#0"}}},{"from":[7.08,10.32454,5.97952],"to":[8.92,11.40454,8.37952],"rotation":{"angle":45,"axis":"x","origin":[8,11.91954,7.55452]},"faces":{"north":{"uv":[11.4,13.6,10.4,14.2],"texture":"#0"},"east":{"uv":[10.8,12.4,9.6,13],"texture":"#0"},"south":{"uv":[9.4,13.6,8.4,14.2],"texture":"#0"},"west":{"uv":[13.6,12,12.4,12.6],"texture":"#0"},"up":{"uv":[12.2,9.6,11.2,10.8],"texture":"#0"},"down":{"uv":[11.4,12.4,10.4,11.2],"texture":"#0"}}},{"from":[7.4,11.34881,6.35526],"to":[8.6,13.74881,8.75526],"rotation":{"angle":45,"axis":"x","origin":[8,11.91954,7.55452]},"faces":{"north":{"uv":[13,8,12.4,9.2],"texture":"#0"},"east":{"uv":[11.2,0,10,1.2],"texture":"#0"},"south":{"uv":[8.6,12.4,8,13.6],"texture":"#0"},"west":{"uv":[11.2,1.2,10,2.4],"texture":"#0"},"up":{"uv":[9.4,12.4,8.8,13.6],"texture":"#0"},"down":{"uv":[13,10.4,12.4,9.2],"texture":"#0"}}},{"from":[7.24,12.55761,5.02604],"to":[8.76,14.95761,7.42604],"rotation":{"angle":22.5,"axis":"x","origin":[8,14.55687,5.17678]},"faces":{"north":{"uv":[12.8,3.6,12,4.8],"rotation":180,"texture":"#0"},"east":{"uv":[10,2.4,11.2,3.6],"rotation":270,"texture":"#0"},"south":{"uv":[12.8,3.6,12,2.4],"texture":"#0"},"west":{"uv":[10,3.6,11.2,4.8],"rotation":90,"texture":"#0"},"up":{"uv":[8.4,4.8,9.2,6],"rotation":180,"texture":"#0"},"down":{"uv":[12,1.2,12.8,2.4],"texture":"#0"}}},{"from":[7.4,13.97182,4.41183],"to":[8.6,15.57182,6.01183],"rotation":{"angle":22.5,"axis":"x","origin":[8,14.55687,5.17678]},"faces":{"north":{"uv":[14.6,4.8,14,5.6],"rotation":180,"texture":"#0"},"east":{"uv":[13.6,7.2,14.4,8],"rotation":270,"texture":"#0"},"south":{"uv":[5,14.8,4.4,14],"texture":"#0"},"west":{"uv":[7.6,13.6,8.4,14.4],"rotation":90,"texture":"#0"},"up":{"uv":[14,0,14.6,0.8],"rotation":180,"texture":"#0"},"down":{"uv":[0.8,14,1.4,14.8],"texture":"#0"}}},{"from":[7.28,15.40614,3.57751],"to":[8.72,16.40614,5.77751],"rotation":{"angle":22.5,"axis":"x","origin":[8,14.55687,5.17678]},"faces":{"north":{"uv":[0.8,14,0,14.6],"rotation":180,"texture":"#0"},"east":{"uv":[10.8,12.4,11.4,13.6],"rotation":270,"texture":"#0"},"south":{"uv":[14.4,14.2,13.6,13.6],"texture":"#0"},"west":{"uv":[12.8,1.2,13.4,2.4],"rotation":90,"texture":"#0"},"up":{"uv":[6,12,6.8,13.2],"rotation":180,"texture":"#0"},"down":{"uv":[11.6,12,12.4,13.2],"texture":"#0"}}},{"from":[7.28,14.20614,3.57751],"to":[8.72,15.40614,4.57751],"rotation":{"angle":22.5,"axis":"x","origin":[8,14.55687,5.17678]},"faces":{"north":{"uv":[14.8,8,14,8.6],"rotation":180,"texture":"#0"},"east":{"uv":[11.6,14,12.2,14.6],"rotation":270,"texture":"#0"},"south":{"uv":[7.6,14.6,6.8,14],"texture":"#0"},"west":{"uv":[14.4,1.6,15,2.2],"rotation":90,"texture":"#0"},"up":{"uv":[5.2,14,6,14.6],"rotation":180,"texture":"#0"},"down":{"uv":[6,14,6.8,14.6],"texture":"#0"}}},{"from":[7.08,15.9902,5.21917],"to":[8.92,17.9102,6.01917],"rotation":{"angle":22.5,"axis":"x","origin":[8,17.2302,6.01917]},"faces":{"north":{"uv":[13,0,12,1],"texture":"#0"},"east":{"uv":[7.6,6,7.2,7],"texture":"#0"},"south":{"uv":[12.6,10.8,11.6,11.8],"texture":"#0"},"west":{"uv":[4.8,8.4,4.4,9.4],"texture":"#0"},"up":{"uv":[15,9.6,14,10],"texture":"#0"},"down":{"uv":[15,10.4,14,10],"texture":"#0"}}},{"from":[7.08,17.1102,6.01917],"to":[8.92,17.9102,6.81917],"rotation":{"angle":22.5,"axis":"x","origin":[8,17.2302,6.01917]},"faces":{"north":{"uv":[15,13.2,14,13.6],"texture":"#0"},"east":{"uv":[9.2,9.2,8.8,9.6],"texture":"#0"},"south":{"uv":[15,12.8,14,13.2],"texture":"#0"},"west":{"uv":[1.6,10,1.2,10.4],"texture":"#0"},"up":{"uv":[15.4,0.8,14.4,1.2],"texture":"#0"},"down":{"uv":[15.4,1.6,14.4,1.2],"texture":"#0"}}},{"from":[7.2,17.31865,5.67174],"to":[8.8,20.51865,8.87174],"rotation":{"angle":0,"axis":"x","origin":[8,23.35888,9.28115]},"faces":{"north":{"uv":[5.2,10.8,6,12.4],"texture":"#0"},"east":{"uv":[8.4,0,10,1.6],"texture":"#0"},"south":{"uv":[10.8,6.4,11.6,8],"texture":"#0"},"west":{"uv":[8.4,1.6,10,3.2],"texture":"#0"},"up":{"uv":[8,12.4,7.2,10.8],"texture":"#0"},"down":{"uv":[8.8,10.8,8,12.4],"texture":"#0"}}},{"from":[6.8,18.54707,6.90016],"to":[9.2,23.34707,11.70016],"rotation":{"angle":0,"axis":"x","origin":[8,23.35888,9.28115]},"faces":{"north":{"uv":[7.2,0,8.4,2.4],"texture":"#0"},"east":{"uv":[0,4.8,2.4,7.2],"texture":"#0"},"south":{"uv":[2.4,7.2,3.6,9.6],"texture":"#0"},"west":{"uv":[4.8,0,7.2,2.4],"texture":"#0"},"up":{"uv":[8.4,6,7.2,3.6],"texture":"#0"},"down":{"uv":[6,7.2,4.8,9.6],"texture":"#0"}}},{"from":[7.36,22.0455,5.53694],"to":[8.64,24.6855,8.17694],"rotation":{"angle":0,"axis":"x","origin":[8,23.35888,9.28115]},"faces":{"north":{"uv":[12.4,9.4,11.6,8],"rotation":180,"texture":"#0"},"east":{"uv":[10.6,4.8,9.2,6.2],"rotation":270,"texture":"#0"},"south":{"uv":[12.4,6.4,11.6,7.8],"texture":"#0"},"west":{"uv":[10.6,6.4,9.2,7.8],"rotation":90,"texture":"#0"},"up":{"uv":[1.6,11.6,0.8,13],"rotation":180,"texture":"#0"},"down":{"uv":[0.8,11.6,0,13],"texture":"#0"}}},{"from":[7.2,21.27844,9.63154],"to":[8.8,24.47844,12.83154],"rotation":{"angle":0,"axis":"x","origin":[8,23.35888,9.28115]},"faces":{"north":{"uv":[8.8,10.8,9.6,12.4],"texture":"#0"},"east":{"uv":[8.4,3.2,10,4.8],"texture":"#0"},"south":{"uv":[9.6,10.8,10.4,12.4],"texture":"#0"},"west":{"uv":[6,8.8,7.6,10.4],"texture":"#0"},"up":{"uv":[12,1.6,11.2,0],"texture":"#0"},"down":{"uv":[12,1.6,11.2,3.2],"texture":"#0"}}},{"from":[8,22.06535,10.02432],"to":[8,30.06535,18.02432],"rotation":{"angle":-22.5,"axis":"x","origin":[8,26.06535,14.02432]},"faces":{"east":{"uv":[0,0,16,16],"texture":"#3"},"west":{"uv":[16,0,0,16],"texture":"#3"}}},{"from":[7.925,7.5,18.1],"to":[8.075,24.5,18.25],"rotation":{"angle":0,"axis":"y","origin":[8,8,18.175]},"faces":{"north":{"uv":[15.8,0,15.95,16],"texture":"#0"},"east":{"uv":[15.8,0,15.95,16],"texture":"#0"},"south":{"uv":[15.8,0,15.95,16],"texture":"#0"},"west":{"uv":[15.8,0,15.95,16],"texture":"#0"},"up":{"uv":[15.8,0,15.95,0.15],"texture":"#0"},"down":{"uv":[15.8,0,15.95,0.15],"texture":"#0"}}},{"from":[7.08,2.67546,8.37952],"to":[8.92,5.67546,9.77952],"rotation":{"angle":-45,"axis":"x","origin":[8,4.08046,7.55452]},"faces":{"north":{"uv":[1,11.6,0,10],"texture":"#0"},"east":{"uv":[3.2,12.8,2.4,11.2],"texture":"#0"},"south":{"uv":[3.4,11.2,2.4,9.6],"texture":"#0"},"west":{"uv":[12,4.8,11.2,3.2],"texture":"#0"},"up":{"uv":[13.4,6.4,12.4,7.2],"texture":"#0"},"down":{"uv":[13.4,6.4,12.4,5.6],"texture":"#0"}}},{"from":[7.08,4.59546,5.97952],"to":[8.92,5.67546,8.37952],"rotation":{"angle":-45,"axis":"x","origin":[8,4.08046,7.55452]},"faces":{"north":{"uv":[11.4,14.2,10.4,13.6],"texture":"#0"},"east":{"uv":[10.8,13,9.6,12.4],"texture":"#0"},"south":{"uv":[9.4,14.2,8.4,13.6],"texture":"#0"},"west":{"uv":[13.6,12.6,12.4,12],"texture":"#0"},"up":{"uv":[11.4,11.2,10.4,12.4],"texture":"#0"},"down":{"uv":[12.2,10.8,11.2,9.6],"texture":"#0"}}},{"from":[7.4,2.25119,6.35526],"to":[8.6,4.65119,8.75526],"rotation":{"angle":-45,"axis":"x","origin":[8,4.08046,7.55452]},"faces":{"north":{"uv":[13,9.2,12.4,8],"texture":"#0"},"east":{"uv":[11.2,1.2,10,0],"texture":"#0"},"south":{"uv":[8.6,13.6,8,12.4],"texture":"#0"},"west":{"uv":[11.2,2.4,10,1.2],"texture":"#0"},"up":{"uv":[13,9.2,12.4,10.4],"texture":"#0"},"down":{"uv":[9.4,13.6,8.8,12.4],"texture":"#0"}}},{"from":[7.24,1.04239,5.02604],"to":[8.76,3.44239,7.42604],"rotation":{"angle":-22.5,"axis":"x","origin":[8,1.44313,5.17678]},"faces":{"north":{"uv":[12.8,4.8,12,3.6],"rotation":180,"texture":"#0"},"east":{"uv":[11.2,2.4,10,3.6],"rotation":270,"texture":"#0"},"south":{"uv":[12.8,2.4,12,3.6],"texture":"#0"},"west":{"uv":[11.2,3.6,10,4.8],"rotation":90,"texture":"#0"},"up":{"uv":[12,2.4,12.8,1.2],"texture":"#0"},"down":{"uv":[8.4,6,9.2,4.8],"rotation":180,"texture":"#0"}}},{"from":[7.4,0.42818,4.41183],"to":[8.6,2.02818,6.01183],"rotation":{"angle":-22.5,"axis":"x","origin":[8,1.44313,5.17678]},"faces":{"north":{"uv":[14.6,5.6,14,4.8],"rotation":180,"texture":"#0"},"east":{"uv":[14.4,7.2,13.6,8],"rotation":270,"texture":"#0"},"south":{"uv":[5,14,4.4,14.8],"texture":"#0"},"west":{"uv":[8.4,13.6,7.6,14.4],"rotation":90,"texture":"#0"},"up":{"uv":[0.8,14.8,1.4,14],"texture":"#0"},"down":{"uv":[14,0.8,14.6,0],"rotation":180,"texture":"#0"}}},{"from":[7.28,-0.40614,3.57751],"to":[8.72,0.59386,5.77751],"rotation":{"angle":-22.5,"axis":"x","origin":[8,1.44313,5.17678]},"faces":{"north":{"uv":[0.8,14.6,0,14],"rotation":180,"texture":"#0"},"east":{"uv":[11.4,12.4,10.8,13.6],"rotation":270,"texture":"#0"},"south":{"uv":[14.4,13.6,13.6,14.2],"texture":"#0"},"west":{"uv":[13.4,1.2,12.8,2.4],"rotation":90,"texture":"#0"},"up":{"uv":[11.6,13.2,12.4,12],"texture":"#0"},"down":{"uv":[6,13.2,6.8,12],"rotation":180,"texture":"#0"}}},{"from":[7.28,0.59386,3.57751],"to":[8.72,1.79386,4.57751],"rotation":{"angle":-22.5,"axis":"x","origin":[8,1.44313,5.17678]},"faces":{"north":{"uv":[14.8,8.6,14,8],"rotation":180,"texture":"#0"},"east":{"uv":[12.2,14,11.6,14.6],"rotation":270,"texture":"#0"},"south":{"uv":[7.6,14,6.8,14.6],"texture":"#0"},"west":{"uv":[15,1.6,14.4,2.2],"rotation":90,"texture":"#0"},"up":{"uv":[6,14.6,6.8,14],"texture":"#0"},"down":{"uv":[5.2,14.6,6,14],"rotation":180,"texture":"#0"}}},{"from":[7.08,-1.9102,5.21917],"to":[8.92,0.0098,6.01917],"rotation":{"angle":-22.5,"axis":"x","origin":[8,-1.2302,6.01917]},"faces":{"north":{"uv":[13,1,12,0],"texture":"#0"},"east":{"uv":[7.6,7,7.2,6],"texture":"#0"},"south":{"uv":[12.6,11.8,11.6,10.8],"texture":"#0"},"west":{"uv":[4.8,9.4,4.4,8.4],"texture":"#0"},"up":{"uv":[15,10,14,10.4],"texture":"#0"},"down":{"uv":[15,10,14,9.6],"texture":"#0"}}},{"from":[7.08,-1.9102,6.01917],"to":[8.92,-1.1102,6.81917],"rotation":{"angle":-22.5,"axis":"x","origin":[8,-1.2302,6.01917]},"faces":{"north":{"uv":[15,13.6,14,13.2],"texture":"#0"},"east":{"uv":[9.2,9.6,8.8,9.2],"texture":"#0"},"south":{"uv":[15,13.2,14,12.8],"texture":"#0"},"west":{"uv":[1.6,10.4,1.2,10],"texture":"#0"},"up":{"uv":[15.4,1.2,14.4,1.6],"texture":"#0"},"down":{"uv":[15.4,1.2,14.4,0.8],"texture":"#0"}}},{"from":[7.2,-4.51865,5.67174],"to":[8.8,-1.31865,8.87174],"rotation":{"angle":0,"axis":"x","origin":[8,-7.35888,9.28115]},"faces":{"north":{"uv":[5.2,12.4,6,10.8],"texture":"#0"},"east":{"uv":[8.4,1.6,10,0],"texture":"#0"},"south":{"uv":[10.8,8,11.6,6.4],"texture":"#0"},"west":{"uv":[8.4,3.2,10,1.6],"texture":"#0"},"up":{"uv":[8.8,12.4,8,10.8],"texture":"#0"},"down":{"uv":[8,10.8,7.2,12.4],"texture":"#0"}}},{"from":[6.8,-7.34707,6.90016],"to":[9.2,-2.54707,11.70016],"rotation":{"angle":0,"axis":"x","origin":[8,-7.35888,9.28115]},"faces":{"north":{"uv":[7.2,2.4,8.4,0],"texture":"#0"},"east":{"uv":[0,7.2,2.4,4.8],"texture":"#0"},"south":{"uv":[2.4,9.6,3.6,7.2],"texture":"#0"},"west":{"uv":[4.8,2.4,7.2,0],"texture":"#0"},"up":{"uv":[6,9.6,4.8,7.2],"texture":"#0"},"down":{"uv":[8.4,3.6,7.2,6],"texture":"#0"}}},{"from":[7.36,-8.6855,5.53694],"to":[8.64,-6.0455,8.17694],"rotation":{"angle":0,"axis":"x","origin":[8,-7.35888,9.28115]},"faces":{"north":{"uv":[12.4,8,11.6,9.4],"rotation":180,"texture":"#0"},"east":{"uv":[9.2,4.8,10.6,6.2],"rotation":270,"texture":"#0"},"south":{"uv":[12.4,7.8,11.6,6.4],"texture":"#0"},"west":{"uv":[9.2,6.4,10.6,7.8],"rotation":90,"texture":"#0"},"up":{"uv":[0.8,13,0,11.6],"texture":"#0"},"down":{"uv":[1.6,13,0.8,11.6],"rotation":180,"texture":"#0"}}},{"from":[7.2,-8.47844,9.63154],"to":[8.8,-5.27844,12.83154],"rotation":{"angle":0,"axis":"x","origin":[8,-7.35888,9.28115]},"faces":{"north":{"uv":[8.8,12.4,9.6,10.8],"texture":"#0"},"east":{"uv":[8.4,4.8,10,3.2],"texture":"#0"},"south":{"uv":[9.6,12.4,10.4,10.8],"texture":"#0"},"west":{"uv":[6,10.4,7.6,8.8],"texture":"#0"},"up":{"uv":[12,3.2,11.2,1.6],"texture":"#0"},"down":{"uv":[12,0,11.2,1.6],"texture":"#0"}}},{"from":[8,-14.06535,10.02432],"to":[8,-6.06535,18.02432],"rotation":{"angle":22.5,"axis":"x","origin":[8,-10.06535,14.02432]},"faces":{"east":{"uv":[16,0,0,16],"rotation":180,"texture":"#3"},"west":{"uv":[0,0,16,16],"rotation":180,"texture":"#3"}}},{"from":[7.925,-8.5,18.1],"to":[8.075,8.5,18.25],"rotation":{"angle":0,"axis":"y","origin":[8,8,18.175]},"faces":{"north":{"uv":[15.8,16,15.95,0],"texture":"#0"},"east":{"uv":[15.8,16,15.95,0],"texture":"#0"},"south":{"uv":[15.8,16,15.95,0],"texture":"#0"},"west":{"uv":[15.8,16,15.95,0],"texture":"#0"},"up":{"uv":[15.8,0.15,15.95,0],"texture":"#0"},"down":{"uv":[15.8,0.15,15.95,0],"texture":"#0"}}},{"from":[7,13.51947,2.6],"to":[7,19.91947,9],"rotation":{"angle":0,"axis":"y","origin":[0.8,16.71947,6.6]},"faces":{"north":{"uv":[0,0,16,16],"texture":"#2"},"east":{"uv":[0,0,16,16],"texture":"#2"},"south":{"uv":[0,0,16,16],"texture":"#2"},"west":{"uv":[0,0,16,16],"texture":"#2"},"up":{"uv":[0,0,16,16],"rotation":180,"texture":"#2"},"down":{"uv":[0,0,16,16],"rotation":180,"texture":"#2"}}},{"from":[8,15.36947,9.38],"to":[8,18.56947,12.58],"rotation":{"angle":0,"axis":"y","origin":[8,17.76947,10.18]},"faces":{"north":{"uv":[0,0,16,16],"texture":"#1"},"east":{"uv":[0,0,16,16],"texture":"#1"},"south":{"uv":[0,0,16,16],"texture":"#1"},"west":{"uv":[0,0,16,16],"texture":"#1"},"up":{"uv":[0,0,16,16],"rotation":180,"texture":"#1"},"down":{"uv":[0,0,16,16],"rotation":180,"texture":"#1"}}},{"from":[8,-4.13053,2.88],"to":[8,-0.93053,6.08],"rotation":{"angle":0,"axis":"y","origin":[8,-1.73053,3.68]},"faces":{"north":{"uv":[0,0,16,16],"texture":"#1"},"east":{"uv":[0,0,16,16],"texture":"#1"},"south":{"uv":[0,0,16,16],"texture":"#1"},"west":{"uv":[0,0,16,16],"texture":"#1"},"up":{"uv":[0,0,16,16],"rotation":180,"texture":"#1"},"down":{"uv":[0,0,16,16],"rotation":180,"texture":"#1"}}},{"from":[7,7.71947,5],"to":[7,14.11947,11.4],"rotation":{"angle":0,"axis":"y","origin":[7,12.71947,5.8]},"faces":{"north":{"uv":[0,0,16,16],"texture":"#2"},"east":{"uv":[0,0,16,16],"texture":"#2"},"south":{"uv":[0,0,16,16],"texture":"#2"},"west":{"uv":[16,0,0,16],"texture":"#2"},"up":{"uv":[0,0,16,16],"texture":"#2"},"down":{"uv":[0,0,16,16],"texture":"#2"}}},{"from":[9,7.71947,5],"to":[9,14.11947,11.4],"rotation":{"angle":0,"axis":"y","origin":[9,12.71947,5.8]},"faces":{"north":{"uv":[16,0,0,16],"texture":"#2"},"east":{"uv":[0,0,16,16],"texture":"#2"},"south":{"uv":[16,0,0,16],"texture":"#2"},"west":{"uv":[16,0,0,16],"texture":"#2"},"up":{"uv":[16,0,0,16],"texture":"#2"},"down":{"uv":[16,0,0,16],"texture":"#2"}}},{"from":[9,13.51947,2.6],"to":[9,19.91947,9],"rotation":{"angle":0,"axis":"y","origin":[15.2,16.71947,6.6]},"faces":{"north":{"uv":[16,0,0,16],"texture":"#2"},"east":{"uv":[16,0,0,16],"texture":"#2"},"south":{"uv":[16,0,0,16],"texture":"#2"},"west":{"uv":[16,0,0,16],"texture":"#2"},"up":{"uv":[16,0,0,16],"rotation":180,"texture":"#2"},"down":{"uv":[16,0,0,16],"rotation":180,"texture":"#2"}}},{"from":[9,-4.48053,4.6],"to":[9,1.91947,11],"rotation":{"angle":0,"axis":"y","origin":[15.2,-1.28053,8.6]},"faces":{"north":{"uv":[16,0,0,16],"texture":"#2"},"east":{"uv":[16,0,0,16],"texture":"#2"},"south":{"uv":[16,0,0,16],"texture":"#2"},"west":{"uv":[16,0,0,16],"texture":"#2"},"up":{"uv":[16,0,0,16],"rotation":180,"texture":"#2"},"down":{"uv":[16,0,0,16],"rotation":180,"texture":"#2"}}},{"from":[7,-4.48053,4.6],"to":[7,1.91947,11],"rotation":{"angle":0,"axis":"y","origin":[0.8,-1.28053,8.6]},"faces":{"north":{"uv":[0,0,16,16],"texture":"#2"},"east":{"uv":[0,0,16,16],"texture":"#2"},"south":{"uv":[0,0,16,16],"texture":"#2"},"west":{"uv":[0,0,16,16],"texture":"#2"},"up":{"uv":[0,0,16,16],"rotation":180,"texture":"#2"},"down":{"uv":[0,0,16,16],"rotation":180,"texture":"#2"}}},{"from":[7.2,9.4,7.2],"to":[8.8,10.2,8.8],"rotation":{"angle":0,"axis":"y","origin":[8,8.6,8]},"faces":{"north":{"uv":[2.4,14.4,3.2,14.8],"texture":"#0"},"east":{"uv":[14.4,2.4,15.2,2.8],"texture":"#0"},"south":{"uv":[14.4,2.8,15.2,3.2],"texture":"#0"},"west":{"uv":[14.4,3.2,15.2,3.6],"texture":"#0"},"up":{"uv":[14.4,4,13.6,3.2],"texture":"#0"},"down":{"uv":[14.4,4,13.6,4.8],"texture":"#0"}}},{"from":[7.6,0.6,7.6],"to":[8.4,13.4,8.4],"rotation":{"angle":0,"axis":"y","origin":[8,11.8,8]},"faces":{"north":{"uv":[1.6,8.4,2,14.8],"texture":"#0"},"east":{"uv":[2,8.4,2.4,14.8],"texture":"#0"},"south":{"uv":[3.6,8.4,4,14.8],"texture":"#0"},"west":{"uv":[4,8.4,4.4,14.8],"texture":"#0"},"up":{"uv":[1.6,10.8,1.2,10.4],"texture":"#0"},"down":{"uv":[7.6,10.4,7.2,10.8],"texture":"#0"}}},{"from":[7.2,5.8,7.2],"to":[8.8,6.6,8.8],"rotation":{"angle":0,"axis":"y","origin":[8,5,8]},"faces":{"north":{"uv":[14.4,3.6,15.2,4],"texture":"#0"},"east":{"uv":[14.4,4,15.2,4.4],"texture":"#0"},"south":{"uv":[14.4,4.4,15.2,4.8],"texture":"#0"},"west":{"uv":[14.4,5.6,15.2,6],"texture":"#0"},"up":{"uv":[14.4,6.4,13.6,5.6],"texture":"#0"},"down":{"uv":[14.4,6.4,13.6,7.2],"texture":"#0"}}}],"gui_light":"front","display":{"thirdperson_righthand":{"translation":[0,-1,2],"scale":[0.55,0.55,0.55]},"thirdperson_lefthand":{"translation":[0,-1,2],"scale":[0.55,0.55,0.55]},"firstperson_righthand":{"rotation":[12.5,0,0],"translation":[15,0.5,-16.5],"scale":[0.9,0.9,0.9]},"firstperson_lefthand":{"rotation":[12.5,0,0],"translation":[15,0.5,-16.5],"scale":[0.9,0.9,0.9]},"ground":{"rotation":[10,0,86],"translation":[0,1.5,-2.75],"scale":[0.52812,0.52812,0.52812]},"gui":{"rotation":[-90,135,90],"translation":[-1.25,1.25,-3.5],"scale":[0.35,0.35,0.35]},"head":{"scale":[0,0,0]},"fixed":{"rotation":[-90,-90,-90],"translation":[1.25,-0.25,-3.5],"scale":[1.25,1.25,1.25]}}}