{"credit":"Made with Blockbench","texture_size":[32,32],"textures":{"0":"elitecreatures:fantasy_swords_v1/sword171tex","1":"elitecreatures:fantasy_swords_v1/sword17ani","particle":"elitecreatures:fantasy_swords_v1/sword171tex"},"elements":[{"from":[7,-10,7],"to":[9,-2,9],"faces":{"north":{"uv":[12,2.5,16,3.5],"rotation":90,"texture":"#0"},"east":{"uv":[12,1.5,16,2.5],"rotation":90,"texture":"#0"},"south":{"uv":[4.25,1.5,8.25,2.5],"rotation":90,"texture":"#0"},"west":{"uv":[3.25,0.5,7.25,1.5],"rotation":90,"texture":"#0"},"up":{"uv":[11,1.5,12,2.5],"texture":"#0"},"down":{"uv":[11,1.5,12,2.5],"texture":"#0"}}},{"from":[6.5,-3.25,6.5],"to":[9.5,-2.75,9.5],"faces":{"north":{"uv":[12.5,4.75,12.75,6.25],"rotation":90,"texture":"#0"},"east":{"uv":[12.75,4.75,13,6.25],"rotation":90,"texture":"#0"},"south":{"uv":[12.5,4.75,12.75,6.25],"rotation":90,"texture":"#0"},"west":{"uv":[12.75,4.75,13,6.25],"rotation":90,"texture":"#0"},"up":{"uv":[11,6.25,12.5,7.75],"texture":"#0"},"down":{"uv":[11,4.75,12.5,6.25],"texture":"#0"}}},{"from":[6.5,-5.25,6.5],"to":[9.5,-4.75,9.5],"faces":{"north":{"uv":[12.5,4.75,12.75,6.25],"rotation":90,"texture":"#0"},"east":{"uv":[12.75,4.75,13,6.25],"rotation":90,"texture":"#0"},"south":{"uv":[12.5,4.75,12.75,6.25],"rotation":90,"texture":"#0"},"west":{"uv":[12.75,4.75,13,6.25],"rotation":90,"texture":"#0"},"up":{"uv":[11,6.25,12.5,7.75],"texture":"#0"},"down":{"uv":[11,4.75,12.5,6.25],"texture":"#0"}}},{"from":[6.75,-1,6.75],"to":[9.25,1,9.25],"faces":{"north":{"uv":[8.5,2.5,9.75,3.5],"texture":"#0"},"east":{"uv":[8.5,1.5,9.75,2.5],"texture":"#0"},"south":{"uv":[8.5,2.5,9.75,3.5],"texture":"#0"},"west":{"uv":[8.5,1.5,9.75,2.5],"texture":"#0"},"up":{"uv":[9.75,2.75,11,4],"texture":"#0"},"down":{"uv":[9.75,1.5,11,2.75],"texture":"#0"}}},{"from":[6,2,6],"to":[10,2,10],"faces":{"north":{"uv":[8,14,10,14],"texture":"#0"},"east":{"uv":[6,14,8,14],"texture":"#0"},"south":{"uv":[10,12,12,12],"texture":"#0"},"west":{"uv":[10,8.25,12,8.25],"texture":"#0"},"up":{"uv":[12,10,10,12],"texture":"#0"},"down":{"uv":[10,10,12,12],"texture":"#0"}}},{"from":[10,2,6],"to":[10,6,10],"faces":{"north":{"uv":[8,14,8,16],"texture":"#0"},"east":{"uv":[6,14,8,16],"texture":"#0"},"south":{"uv":[10,12,10,14],"texture":"#0"},"west":{"uv":[8,14,6,16],"texture":"#0"},"up":{"uv":[10,10,10,12],"texture":"#0"},"down":{"uv":[10,10,10,12],"texture":"#0"}}},{"from":[6,2,6],"to":[10,6,6],"faces":{"north":{"uv":[8,14,10,16],"texture":"#0"},"east":{"uv":[6,14,6,16],"texture":"#0"},"south":{"uv":[10,14,8,16],"texture":"#0"},"west":{"uv":[6,14,6,16],"texture":"#0"},"up":{"uv":[10,10,12,10],"texture":"#0"},"down":{"uv":[10,10,12,10],"texture":"#0"}}},{"from":[6,2,6],"to":[6,6,10],"faces":{"north":{"uv":[8,14,8,16],"texture":"#0"},"east":{"uv":[8,14,6,16],"texture":"#0"},"south":{"uv":[8,14,8,16],"texture":"#0"},"west":{"uv":[6,14,8,16],"texture":"#0"},"up":{"uv":[10,10,10,12],"texture":"#0"},"down":{"uv":[10,10,10,12],"texture":"#0"}}},{"from":[6,2,10],"to":[10,6,10],"faces":{"north":{"uv":[10,14,8,16],"texture":"#0"},"east":{"uv":[6,14,6,16],"texture":"#0"},"south":{"uv":[8,14,10,16],"texture":"#0"},"west":{"uv":[6,14,6,16],"texture":"#0"},"up":{"uv":[10,10,12,10],"texture":"#0"},"down":{"uv":[10,10,12,10],"texture":"#0"}}},{"from":[6,6,6],"to":[10,6,10],"faces":{"north":{"uv":[10,14,8,14],"texture":"#0"},"east":{"uv":[6,14,8,14],"texture":"#0"},"south":{"uv":[8,14,10,14],"texture":"#0"},"west":{"uv":[6,14,8,14],"texture":"#0"},"up":{"uv":[12,14,10,16],"rotation":270,"texture":"#0"},"down":{"uv":[10,16,12,14],"texture":"#0"}}},{"from":[7.25,-2,7.25],"to":[8.75,-1,8.75],"faces":{"north":{"uv":[9.25,0.75,10,1.25],"texture":"#0"},"east":{"uv":[8.5,0,9.25,0.5],"texture":"#0"},"south":{"uv":[9.25,0.75,10,1.25],"texture":"#0"},"west":{"uv":[8.5,0,9.25,0.5],"texture":"#0"},"up":{"uv":[9.25,0,10,0.75],"texture":"#0"},"down":{"uv":[9.25,0,10,0.75],"texture":"#0"}}},{"from":[7.25,-11,7.25],"to":[8.75,-10,8.75],"faces":{"north":{"uv":[9.25,0.75,10,1.25],"texture":"#0"},"east":{"uv":[8.5,0,9.25,0.5],"texture":"#0"},"south":{"uv":[9.25,0.75,10,1.25],"texture":"#0"},"west":{"uv":[8.5,0,9.25,0.5],"texture":"#0"},"up":{"uv":[9.25,0,10,0.75],"texture":"#0"},"down":{"uv":[9.25,0,10,0.75],"texture":"#0"}}},{"from":[7.25,1,7.25],"to":[8.75,2,8.75],"faces":{"north":{"uv":[9.25,0.75,10,1.25],"texture":"#0"},"east":{"uv":[8.5,0,9.25,0.5],"texture":"#0"},"south":{"uv":[9.25,0.75,10,1.25],"texture":"#0"},"west":{"uv":[8.5,0,9.25,0.5],"texture":"#0"},"up":{"uv":[9.25,0,10,0.75],"texture":"#0"},"down":{"uv":[9.25,0,10,0.75],"texture":"#0"}}},{"from":[7.25,6,7.25],"to":[8.75,7,8.75],"faces":{"north":{"uv":[9.25,0.75,10,1.25],"texture":"#0"},"east":{"uv":[8.5,0,9.25,0.5],"texture":"#0"},"south":{"uv":[9.25,0.75,10,1.25],"texture":"#0"},"west":{"uv":[8.5,0,9.25,0.5],"texture":"#0"},"up":{"uv":[9.25,0,10,0.75],"texture":"#0"},"down":{"uv":[9.25,0,10,0.75],"texture":"#0"}}},{"from":[7,7,7.75],"to":[8,21,8.25],"faces":{"north":{"uv":[0,3.5,0.5,10.5],"texture":"#0"},"east":{"uv":[0,3.5,0.25,10.5],"texture":"#0"},"south":{"uv":[0,3.5,0.5,10.5],"texture":"#0"},"west":{"uv":[0.25,3.5,0.5,10.5],"texture":"#0"},"up":{"uv":[0.5,3.5,0,3.75],"texture":"#0"},"down":{"uv":[0.5,3.5,0,3.75],"texture":"#0"}}},{"from":[6.5,2.5,6.5],"to":[9.5,5.5,9.5],"faces":{"north":{"uv":[13,0,14.5,1.5],"texture":"#0"},"east":{"uv":[14.5,0,16,1.5],"texture":"#0"},"south":{"uv":[13,0,14.5,1.5],"texture":"#0"},"west":{"uv":[14.5,0,16,1.5],"texture":"#0"},"up":{"uv":[10,0,11.5,1.5],"texture":"#0"},"down":{"uv":[10,0,11.5,1.5],"texture":"#0"}}},{"from":[0,-4,8],"to":[8,21,8],"rotation":{"angle":0,"axis":"y","origin":[16,0,0]},"faces":{"north":{"uv":[0,3.5,4,16],"texture":"#0"},"east":{"uv":[0,3.5,0,16],"texture":"#0"},"south":{"uv":[4,3.5,0,16],"texture":"#0"},"west":{"uv":[0,3.5,0,16],"texture":"#0"},"up":{"uv":[4,3.5,0,3.5],"texture":"#0"},"down":{"uv":[4,3.5,0,3.5],"texture":"#0"}}},{"from":[6,21,8],"to":[8,32,8],"rotation":{"angle":0,"axis":"y","origin":[16,0,0]},"faces":{"north":{"uv":[12,10.5,13,16],"texture":"#0"},"east":{"uv":[0,3.5,0,9],"texture":"#0"},"south":{"uv":[13,10.5,12,16],"texture":"#0"},"west":{"uv":[0,3.5,0,9],"texture":"#0"},"up":{"uv":[4,3.5,0,3.5],"texture":"#0"},"down":{"uv":[4,3.5,0,3.5],"texture":"#0"}}},{"from":[8,1,8],"to":[18,32,8],"rotation":{"angle":0,"axis":"y","origin":[16,0,0]},"faces":{"north":{"uv":[0.25,0,5.25,15.5],"texture":"#1"},"east":{"uv":[0,3.5,0,16],"texture":"#1"},"south":{"uv":[5.25,0,0.25,15.5],"texture":"#1"},"west":{"uv":[0,3.5,0,16],"texture":"#1"},"up":{"uv":[4,3.5,0,3.5],"texture":"#1"},"down":{"uv":[4,3.5,0,3.5],"texture":"#1"}}},{"from":[7,-11.5,7],"to":[9,-11,9],"faces":{"north":{"uv":[7.5,0.25,8.5,0.5],"texture":"#0"},"east":{"uv":[7.5,0,8.5,0.25],"texture":"#0"},"south":{"uv":[7.5,0.25,8.5,0.5],"texture":"#0"},"west":{"uv":[7.5,0,8.5,0.25],"texture":"#0"},"up":{"uv":[8.25,0.5,9.25,1.5],"texture":"#0"},"down":{"uv":[7.25,0.5,8.25,1.5],"texture":"#0"}}},{"from":[8.5,-5,7.25],"to":[10.5,-3,8.75],"rotation":{"angle":-22.5,"axis":"z","origin":[9.5,-3,8]},"faces":{"north":{"uv":[8.5,5,9.5,6],"texture":"#0"},"east":{"uv":[8.5,7.5,9.25,8.5],"texture":"#0"},"south":{"uv":[9.5,5,8.5,6],"texture":"#0"},"west":{"uv":[8.5,7.5,9.25,8.5],"texture":"#0"},"up":{"uv":[8.5,6,9.5,6.75],"texture":"#0"},"down":{"uv":[8.5,6.75,9.5,7.5],"texture":"#0"}}},{"from":[10.41544,-5.37486,7.5],"to":[13.41544,-3.37486,8.5],"rotation":{"angle":-45,"axis":"z","origin":[10.4,-3.4,8]},"faces":{"north":{"uv":[9.5,4.5,11,5.5],"texture":"#0"},"east":{"uv":[9,4,9.5,5],"texture":"#0"},"south":{"uv":[11,4.5,9.5,5.5],"texture":"#0"},"west":{"uv":[9,4,9.5,5],"texture":"#0"},"up":{"uv":[9.5,4,11,4.5],"texture":"#0"},"down":{"uv":[9.5,5.5,11,6],"texture":"#0"}}},{"from":[11.02514,-14.49559,7.75],"to":[12.52514,-5.49559,8.25],"rotation":{"angle":0,"axis":"y","origin":[12.5,-5.5,8]},"faces":{"north":{"uv":[11.5,3.75,16,4.5],"rotation":270,"texture":"#0"},"east":{"uv":[11.5,3.5,16,3.75],"rotation":90,"texture":"#0"},"south":{"uv":[16,3.75,11.5,4.5],"rotation":90,"texture":"#0"},"west":{"uv":[11.5,4.5,16,4.75],"rotation":90,"texture":"#0"},"up":{"uv":[11.75,2.5,12,3.25],"rotation":90,"texture":"#0"},"down":{"uv":[11.75,2.5,12,3.25],"rotation":90,"texture":"#0"}}},{"from":[9,-10,8],"to":[15,0,8],"faces":{"north":{"uv":[13,11,16,16],"texture":"#0"},"east":{"uv":[0,0,0,5],"texture":"#0"},"south":{"uv":[16,11,13,16],"texture":"#0"},"west":{"uv":[0,0,0,5],"texture":"#0"},"up":{"uv":[0,0,3,0],"texture":"#0"},"down":{"uv":[0,0,3,0],"texture":"#0"}}}],"gui_light":"front","display":{"thirdperson_righthand":{"rotation":[0,110,0],"translation":[0,8.75,1.75],"scale":[0.7,0.7,0.7]},"thirdperson_lefthand":{"rotation":[180,-110,180],"translation":[0,6,1.75],"scale":[0.7,0.7,0.7]},"firstperson_righthand":{"rotation":[-175.56,80,170],"translation":[0.5,5,0.5],"scale":[0.5,0.5,0.5]},"firstperson_lefthand":{"rotation":[-175.56,-88,-170],"translation":[0.5,5,0.5],"scale":[0.5,0.5,0.5]},"ground":{"rotation":[82,0,0],"translation":[0,-1.25,0],"scale":[0.5,0.5,0.5]},"gui":{"rotation":[-3,0,-45],"translation":[-0.75,-0.75,-2],"scale":[0.50211,0.50211,0.50211]},"head":{"rotation":[0,-18,105],"translation":[2.5,8.75,2.25],"scale":[0.73516,0.73516,0.73516]},"fixed":{"rotation":[0,0,45],"translation":[1.25,-0.5,-1.25],"scale":[0.96484,0.96484,0.96484]}}}