{"credit":"Made with Blockbench","texture_size":[32,32],"textures":{"0":"elitecreatures:fantasy_swords_v1/sword01tex","particle":"elitecreatures:fantasy_swords_v1/sword01tex"},"elements":[{"from":[7,-8,7.25],"to":[9,-1,8.75],"rotation":{"angle":0,"axis":"y","origin":[6,1,0]},"faces":{"north":{"uv":[12.5,6.5,16,7.5],"rotation":90,"texture":"#0"},"east":{"uv":[12.5,8.25,16,7.5],"rotation":270,"texture":"#0"},"south":{"uv":[12.5,6.5,16,7.5],"rotation":90,"texture":"#0"},"west":{"uv":[12.5,7.5,16,8.25],"rotation":270,"texture":"#0"},"up":{"uv":[13.25,5,14,6],"rotation":270,"texture":"#0"},"down":{"uv":[13.25,5,14,6],"rotation":270,"texture":"#0"}}},{"from":[7.25,-11,7.5],"to":[8.75,-8,8.5],"rotation":{"angle":0,"axis":"y","origin":[6,1,0]},"faces":{"north":{"uv":[10.75,7,12.25,7.75],"rotation":90,"texture":"#0"},"east":{"uv":[10.75,8.25,12.25,7.75],"rotation":270,"texture":"#0"},"south":{"uv":[10.75,7,12.25,7.75],"rotation":90,"texture":"#0"},"west":{"uv":[10.75,7.75,12.25,8.25],"rotation":270,"texture":"#0"},"up":{"uv":[11.75,6.25,12.25,7],"rotation":270,"texture":"#0"},"down":{"uv":[11.75,6.25,12.25,7],"rotation":270,"texture":"#0"}}},{"from":[5.7,-0.3,8.5],"to":[9.7,3.7,9.5],"rotation":{"angle":45,"axis":"z","origin":[8,2,8]},"faces":{"north":{"uv":[16,0,14,2],"rotation":180,"texture":"#0"},"east":{"uv":[16,2.5,14,2],"rotation":90,"texture":"#0"},"south":{"uv":[16,0,14,2],"texture":"#0"},"west":{"uv":[13,2,13.5,0],"texture":"#0"},"up":{"uv":[14,2.5,16,2],"texture":"#0"},"down":{"uv":[13.5,0,13,2],"rotation":90,"texture":"#0"}}},{"from":[5.7,-0.3,6.5],"to":[9.7,3.7,7.5],"rotation":{"angle":45,"axis":"z","origin":[8,2,8]},"faces":{"north":{"uv":[14,0,16,2],"texture":"#0"},"east":{"uv":[16,2,14,2.5],"rotation":90,"texture":"#0"},"south":{"uv":[14,0,16,2],"rotation":180,"texture":"#0"},"west":{"uv":[13.5,2,13,0],"texture":"#0"},"up":{"uv":[14,2,16,2.5],"texture":"#0"},"down":{"uv":[13,0,13.5,2],"rotation":90,"texture":"#0"}}},{"from":[6.5,-3.1,6.75],"to":[9.5,-2.6,9.25],"rotation":{"angle":0,"axis":"y","origin":[6,1,0]},"faces":{"north":{"uv":[9,10.25,9.25,11.75],"rotation":90,"texture":"#0"},"east":{"uv":[8.75,10.5,9,11.75],"rotation":270,"texture":"#0"},"south":{"uv":[9,10.25,9.25,11.75],"rotation":90,"texture":"#0"},"west":{"uv":[8.75,10.5,9,11.75],"rotation":270,"texture":"#0"},"up":{"uv":[9.25,10.25,10.5,11.75],"rotation":270,"texture":"#0"},"down":{"uv":[9.25,8.75,10.5,10.25],"rotation":270,"texture":"#0"}}},{"from":[7,-11.5,7.25],"to":[9,-10,8.75],"rotation":{"angle":0,"axis":"y","origin":[6,-2,0]},"faces":{"north":{"uv":[11.25,11,12,12],"rotation":90,"texture":"#0"},"east":{"uv":[12.75,12.75,13.5,12],"rotation":270,"texture":"#0"},"south":{"uv":[11.25,11,12,12],"rotation":90,"texture":"#0"},"west":{"uv":[12.75,12,13.5,12.75],"rotation":270,"texture":"#0"},"up":{"uv":[12.75,11,13.5,12],"rotation":270,"texture":"#0"},"down":{"uv":[12,11,12.75,12],"rotation":270,"texture":"#0"}}},{"from":[7,-14.5,7],"to":[9,-13.5,9],"rotation":{"angle":0,"axis":"y","origin":[6,-2,0]},"faces":{"north":{"uv":[10.5,15,11,14],"rotation":90,"texture":"#0"},"east":{"uv":[11,14,11.5,15],"rotation":270,"texture":"#0"},"south":{"uv":[10.5,14,11,15],"rotation":90,"texture":"#0"},"west":{"uv":[11,14,11.5,15],"rotation":270,"texture":"#0"},"up":{"uv":[9.5,14,10.5,15],"rotation":270,"texture":"#0"},"down":{"uv":[11.5,14,12.5,15],"rotation":270,"texture":"#0"}}},{"from":[4.5,-14.5,7.25],"to":[7,-13.5,8.75],"rotation":{"angle":-45,"axis":"z","origin":[7,-14.5,8]},"faces":{"north":{"uv":[12.5,14.75,13,16],"rotation":90,"texture":"#0"},"east":{"uv":[12.5,14.75,13,14],"rotation":270,"texture":"#0"},"south":{"uv":[12.5,16,13,14.75],"rotation":90,"texture":"#0"},"west":{"uv":[10.5,15.75,11,15],"rotation":270,"texture":"#0"},"up":{"uv":[13.25,14.25,14,13],"rotation":270,"texture":"#0"},"down":{"uv":[13.25,15.5,14,14.25],"rotation":270,"texture":"#0"}}},{"from":[8.95,-14.5,7.25],"to":[11.45,-13.5,8.75],"rotation":{"angle":45,"axis":"z","origin":[9,-14.5,8]},"faces":{"north":{"uv":[12.5,16,13,14.75],"rotation":90,"texture":"#0"},"east":{"uv":[10.5,15,11,15.75],"rotation":270,"texture":"#0"},"south":{"uv":[12.5,14.75,13,16],"rotation":90,"texture":"#0"},"west":{"uv":[12.5,14,13,14.75],"rotation":270,"texture":"#0"},"up":{"uv":[13.25,13,14,14.25],"rotation":270,"texture":"#0"},"down":{"uv":[13.25,14.25,14,15.5],"rotation":270,"texture":"#0"}}},{"from":[4,-2,7.5],"to":[8,0,8.5],"rotation":{"angle":-45,"axis":"z","origin":[6,-2,8]},"faces":{"north":{"uv":[16,4,14,5],"texture":"#0"},"east":{"uv":[13.5,3,14,4],"texture":"#0"},"south":{"uv":[14,4,16,5],"texture":"#0"},"west":{"uv":[13.5,3,14,4],"texture":"#0"},"up":{"uv":[14,3.5,16,4],"texture":"#0"},"down":{"uv":[14,3,16,3.5],"texture":"#0"}}},{"from":[4.56863,1.41543,7],"to":[6.56863,4.41543,9],"rotation":{"angle":-22.5,"axis":"z","origin":[4.56863,1.41543,8]},"faces":{"north":{"uv":[13,9.25,14.5,8.25],"rotation":90,"texture":"#0"},"east":{"uv":[14.5,8.25,16,9.25],"rotation":90,"texture":"#0"},"south":{"uv":[13,8.25,14.5,9.25],"rotation":90,"texture":"#0"},"west":{"uv":[11.5,8.25,13,9.25],"rotation":90,"texture":"#0"},"up":{"uv":[14,9.25,15,10.25],"rotation":90,"texture":"#0"},"down":{"uv":[15,9.25,16,10.25],"rotation":90,"texture":"#0"}}},{"from":[4.56863,-0.58457,7.25],"to":[6.56863,1.41543,8.75],"rotation":{"angle":0,"axis":"y","origin":[4.57868,-0.56447,8]},"faces":{"north":{"uv":[14,6,15,5],"rotation":90,"texture":"#0"},"east":{"uv":[15,5,16,5.75],"rotation":90,"texture":"#0"},"south":{"uv":[14,5,15,6],"rotation":90,"texture":"#0"},"west":{"uv":[15,5.75,16,6.5],"rotation":90,"texture":"#0"},"up":{"uv":[13.25,4,14,5],"rotation":90,"texture":"#0"},"down":{"uv":[13.25,4,14,5],"rotation":90,"texture":"#0"}}},{"from":[9,6.3,7.5],"to":[10,8.3,8.5],"rotation":{"angle":0,"axis":"y","origin":[0,0.3,7]},"faces":{"north":{"uv":[15.25,11.75,14.75,12.75],"texture":"#0"},"east":{"uv":[14.75,12.75,15.25,13.75],"texture":"#0"},"south":{"uv":[14.75,11.75,15.25,12.75],"texture":"#0"},"west":{"uv":[14.75,10.75,15.25,11.75],"texture":"#0"},"up":{"uv":[15.5,10.25,16,10.75],"texture":"#0"},"down":{"uv":[15.5,10.25,16,10.75],"texture":"#0"}}},{"from":[9,8.3,7.75],"to":[10,10.3,8.25],"rotation":{"angle":22.5,"axis":"z","origin":[10,8.3,8]},"faces":{"north":{"uv":[14.75,11.75,14.25,12.75],"texture":"#0"},"east":{"uv":[14.25,12.75,14.5,13.75],"texture":"#0"},"south":{"uv":[14.25,11.75,14.75,12.75],"texture":"#0"},"west":{"uv":[14.25,12,14,13],"texture":"#0"},"up":{"uv":[14.25,11.5,14.75,11.75],"texture":"#0"},"down":{"uv":[14.25,11.5,14.75,11.75],"texture":"#0"}}},{"from":[5.5,6.3,7.25],"to":[10,7.8,8.75],"rotation":{"angle":45,"axis":"z","origin":[10,6.3,8]},"faces":{"north":{"uv":[15.25,13.75,16,11.5],"rotation":90,"texture":"#0"},"east":{"uv":[15.25,10.75,16,11.5],"rotation":90,"texture":"#0"},"south":{"uv":[15.25,11.5,16,13.75],"rotation":90,"texture":"#0"},"west":{"uv":[15.25,10.75,16,11.5],"rotation":90,"texture":"#0"},"up":{"uv":[15.25,13.75,16,16],"rotation":90,"texture":"#0"},"down":{"uv":[14.5,13.75,15.25,16],"rotation":90,"texture":"#0"}}},{"from":[6,8.3,7.75],"to":[7,10.3,8.25],"rotation":{"angle":-22.5,"axis":"z","origin":[6,8.3,8]},"faces":{"north":{"uv":[14.25,11.75,14.75,12.75],"texture":"#0"},"east":{"uv":[14.25,12,14,13],"texture":"#0"},"south":{"uv":[14.75,11.75,14.25,12.75],"texture":"#0"},"west":{"uv":[14.5,12.75,14.25,13.75],"texture":"#0"},"up":{"uv":[14.75,11.5,14.25,11.75],"texture":"#0"},"down":{"uv":[14.75,11.5,14.25,11.75],"texture":"#0"}}},{"from":[6,6.3,7.5],"to":[7,8.3,8.5],"rotation":{"angle":0,"axis":"y","origin":[16,0.3,7]},"faces":{"north":{"uv":[14.75,11.75,15.25,12.75],"texture":"#0"},"east":{"uv":[15.25,10.75,14.75,11.75],"texture":"#0"},"south":{"uv":[15.25,11.75,14.75,12.75],"texture":"#0"},"west":{"uv":[15.25,12.75,14.75,13.75],"texture":"#0"},"up":{"uv":[16,10.25,15.5,10.75],"texture":"#0"},"down":{"uv":[16,10.25,15.5,10.75],"texture":"#0"}}},{"from":[6,6.3,7.35],"to":[10.5,7.8,8.65],"rotation":{"angle":-45,"axis":"z","origin":[6,6.3,8]},"faces":{"north":{"uv":[10.5,9.5,11.25,11.75],"rotation":90,"texture":"#0"},"east":{"uv":[10.5,9.5,11.25,8.75],"rotation":90,"texture":"#0"},"south":{"uv":[10.5,11.75,11.25,9.5],"rotation":90,"texture":"#0"},"west":{"uv":[10.5,9.5,11.25,8.75],"rotation":90,"texture":"#0"},"up":{"uv":[10.5,14,11.25,11.75],"rotation":90,"texture":"#0"},"down":{"uv":[9.75,14,10.5,11.75],"rotation":90,"texture":"#0"}}},{"from":[9.43137,1.41543,7],"to":[11.43137,4.41543,9],"rotation":{"angle":22.5,"axis":"z","origin":[11.43137,1.41543,8]},"faces":{"north":{"uv":[13,8.25,14.5,9.25],"rotation":90,"texture":"#0"},"east":{"uv":[11.5,9.25,13,8.25],"rotation":90,"texture":"#0"},"south":{"uv":[13,9.25,14.5,8.25],"rotation":90,"texture":"#0"},"west":{"uv":[14.5,9.25,16,8.25],"rotation":90,"texture":"#0"},"up":{"uv":[14,10.25,15,9.25],"rotation":90,"texture":"#0"},"down":{"uv":[15,10.25,16,9.25],"rotation":90,"texture":"#0"}}},{"from":[8,-2,7.5],"to":[12,0,8.5],"rotation":{"angle":45,"axis":"z","origin":[10,-2,8]},"faces":{"north":{"uv":[14,4,16,5],"texture":"#0"},"east":{"uv":[14,3,13.5,4],"texture":"#0"},"south":{"uv":[16,4,14,5],"texture":"#0"},"west":{"uv":[14,3,13.5,4],"texture":"#0"},"up":{"uv":[16,3.5,14,4],"texture":"#0"},"down":{"uv":[16,3,14,3.5],"texture":"#0"}}},{"from":[9.43137,-0.58457,7.25],"to":[11.43137,1.41543,8.75],"rotation":{"angle":0,"axis":"y","origin":[11.42132,-0.56447,8]},"faces":{"north":{"uv":[14,5,15,6],"rotation":90,"texture":"#0"},"east":{"uv":[15,6.5,16,5.75],"rotation":90,"texture":"#0"},"south":{"uv":[14,6,15,5],"rotation":90,"texture":"#0"},"west":{"uv":[15,5.75,16,5],"rotation":90,"texture":"#0"},"up":{"uv":[13.25,5,14,4],"rotation":90,"texture":"#0"},"down":{"uv":[13.25,5,14,4],"rotation":90,"texture":"#0"}}},{"from":[6,8,8],"to":[10,32,8],"rotation":{"angle":0,"axis":"y","origin":[0,3,0]},"faces":{"north":{"uv":[2,0,0,12],"texture":"#0"},"east":{"uv":[0,0,0,12],"texture":"#0"},"south":{"uv":[0,0,2,12],"texture":"#0"},"west":{"uv":[0,0,0,12],"texture":"#0"},"up":{"uv":[2,0,0,0],"texture":"#0"},"down":{"uv":[2,0,0,0],"texture":"#0"}}},{"from":[6,8,7.85],"to":[10,26,8.15],"rotation":{"angle":0,"axis":"y","origin":[0,3,0]},"faces":{"north":{"uv":[2,3,0,12],"texture":"#0"},"east":{"uv":[1.75,3,2,12],"texture":"#0"},"south":{"uv":[0,3,2,12],"texture":"#0"},"west":{"uv":[0,3,0.25,12],"texture":"#0"},"up":{"uv":[0,3,2,3.25],"texture":"#0"},"down":{"uv":[2,12,0,12.25],"texture":"#0"}}},{"from":[7,-12.5,7.5],"to":[8,-10,8.5],"rotation":{"angle":-45,"axis":"z","origin":[7,-11,8]},"faces":{"north":{"uv":[12.5,9.25,13.75,9.75],"rotation":90,"texture":"#0"},"east":{"uv":[12.5,10.25,13.75,9.75],"rotation":270,"texture":"#0"},"south":{"uv":[12.5,9.75,13.75,9.25],"rotation":90,"texture":"#0"},"west":{"uv":[14,10.75,15.25,10.25],"rotation":270,"texture":"#0"},"up":{"uv":[14.25,11.5,14.75,11],"rotation":270,"texture":"#0"},"down":{"uv":[14.25,11.5,14.75,11],"rotation":270,"texture":"#0"}}},{"from":[8,-12.5,7.5],"to":[9,-10,8.5],"rotation":{"angle":45,"axis":"z","origin":[9,-11,8]},"faces":{"north":{"uv":[12.5,9.75,13.75,9.25],"rotation":90,"texture":"#0"},"east":{"uv":[14,10.25,15.25,10.75],"rotation":270,"texture":"#0"},"south":{"uv":[12.5,9.25,13.75,9.75],"rotation":90,"texture":"#0"},"west":{"uv":[12.5,9.75,13.75,10.25],"rotation":270,"texture":"#0"},"up":{"uv":[14.25,11,14.75,11.5],"rotation":270,"texture":"#0"},"down":{"uv":[14.25,11,14.75,11.5],"rotation":270,"texture":"#0"}}},{"from":[3.05,-3.1,8],"to":[7.05,1.9,8],"faces":{"north":{"uv":[11,0,13,2.5],"texture":"#0"},"east":{"uv":[0,0,0,2.5],"texture":"#0"},"south":{"uv":[13,0,11,2.5],"texture":"#0"},"west":{"uv":[0,0,0,2.5],"texture":"#0"},"up":{"uv":[0,0,2,0],"texture":"#0"},"down":{"uv":[0,0,2,0],"texture":"#0"}}},{"from":[8.95,-3.1,8],"to":[12.95,1.9,8],"rotation":{"angle":0,"axis":"y","origin":[16,0,0]},"faces":{"north":{"uv":[13,0,11,2.5],"texture":"#0"},"east":{"uv":[0,0,0,2.5],"texture":"#0"},"south":{"uv":[11,0,13,2.5],"texture":"#0"},"west":{"uv":[0,0,0,2.5],"texture":"#0"},"up":{"uv":[2,0,0,0],"texture":"#0"},"down":{"uv":[2,0,0,0],"texture":"#0"}}}],"gui_light":"front","display":{"thirdperson_righthand":{"rotation":[0,110,0],"translation":[0,8,1.75],"scale":[0.7,0.7,0.7]},"thirdperson_lefthand":{"rotation":[0,110,0],"translation":[0,8,1.75],"scale":[0.7,0.7,0.7]},"firstperson_righthand":{"rotation":[-175.56,80,170],"translation":[0.75,4.75,0.5],"scale":[0.43555,0.43555,0.43555]},"firstperson_lefthand":{"rotation":[-175.56,80,170],"translation":[0.75,4.75,0.5],"scale":[0.43555,0.43555,0.43555]},"ground":{"rotation":[82,0,0],"translation":[0,-1.25,0],"scale":[0.5,0.5,0.5]},"gui":{"rotation":[0,180,47],"translation":[0,0,-2],"scale":[0.44,0.44,0.44]},"head":{"rotation":[0,-18,105],"translation":[2.5,8.75,2.25],"scale":[0.73516,0.73516,0.73516]},"fixed":{"rotation":[0,0,45],"translation":[1.25,-0.5,-1.25],"scale":[0.96484,0.96484,0.96484]}}}