{"credit":"Made with Blockbench","texture_size":[32,32],"textures":{"0":"elitecreatures:fantasy_swords_v1/sword041tex","particle":"elitecreatures:fantasy_swords_v1/sword041tex"},"elements":[{"from":[7,-9,7.25],"to":[9,-3,8.75],"rotation":{"angle":0,"axis":"y","origin":[6,-1,0]},"faces":{"north":{"uv":[13,8.75,16,7.75],"rotation":90,"texture":"#0"},"east":{"uv":[13,9.5,16,8.75],"rotation":270,"texture":"#0"},"south":{"uv":[13,7.75,16,8.75],"rotation":90,"texture":"#0"},"west":{"uv":[13,8.75,16,9.5],"rotation":270,"texture":"#0"},"up":{"uv":[15.25,6.75,16,7.75],"rotation":270,"texture":"#0"},"down":{"uv":[15.25,6.75,16,7.75],"rotation":270,"texture":"#0"}}},{"from":[8,-7,7.5],"to":[9,-2,8.5],"rotation":{"angle":-22.5,"axis":"z","origin":[9.5,-6,8]},"faces":{"north":{"uv":[13.5,10.25,16,10.75],"rotation":90,"texture":"#0"},"east":{"uv":[13.5,11.25,16,10.75],"rotation":270,"texture":"#0"},"south":{"uv":[13.5,10.75,16,10.25],"rotation":90,"texture":"#0"},"west":{"uv":[13.5,10.75,16,11.25],"rotation":270,"texture":"#0"},"up":{"uv":[12.75,12,13.25,12.5],"rotation":270,"texture":"#0"},"down":{"uv":[12.75,12,13.25,12.5],"rotation":270,"texture":"#0"}}},{"from":[7,-7,7.5],"to":[8,-2,8.5],"rotation":{"angle":22.5,"axis":"z","origin":[6.5,-6,8]},"faces":{"north":{"uv":[13.5,10.75,16,10.25],"rotation":90,"texture":"#0"},"east":{"uv":[13.5,11.25,16,10.75],"rotation":270,"texture":"#0"},"south":{"uv":[13.5,10.25,16,10.75],"rotation":90,"texture":"#0"},"west":{"uv":[13.5,10.75,16,11.25],"rotation":270,"texture":"#0"},"up":{"uv":[12.75,12.5,13.25,12],"rotation":270,"texture":"#0"},"down":{"uv":[12.75,12.5,13.25,12],"rotation":270,"texture":"#0"}}},{"from":[7.25,-14,7.5],"to":[8.75,-9,8.5],"rotation":{"angle":0,"axis":"y","origin":[6,-1,0]},"faces":{"north":{"uv":[13.5,12,16,11.25],"rotation":90,"texture":"#0"},"east":{"uv":[13.5,12.5,16,12],"rotation":270,"texture":"#0"},"south":{"uv":[13.5,11.25,16,12],"rotation":90,"texture":"#0"},"west":{"uv":[13.5,12,16,12.5],"rotation":270,"texture":"#0"},"up":{"uv":[15.5,6,16,6.75],"rotation":270,"texture":"#0"},"down":{"uv":[15.5,6,16,6.75],"rotation":270,"texture":"#0"}}},{"from":[6.75,-15.5,7.75],"to":[8.25,-14,8.25],"rotation":{"angle":-45,"axis":"z","origin":[8,-15.25,8]},"faces":{"north":{"uv":[12.5,9.5,13.25,10.25],"rotation":180,"texture":"#0"},"east":{"uv":[12.5,10.5,13.25,10.25],"rotation":270,"texture":"#0"},"south":{"uv":[12.5,9.5,13.25,10.25],"rotation":90,"texture":"#0"},"west":{"uv":[12.25,10.5,12.5,9.75],"rotation":180,"texture":"#0"},"up":{"uv":[12.25,9.75,12.5,10.5],"rotation":270,"texture":"#0"},"down":{"uv":[14,10,13.25,10.25],"rotation":180,"texture":"#0"}}},{"from":[7,-14.5,7.25],"to":[9,-14,8.75],"rotation":{"angle":0,"axis":"y","origin":[6,-4,0]},"faces":{"north":{"uv":[12.75,6.75,13,7.75],"rotation":90,"texture":"#0"},"east":{"uv":[13,7.75,13.25,7],"rotation":270,"texture":"#0"},"south":{"uv":[12.75,7.75,13,6.75],"rotation":90,"texture":"#0"},"west":{"uv":[13,7,13.25,7.75],"rotation":270,"texture":"#0"},"up":{"uv":[12,8.5,12.75,9.5],"rotation":270,"texture":"#0"},"down":{"uv":[12,7.5,12.75,8.5],"rotation":270,"texture":"#0"}}},{"from":[6,-4,7],"to":[10,0,9],"rotation":{"angle":45,"axis":"z","origin":[8,-2,1]},"faces":{"north":{"uv":[14,1,16,3],"texture":"#0"},"east":{"uv":[14,0,16,1],"rotation":90,"texture":"#0"},"south":{"uv":[14,1,16,3],"rotation":90,"texture":"#0"},"west":{"uv":[13,0,14,2],"texture":"#0"},"up":{"uv":[16,0,14,1],"texture":"#0"},"down":{"uv":[13,0,14,2],"rotation":90,"texture":"#0"}}},{"from":[5.75,-4.25,7.65],"to":[12.25,2.25,8.35],"rotation":{"angle":45,"axis":"z","origin":[8,-2,1]},"faces":{"north":{"uv":[12.75,12.75,16,16],"rotation":270,"texture":"#0"},"east":{"uv":[16,12.75,12.75,12.5],"rotation":90,"texture":"#0"},"south":{"uv":[12.75,12.75,16,16],"texture":"#0"},"west":{"uv":[12.5,12.5,12.75,15.75],"texture":"#0"},"up":{"uv":[12.75,12.5,16,12.75],"texture":"#0"},"down":{"uv":[12.5,12.5,12.75,15.75],"rotation":90,"texture":"#0"}}},{"from":[8.5,-1.5,7.5],"to":[11.5,1.5,8.5],"rotation":{"angle":45,"axis":"z","origin":[8,-2,1]},"faces":{"north":{"uv":[14.5,3.5,16,5],"texture":"#0"},"east":{"uv":[14,3,14.5,4.5],"texture":"#0"},"south":{"uv":[14.5,3.5,16,5],"rotation":90,"texture":"#0"},"west":{"uv":[14.5,3,16,3.5],"rotation":90,"texture":"#0"},"up":{"uv":[14,3,14.5,4.5],"rotation":90,"texture":"#0"},"down":{"uv":[14.5,3,16,3.5],"texture":"#0"}}},{"from":[4.25,1,8],"to":[11.25,32,8],"rotation":{"angle":0,"axis":"y","origin":[0,-1,0]},"faces":{"north":{"uv":[0,0,3.75,15.5],"texture":"#0"},"east":{"uv":[0,0,0,15.5],"texture":"#missing"},"south":{"uv":[3.75,0,0,15.5],"texture":"#0"},"west":{"uv":[0,0,0,15.5],"texture":"#missing"},"up":{"uv":[0,0,3.5,0],"texture":"#missing"},"down":{"uv":[0,0,3.5,0],"texture":"#missing"}}},{"from":[7.25,1,7.75],"to":[8.75,19.5,8.25],"rotation":{"angle":0,"axis":"y","origin":[0,-1,0]},"faces":{"north":{"uv":[1.5,6.25,2.25,15.5],"texture":"#0"},"east":{"uv":[1.5,6.25,1.75,15.5],"texture":"#0"},"south":{"uv":[1.5,6.25,2.25,15.5],"texture":"#0"},"west":{"uv":[2,6.25,2.25,15.5],"texture":"#0"},"up":{"uv":[2.25,6.25,1.5,6.5],"texture":"#0"},"down":{"uv":[1.5,15,2.25,15.25],"texture":"#0"}}}],"gui_light":"front","display":{"thirdperson_righthand":{"rotation":[0,110,0],"translation":[0,9,1.75],"scale":[0.7,0.7,0.7]},"thirdperson_lefthand":{"rotation":[180,-110,180],"translation":[0,10.25,1.75],"scale":[0.7,0.7,0.7]},"firstperson_righthand":{"rotation":[-175.56,80,170],"translation":[0.5,5,0.5],"scale":[0.5,0.5,0.5]},"firstperson_lefthand":{"rotation":[-175.56,-88,-170],"translation":[0.5,5,0.5],"scale":[0.5,0.5,0.5]},"ground":{"rotation":[82,0,0],"translation":[0,-1.25,0],"scale":[0.5,0.5,0.5]},"gui":{"rotation":[0,0,-45],"translation":[0,0,-2],"scale":[0.465,0.465,0.465]},"head":{"rotation":[0,-18,105],"translation":[2.5,8.75,2.25],"scale":[0.73516,0.73516,0.73516]},"fixed":{"rotation":[0,0,45],"translation":[1.25,-0.5,-1.25],"scale":[0.96484,0.96484,0.96484]}}}