{"credit":"Made with Blockbench","textures":{"0":"elitecreatures:fantasy_swords_v1/sword052tex","1":"elitecreatures:fantasy_swords_v1/sword05ani","particle":"elitecreatures:fantasy_swords_v1/sword052tex"},"elements":[{"from":[7,-7.5,7.25],"to":[9,-0.5,8.75],"rotation":{"angle":0,"axis":"y","origin":[10,0,0]},"faces":{"north":{"uv":[5.75,12.25,9.75,11.25],"rotation":90,"texture":"#0"},"east":{"uv":[5.75,13,9.75,12.25],"rotation":270,"texture":"#0"},"south":{"uv":[5.75,12.25,9.75,11.25],"rotation":90,"texture":"#0"},"west":{"uv":[5.75,13,9.75,12.25],"rotation":270,"texture":"#0"},"up":{"uv":[8.25,15,9,14],"rotation":270,"texture":"#0"},"down":{"uv":[9,15,9.75,14],"rotation":270,"texture":"#0"}}},{"from":[6,0.5,7.25],"to":[10,2.5,8.75],"rotation":{"angle":0,"axis":"y","origin":[10,0,0]},"faces":{"north":{"uv":[4.5,13,5.5,11],"rotation":90,"texture":"#0"},"east":{"uv":[7.5,15.75,8.5,15],"rotation":270,"texture":"#0"},"south":{"uv":[4.5,13,5.5,11],"rotation":90,"texture":"#0"},"west":{"uv":[7.5,15.75,8.5,15],"rotation":270,"texture":"#0"},"up":{"uv":[3.75,13,4.5,11],"rotation":270,"texture":"#0"},"down":{"uv":[3.75,13,4.5,11],"rotation":270,"texture":"#0"}}},{"from":[7.25,-8.5,7.5],"to":[8.75,-7.5,8.5],"rotation":{"angle":0,"axis":"y","origin":[10,0,0]},"faces":{"north":{"uv":[9.25,14,9.75,13.25],"rotation":90,"texture":"#0"},"east":{"uv":[8.75,14,9.25,13.5],"rotation":270,"texture":"#0"},"south":{"uv":[9.25,14,9.75,13.25],"rotation":90,"texture":"#0"},"west":{"uv":[8.75,14,9.25,13.5],"rotation":270,"texture":"#0"},"up":{"uv":[8.25,14,8.75,13.25],"rotation":270,"texture":"#0"},"down":{"uv":[8.25,14,8.75,13.25],"rotation":270,"texture":"#0"}}},{"from":[7.25,-0.5,7.5],"to":[8.75,0.5,8.5],"rotation":{"angle":0,"axis":"y","origin":[10,0,0]},"faces":{"north":{"uv":[9.25,14,9.75,13.25],"rotation":90,"texture":"#0"},"east":{"uv":[8.75,14,9.25,13.5],"rotation":270,"texture":"#0"},"south":{"uv":[9.25,14,9.75,13.25],"rotation":90,"texture":"#0"},"west":{"uv":[8.75,14,9.25,13.5],"rotation":270,"texture":"#0"},"up":{"uv":[8.25,14,8.75,13.25],"rotation":270,"texture":"#0"},"down":{"uv":[8.25,14,8.75,13.25],"rotation":270,"texture":"#0"}}},{"from":[3.75,19.25,7.25],"to":[7.75,23.25,8.75],"rotation":{"angle":0,"axis":"y","origin":[-0.25,0,0]},"faces":{"north":{"uv":[0.75,0.75,2.75,2.75],"texture":"#0"},"east":{"uv":[0,0.75,0.75,2.75],"texture":"#0"},"south":{"uv":[0.75,0.75,2.75,2.75],"texture":"#0"},"west":{"uv":[0,0.75,0.75,2.75],"texture":"#0"},"up":{"uv":[0,0,2,0.75],"texture":"#0"},"down":{"uv":[0,0,2,0.75],"texture":"#0"}}},{"from":[1.75,17.25,8],"to":[9.75,25.25,8],"rotation":{"angle":0,"axis":"y","origin":[-0.25,0,0]},"faces":{"north":{"uv":[3.5,3.5,11.5,11.5],"texture":"#1"},"east":{"uv":[0,0,0,6],"texture":"#1"},"south":{"uv":[3.5,3.5,11.5,11.5],"texture":"#1"},"west":{"uv":[0,0,0,6],"texture":"#1"},"up":{"uv":[9.5,5.5,3.5,5.5],"texture":"#1"},"down":{"uv":[9.5,5.5,3.5,5.5],"texture":"#1"}}},{"from":[2.75,20.75,7],"to":[8.75,21.75,9],"rotation":{"angle":-45,"axis":"z","origin":[5.75,21.25,8]},"faces":{"north":{"uv":[0.5,2.75,1,5.75],"rotation":90,"texture":"#0"},"east":{"uv":[0,2.75,0.5,3.75],"rotation":270,"texture":"#0"},"south":{"uv":[0.5,2.75,1,5.75],"rotation":270,"texture":"#0"},"west":{"uv":[0,2.75,0.5,3.75],"rotation":270,"texture":"#0"},"up":{"uv":[1,2.75,2,5.75],"rotation":270,"texture":"#0"},"down":{"uv":[1,2.75,2,5.75],"rotation":270,"texture":"#0"}}},{"from":[2.75,20.75,7.1],"to":[8.75,21.75,8.9],"rotation":{"angle":45,"axis":"z","origin":[5.75,21.25,8]},"faces":{"north":{"uv":[0.5,2.75,1,5.75],"rotation":90,"texture":"#0"},"east":{"uv":[0,2.75,0.5,3.75],"rotation":270,"texture":"#0"},"south":{"uv":[0.5,2.75,1,5.75],"rotation":270,"texture":"#0"},"west":{"uv":[0,2.75,0.5,3.75],"rotation":270,"texture":"#0"},"up":{"uv":[1,2.75,2,5.75],"rotation":270,"texture":"#0"},"down":{"uv":[1,2.75,2,5.75],"rotation":270,"texture":"#0"}}},{"from":[1.8,2.7,6.75],"to":[5.8,6.7,9.25],"rotation":{"angle":-22.5,"axis":"z","origin":[3,4,8]},"faces":{"north":{"uv":[6,1.25,4,3.25],"texture":"#0"},"east":{"uv":[4,1.25,2.75,3.25],"texture":"#0"},"south":{"uv":[4,1.25,6,3.25],"texture":"#0"},"west":{"uv":[7.25,1.25,6,3.25],"texture":"#0"},"up":{"uv":[4.75,0,2.75,1.25],"texture":"#0"},"down":{"uv":[6.75,0,4.75,1.25],"texture":"#0"}}},{"from":[2.5,1,6.85],"to":[6.5,5,9.15],"rotation":{"angle":0,"axis":"y","origin":[2,6,8]},"faces":{"north":{"uv":[6,1.25,4,3.25],"texture":"#0"},"east":{"uv":[4,1.25,2.75,3.25],"texture":"#0"},"south":{"uv":[4,1.25,6,3.25],"texture":"#0"},"west":{"uv":[7.25,1.25,6,3.25],"texture":"#0"},"up":{"uv":[4.75,0,2.75,1.25],"texture":"#0"},"down":{"uv":[6.75,0,4.75,1.25],"texture":"#0"}}},{"from":[5.25,4,8],"to":[13.25,32,8],"rotation":{"angle":0,"axis":"y","origin":[16,0,0]},"faces":{"north":{"uv":[15,0,11,14],"texture":"#0"},"east":{"uv":[0,0,0,12],"texture":"#0"},"south":{"uv":[11,0,15,14],"texture":"#0"},"west":{"uv":[0,0,0,12],"texture":"#0"},"up":{"uv":[7,0,0,0],"texture":"#0"},"down":{"uv":[7,0,0,0],"texture":"#0"}}},{"from":[6,-12.5,7.25],"to":[10,-8.5,8.75],"rotation":{"angle":0,"axis":"y","origin":[16,-1,0]},"faces":{"north":{"uv":[3.75,9,5.75,11],"texture":"#0"},"east":{"uv":[9.75,13,10.5,15],"texture":"#0"},"south":{"uv":[3.75,9,5.75,11],"texture":"#0"},"west":{"uv":[9.75,13,10.5,15],"texture":"#0"},"up":{"uv":[8.75,15,10.75,15.75],"texture":"#0"},"down":{"uv":[5.75,10.5,7.75,11.25],"texture":"#0"}}},{"from":[6.5,-12,6.75],"to":[9.5,-9,9.25],"rotation":{"angle":0,"axis":"y","origin":[16,-1,0]},"faces":{"north":{"uv":[2.25,9,3.75,10.5],"texture":"#0"},"east":{"uv":[5.75,9,7,10.5],"texture":"#0"},"south":{"uv":[3.75,9,2.25,10.5],"texture":"#0"},"west":{"uv":[5.75,9,7,10.5],"texture":"#0"},"up":{"uv":[7.75,8.75,9.25,10],"texture":"#0"},"down":{"uv":[7.75,10,9.25,11.25],"texture":"#0"}}},{"from":[3,2,7],"to":[12,4,9],"rotation":{"angle":0,"axis":"y","origin":[16,-1,7]},"faces":{"north":{"uv":[3,15,7.5,16],"texture":"#0"},"east":{"uv":[0,11,1,12],"texture":"#0"},"south":{"uv":[7.5,15,3,16],"texture":"#0"},"west":{"uv":[1,11,2,12],"texture":"#0"},"up":{"uv":[3.75,13,8.25,14],"texture":"#0"},"down":{"uv":[3.75,14,8.25,15],"texture":"#0"}}},{"from":[3,4,7],"to":[4.5,7,9],"rotation":{"angle":0,"axis":"y","origin":[16,-1,7]},"faces":{"north":{"uv":[2,10.5,2.75,12],"texture":"#0"},"east":{"uv":[0.75,9.5,1.75,11],"texture":"#0"},"south":{"uv":[2.75,10.5,2,12],"texture":"#0"},"west":{"uv":[2.75,10.5,3.75,12],"texture":"#0"},"up":{"uv":[0,10,0.75,11],"texture":"#0"},"down":{"uv":[0,10,0.75,11],"texture":"#0"}}},{"from":[6.6,5.6,7.5],"to":[8.1,7.6,8.5],"rotation":{"angle":0,"axis":"y","origin":[16,-1,7]},"faces":{"north":{"uv":[4.75,6.5,5.5,7.5],"texture":"#0"},"east":{"uv":[5.5,6.5,6,7.5],"texture":"#0"},"south":{"uv":[5.5,6.5,4.75,7.5],"texture":"#0"},"west":{"uv":[6.25,6.5,6.75,7.5],"texture":"#0"},"up":{"uv":[3.25,6.5,4,7],"texture":"#0"},"down":{"uv":[3.25,6.5,4,7],"texture":"#0"}}},{"from":[5.1,7.6,7.5],"to":[8.1,9.1,8.5],"rotation":{"angle":0,"axis":"y","origin":[16,-1,7]},"faces":{"north":{"uv":[7,8,8.5,8.75],"texture":"#0"},"east":{"uv":[6.75,7.25,7.25,8],"texture":"#0"},"south":{"uv":[8.5,8,7,8.75],"texture":"#0"},"west":{"uv":[6.75,7.25,7.25,8],"texture":"#0"},"up":{"uv":[4.75,7.5,6.25,8],"texture":"#0"},"down":{"uv":[5.5,8,7,8.5],"texture":"#0"}}},{"from":[2.7,7.7,7.25],"to":[5.7,9.2,8.75],"rotation":{"angle":45,"axis":"z","origin":[5.5,8.5,8]},"faces":{"north":{"uv":[5.25,5.75,6.75,6.5],"texture":"#0"},"east":{"uv":[4.5,5.75,5.25,6.5],"texture":"#0"},"south":{"uv":[6.75,5.75,5.25,6.5],"texture":"#0"},"west":{"uv":[6,5,6.75,5.75],"texture":"#0"},"up":{"uv":[4.5,5,6,5.75],"texture":"#0"},"down":{"uv":[4.5,4.25,6,5],"texture":"#0"}}},{"from":[11,3.2,7.25],"to":[13,10.7,8.75],"rotation":{"angle":-22.5,"axis":"z","origin":[8,3.2,8]},"faces":{"north":{"uv":[0,13.5,3.75,14.5],"rotation":90,"texture":"#0"},"east":{"uv":[0,12,3.75,12.75],"rotation":270,"texture":"#0"},"south":{"uv":[3.75,13.5,0,14.5],"rotation":270,"texture":"#0"},"west":{"uv":[0,12.75,3.75,13.5],"rotation":270,"texture":"#0"},"up":{"uv":[2.25,15,3,16],"rotation":270,"texture":"#0"},"down":{"uv":[2.25,15,3,16],"rotation":270,"texture":"#0"}}},{"from":[13,3.2,7.5],"to":[15,6.7,8.5],"rotation":{"angle":22.5,"axis":"z","origin":[8,3.2,8]},"faces":{"north":{"uv":[0,15,1.75,16],"rotation":90,"texture":"#0"},"east":{"uv":[0,14.5,1.75,15],"rotation":270,"texture":"#0"},"south":{"uv":[1.75,15,0,16],"rotation":270,"texture":"#0"},"west":{"uv":[0,14.5,1.75,15],"rotation":270,"texture":"#0"},"up":{"uv":[1.75,15,2.25,16],"rotation":270,"texture":"#0"},"down":{"uv":[1.75,15,2.25,16],"rotation":270,"texture":"#0"}}},{"from":[10.5,8.2,7],"to":[15.5,9.2,9],"rotation":{"angle":0,"axis":"y","origin":[8,3.2,8]},"faces":{"north":{"uv":[0,7.5,0.5,10],"rotation":90,"texture":"#0"},"east":{"uv":[0,6.5,0.5,7.5],"rotation":270,"texture":"#0"},"south":{"uv":[0.5,7.5,0,10],"rotation":270,"texture":"#0"},"west":{"uv":[1.75,9.5,2.25,10.5],"rotation":270,"texture":"#0"},"up":{"uv":[0.75,7,1.75,9.5],"rotation":270,"texture":"#0"},"down":{"uv":[2.25,6.5,3.25,9],"rotation":270,"texture":"#0"}}},{"from":[7.5,-7.5,8],"to":[14.5,4.5,8],"rotation":{"angle":0,"axis":"y","origin":[13,1.5,8]},"faces":{"north":{"uv":[7.5,0,11,6],"texture":"#0"},"east":{"uv":[0,0,0,7],"texture":"#0"},"south":{"uv":[11,0,7.5,6],"texture":"#0"},"west":{"uv":[0,0,0,7],"texture":"#0"},"up":{"uv":[0,0,5,0],"texture":"#0"},"down":{"uv":[0,0,5,0],"texture":"#0"}}},{"from":[6.25,4,7.75],"to":[9.75,16.5,8.25],"rotation":{"angle":0,"axis":"y","origin":[16,0,0]},"faces":{"north":{"uv":[13.25,7.75,11.5,14],"texture":"#0"},"east":{"uv":[13,7.75,13.25,14],"texture":"#0"},"south":{"uv":[11.5,7.75,13.25,14],"texture":"#0"},"west":{"uv":[11.5,7.75,11.75,14],"texture":"#0"},"up":{"uv":[11.5,7.75,13.25,8],"texture":"#0"},"down":{"uv":[13.25,7.75,11.5,8],"texture":"#0"}}}],"gui_light":"front","display":{"thirdperson_righthand":{"rotation":[0,110,0],"translation":[0,7.25,1.75],"scale":[0.7,0.7,0.7]},"thirdperson_lefthand":{"rotation":[180,-110,180],"translation":[0,6,1.75],"scale":[0.7,0.7,0.7]},"firstperson_righthand":{"rotation":[-175.56,80,170],"translation":[0.5,5,0.5],"scale":[0.5,0.5,0.5]},"firstperson_lefthand":{"rotation":[-175.56,-88,-170],"translation":[0.5,5,0.5],"scale":[0.5,0.5,0.5]},"ground":{"rotation":[82,0,0],"translation":[0,-1.25,0],"scale":[0.5,0.5,0.5]},"gui":{"rotation":[0,0,-45],"translation":[-0.5,-0.75,-2],"scale":[0.465,0.465,0.465]},"head":{"rotation":[0,-18,105],"translation":[2.5,8.75,2.25],"scale":[0.73516,0.73516,0.73516]},"fixed":{"rotation":[0,0,45],"translation":[1.25,-0.5,-1.25],"scale":[0.96484,0.96484,0.96484]}}}