{"credit":"Made with Blockbench","textures":{"0":"spectra_aurelium_skills:back_bookmark","particle":"spectra_aurelium_skills:back_bookmark"},"elements":[{"from":[0,0,2],"to":[17,24,2],"faces":{"north":{"uv":[0,0,16,16],"texture":"#missing"},"east":{"uv":[0,0,0,16],"texture":"#missing"},"south":{"uv":[3.5,2,12.5,14],"texture":"#0"},"west":{"uv":[0,0,0,16],"texture":"#missing"},"up":{"uv":[0,0,16,0],"texture":"#missing"},"down":{"uv":[0,0,16,0],"texture":"#missing"}}}],"gui_light":"front","display":{"gui":{"translation":[-1,4.5,0]}}}