{"credit":"Made with Blockbench","textures":{"0":"spectra_aurelium_skills:monster_body_left","particle":"spectra_aurelium_skills:monster_body_left"},"elements":[{"from":[0,0,0],"to":[16,16,0],"faces":{"north":{"uv":[0,0,16,16],"texture":"#missing"},"east":{"uv":[0,0,0,16],"texture":"#missing"},"south":{"uv":[0,0,16,16],"texture":"#0"},"west":{"uv":[0,0,0,16],"texture":"#missing"},"up":{"uv":[0,0,16,0],"texture":"#missing"},"down":{"uv":[0,0,16,0],"texture":"#missing"}}}],"gui_light":"front","display":{"gui":{"translation":[5,13,0]}}}