{"credit":"Made with Blockbench","texture_size":[32,32],"textures":{"1":"gunpack:22"},"elements":[{"from":[7.125,-0.31635,19.875],"to":[8.875,4.93365,22.125],"rotation":{"angle":-22.5,"axis":"x","origin":[8,2.43365,21]},"faces":{"north":{"uv":[5,0,5.875,2.625],"texture":"#1"},"east":{"uv":[2,3,3.125,5.625],"texture":"#1"},"south":{"uv":[5,3,5.875,5.625],"texture":"#1"},"west":{"uv":[3.5,3,4.625,5.625],"texture":"#1"},"up":{"uv":[2.875,7.125,2,6],"texture":"#1"},"down":{"uv":[3.875,6,3,7.125],"texture":"#1"}}},{"from":[7.625,1.663,17.79791],"to":[8.375,2.063,20.19791],"rotation":{"angle":0,"axis":"y","origin":[8,1.438,18.92291]},"faces":{"north":{"uv":[0,8,0.375,8.25],"texture":"#1"},"east":{"uv":[7,6,8.25,6.25],"texture":"#1"},"south":{"uv":[8,0,8.375,0.25],"texture":"#1"},"west":{"uv":[7,6.5,8.25,6.75],"texture":"#1"},"up":{"uv":[7.375,3.25,7,2],"texture":"#1"},"down":{"uv":[7.375,3.5,7,4.75],"texture":"#1"}}},{"from":[7.625,1.47984,17.32712],"to":[8.375,3.87984,17.72712],"rotation":{"angle":-22.5,"axis":"x","origin":[8,2.75484,17.10212]},"faces":{"north":{"uv":[4,7,4.375,8.25],"texture":"#1"},"east":{"uv":[7,7,7.25,8.25],"texture":"#1"},"south":{"uv":[4.5,7,4.875,8.25],"texture":"#1"},"west":{"uv":[7.5,0,7.75,1.25],"texture":"#1"},"up":{"uv":[0.875,8.25,0.5,8],"texture":"#1"},"down":{"uv":[8.375,0.5,8,0.75],"texture":"#1"}}},{"from":[7.15,-0.53753,20.36301],"to":[8.85,1.01247,21.01301],"rotation":{"angle":0,"axis":"y","origin":[8,2.21247,19.88801]},"faces":{"north":{"uv":[6,4,6.875,4.75],"texture":"#1"},"east":{"uv":[7.5,1.5,7.875,2.25],"texture":"#1"},"south":{"uv":[5,6,5.875,6.75],"texture":"#1"},"west":{"uv":[2,7.5,2.375,8.25],"texture":"#1"},"up":{"uv":[7.875,5.875,7,5.5],"texture":"#1"},"down":{"uv":[6.875,7,6,7.375],"texture":"#1"}}},{"from":[7,3,13],"to":[9,5.25,22.5],"rotation":{"angle":0,"axis":"y","origin":[8,3,21]},"faces":{"north":{"uv":[6,0,7,1.125],"texture":"#1"},"east":{"uv":[0,0,4.75,1.125],"texture":"#1"},"south":{"uv":[6,1.5,7,2.625],"texture":"#1"},"west":{"uv":[0,1.5,4.75,2.625],"texture":"#1"},"up":{"uv":[1,7.75,0,3],"texture":"#1"},"down":{"uv":[2,3,1,7.75],"texture":"#1"}}},{"from":[7.25,5.25,20.25],"to":[7.75,5.75,21.75],"rotation":{"angle":0,"axis":"y","origin":[8,2.25,21]},"faces":{"north":{"uv":[1,8,1.25,8.25],"texture":"#1"},"east":{"uv":[3,7.5,3.75,7.75],"texture":"#1"},"south":{"uv":[8,1,8.25,1.25],"texture":"#1"},"west":{"uv":[7.5,3,8.25,3.25],"texture":"#1"},"up":{"uv":[7.75,4.25,7.5,3.5],"texture":"#1"},"down":{"uv":[5.25,7.5,5,8.25],"texture":"#1"}}},{"from":[8.25,5.25,20.25],"to":[8.75,5.75,21.75],"rotation":{"angle":0,"axis":"y","origin":[8,2.25,21]},"faces":{"north":{"uv":[1.5,8,1.75,8.25],"texture":"#1"},"east":{"uv":[7.5,4.5,8.25,4.75],"texture":"#1"},"south":{"uv":[8,1.5,8.25,1.75],"texture":"#1"},"west":{"uv":[5.5,7.5,6.25,7.75],"texture":"#1"},"up":{"uv":[6.75,8.25,6.5,7.5],"texture":"#1"},"down":{"uv":[7.75,7,7.5,7.75],"texture":"#1"}}},{"from":[7.25,4.79289,19.14645],"to":[7.75,5.29289,20.64645],"rotation":{"angle":-45,"axis":"x","origin":[8,5.04289,19.89645]},"faces":{"north":{"uv":[1,8,1.25,8.25],"texture":"#1"},"east":{"uv":[3,7.5,3.75,7.75],"texture":"#1"},"south":{"uv":[8,1,8.25,1.25],"texture":"#1"},"west":{"uv":[7.5,3,8.25,3.25],"texture":"#1"},"up":{"uv":[7.75,4.25,7.5,3.5],"texture":"#1"},"down":{"uv":[5.25,7.5,5,8.25],"texture":"#1"}}},{"from":[8.25,4.79289,19.14645],"to":[8.75,5.29289,20.64645],"rotation":{"angle":-45,"axis":"x","origin":[8,5.04289,19.89645]},"faces":{"north":{"uv":[1.5,8,1.75,8.25],"texture":"#1"},"east":{"uv":[7.5,4.5,8.25,4.75],"texture":"#1"},"south":{"uv":[8,1.5,8.25,1.75],"texture":"#1"},"west":{"uv":[5.5,7.5,6.25,7.75],"texture":"#1"},"up":{"uv":[6.75,8.25,6.5,7.5],"texture":"#1"},"down":{"uv":[7.75,7,7.5,7.75],"texture":"#1"}}},{"from":[7.2,2.8,22.1],"to":[8.8,4.75,22.975],"rotation":{"angle":22.5,"axis":"x","origin":[8,4.125,23.25]},"faces":{"north":{"uv":[6,3,6.75,4],"texture":"#1"},"east":{"uv":[7,0,7.5,1],"texture":"#1"},"south":{"uv":[4,6,4.75,7],"texture":"#1"},"west":{"uv":[7,1,7.5,2],"texture":"#1"},"up":{"uv":[5.75,7.5,5,7],"texture":"#1"},"down":{"uv":[7.75,5,7,5.5],"texture":"#1"}}},{"from":[7.5,3.75,11],"to":[8.5,4.75,13],"rotation":{"angle":0,"axis":"y","origin":[8,1,8]},"faces":{"north":{"uv":[2.5,7.5,3,8],"texture":"#1"},"east":{"uv":[6,5,7,5.5],"texture":"#1"},"south":{"uv":[7.5,2.5,8,3],"texture":"#1"},"west":{"uv":[6,5.5,7,6],"texture":"#1"},"up":{"uv":[6.5,7,6,6],"texture":"#1"},"down":{"uv":[7,6,6.5,7],"texture":"#1"}}}],"gui_light":"front","display":{"thirdperson_righthand":{"translation":[0,4,-8.5],"scale":[0.79,0.79,0.79]},"thirdperson_lefthand":{"translation":[0,4,-8.5],"scale":[0.79,0.79,0.79]},"firstperson_righthand":{"translation":[-6.5,7.75,-7.25],"scale":[0.8,0.8,0.8]},"firstperson_lefthand":{"translation":[-6.5,7.75,-7.25],"scale":[0.8,0.8,0.8]},"ground":{"rotation":[45,0,0],"translation":[0,3,0],"scale":[0.34,0.34,0.34]},"gui":{"rotation":[78,40,-63],"translation":[-3.25,11.5,0],"scale":[1.16,1.16,1.16]},"fixed":{"rotation":[90,0,90],"translation":[-3,10,-3.25]}}}