{"credit":"Made with Blockbench","texture_size":[64,64],"textures":{"0":"gunpack:chest","particle":"gunpack:chest"},"elements":[{"from":[3.62,5.115,3.62],"to":[12.38,9.495,12.38],"rotation":{"angle":0,"axis":"y","origin":[8,7.305,8]},"faces":{"north":{"uv":[2.25,3.5,4.4375,4.625],"texture":"#0"},"east":{"uv":[4,0,6.1875,1.125],"texture":"#0"},"south":{"uv":[4,1.25,6.1875,2.375],"texture":"#0"},"west":{"uv":[0,4.5,2.1875,5.625],"texture":"#0"},"up":{"uv":[2.1875,2.1875,0,0],"texture":"#0"},"down":{"uv":[2.1875,2.25,0,4.4375],"texture":"#0"}}},{"from":[12.0525,5.615,8.4975],"to":[13.0625,9.995,11.2575],"rotation":{"angle":0,"axis":"y","origin":[7.5,5.9633,8]},"faces":{"north":{"uv":[5.5,6.25,5.75,7.375],"texture":"#0"},"east":{"uv":[4.75,8.5,5.4375,9.625],"texture":"#0"},"south":{"uv":[4.75,7.25,5,8.375],"texture":"#0"},"west":{"uv":[8.5,7.25,9.1875,8.375],"texture":"#0"},"up":{"uv":[8.5,2.1875,8.25,1.5],"texture":"#0"},"down":{"uv":[8.25,11.75,8,12.4375],"texture":"#0"}}},{"from":[11.3025,1.115,8.7475],"to":[12.0625,3.995,11.0075],"rotation":{"angle":0,"axis":"y","origin":[7.45,6.9633,8]},"faces":{"north":{"uv":[8.25,13.25,8.4375,14],"texture":"#0"},"east":{"uv":[2.25,10.5,2.8125,11.25],"texture":"#0"},"south":{"uv":[8.5,13.25,8.6875,14],"texture":"#0"},"west":{"uv":[4.75,10.75,5.3125,11.5],"texture":"#0"},"up":{"uv":[6.6875,14.5625,6.5,14],"texture":"#0"},"down":{"uv":[14.1875,8.5,14,9.0625],"texture":"#0"}}},{"from":[11.84782,2.86437,8.7225],"to":[13.40782,4.19437,11.0325],"rotation":{"angle":-45,"axis":"z","origin":[12.67782,4.47937,9.8775]},"faces":{"north":{"uv":[1.5,14,1.875,14.3125],"texture":"#0"},"east":{"uv":[13,5,13.5625,5.3125],"texture":"#0"},"south":{"uv":[14,2,14.375,2.3125],"texture":"#0"},"west":{"uv":[13,6.75,13.5625,7.0625],"texture":"#0"},"up":{"uv":[6.125,13.0625,5.75,12.5],"texture":"#0"},"down":{"uv":[6.625,12.5,6.25,13.0625],"texture":"#0"}}},{"from":[11.43249,2.03165,8.9975],"to":[12.74249,3.76165,10.7575],"rotation":{"angle":0,"axis":"y","origin":[12.26249,4.04665,9.8775]},"faces":{"north":{"uv":[13.5,7.25,13.8125,7.6875],"texture":"#0"},"east":{"uv":[7.5,4.5,7.9375,4.9375],"texture":"#0"},"south":{"uv":[13.5,7.75,13.8125,8.1875],"texture":"#0"},"west":{"uv":[0.75,9,1.1875,9.4375],"texture":"#0"},"up":{"uv":[13.8125,8.6875,13.5,8.25],"texture":"#0"},"down":{"uv":[13.8125,8.75,13.5,9.1875],"texture":"#0"}}},{"from":[10.95965,1.79013,8.9975],"to":[12.26965,2.77013,10.7575],"rotation":{"angle":-45,"axis":"z","origin":[11.61465,1.83013,9.8775]},"faces":{"north":{"uv":[11.75,14,12.0625,14.25],"texture":"#0"},"east":{"uv":[6,14,6.4375,14.25],"texture":"#0"},"south":{"uv":[12.25,14,12.5625,14.25],"texture":"#0"},"west":{"uv":[14,7.25,14.4375,7.5],"texture":"#0"},"up":{"uv":[11.8125,13.9375,11.5,13.5],"texture":"#0"},"down":{"uv":[12.3125,13.5,12,13.9375],"texture":"#0"}}},{"from":[11.3025,1.115,4.9925],"to":[12.0625,3.995,7.2525],"rotation":{"angle":0,"axis":"y","origin":[7.45,6.9633,8]},"faces":{"north":{"uv":[8.6875,13.25,8.5,14],"texture":"#0"},"east":{"uv":[2.8125,10.5,2.25,11.25],"texture":"#0"},"south":{"uv":[8.4375,13.25,8.25,14],"texture":"#0"},"west":{"uv":[5.3125,10.75,4.75,11.5],"texture":"#0"},"up":{"uv":[6.6875,14,6.5,14.5625],"texture":"#0"},"down":{"uv":[14.1875,9.0625,14,8.5],"texture":"#0"}}},{"from":[11.84782,2.86437,4.9675],"to":[13.40782,4.19437,7.2775],"rotation":{"angle":-45,"axis":"z","origin":[12.67782,4.47937,6.1225]},"faces":{"north":{"uv":[14.375,2,14,2.3125],"texture":"#0"},"east":{"uv":[13.5625,5,13,5.3125],"texture":"#0"},"south":{"uv":[1.875,14,1.5,14.3125],"texture":"#0"},"west":{"uv":[13.5625,6.75,13,7.0625],"texture":"#0"},"up":{"uv":[6.125,12.5,5.75,13.0625],"texture":"#0"},"down":{"uv":[6.625,13.0625,6.25,12.5],"texture":"#0"}}},{"from":[11.43249,2.03165,5.2425],"to":[12.74249,3.76165,7.0025],"rotation":{"angle":0,"axis":"y","origin":[12.26249,4.04665,6.1225]},"faces":{"north":{"uv":[13.8125,7.75,13.5,8.1875],"texture":"#0"},"east":{"uv":[7.9375,4.5,7.5,4.9375],"texture":"#0"},"south":{"uv":[13.8125,7.25,13.5,7.6875],"texture":"#0"},"west":{"uv":[1.1875,9,0.75,9.4375],"texture":"#0"},"up":{"uv":[13.8125,8.25,13.5,8.6875],"texture":"#0"},"down":{"uv":[13.8125,9.1875,13.5,8.75],"texture":"#0"}}},{"from":[10.95965,1.79013,5.2425],"to":[12.26965,2.77013,7.0025],"rotation":{"angle":-45,"axis":"z","origin":[11.61465,1.83013,6.1225]},"faces":{"north":{"uv":[12.5625,14,12.25,14.25],"texture":"#0"},"east":{"uv":[6.4375,14,6,14.25],"texture":"#0"},"south":{"uv":[12.0625,14,11.75,14.25],"texture":"#0"},"west":{"uv":[14.4375,7.25,14,7.5],"texture":"#0"},"up":{"uv":[11.8125,13.5,11.5,13.9375],"texture":"#0"},"down":{"uv":[12.3125,13.9375,12,13.5],"texture":"#0"}}},{"from":[3.9375,1.115,8.7475],"to":[4.6975,3.995,11.0075],"rotation":{"angle":0,"axis":"y","origin":[8.55,6.9633,8]},"faces":{"north":{"uv":[8.4375,13.25,8.25,14],"texture":"#0"},"east":{"uv":[5.3125,10.75,4.75,11.5],"texture":"#0"},"south":{"uv":[8.6875,13.25,8.5,14],"texture":"#0"},"west":{"uv":[2.8125,10.5,2.25,11.25],"texture":"#0"},"up":{"uv":[6.5,14.5625,6.6875,14],"texture":"#0"},"down":{"uv":[14,8.5,14.1875,9.0625],"texture":"#0"}}},{"from":[2.59218,2.86437,8.7225],"to":[4.15218,4.19437,11.0325],"rotation":{"angle":45,"axis":"z","origin":[3.32218,4.47937,9.8775]},"faces":{"north":{"uv":[1.875,14,1.5,14.3125],"texture":"#0"},"east":{"uv":[13.5625,6.75,13,7.0625],"texture":"#0"},"south":{"uv":[14.375,2,14,2.3125],"texture":"#0"},"west":{"uv":[13.5625,5,13,5.3125],"texture":"#0"},"up":{"uv":[5.75,13.0625,6.125,12.5],"texture":"#0"},"down":{"uv":[6.25,12.5,6.625,13.0625],"texture":"#0"}}},{"from":[3.25751,2.03165,8.9975],"to":[4.56751,3.76165,10.7575],"rotation":{"angle":0,"axis":"y","origin":[3.73751,4.04665,9.8775]},"faces":{"north":{"uv":[13.8125,7.25,13.5,7.6875],"texture":"#0"},"east":{"uv":[1.1875,9,0.75,9.4375],"texture":"#0"},"south":{"uv":[13.8125,7.75,13.5,8.1875],"texture":"#0"},"west":{"uv":[7.9375,4.5,7.5,4.9375],"texture":"#0"},"up":{"uv":[13.5,8.6875,13.8125,8.25],"texture":"#0"},"down":{"uv":[13.5,8.75,13.8125,9.1875],"texture":"#0"}}},{"from":[3.73035,1.79013,8.9975],"to":[5.04035,2.77013,10.7575],"rotation":{"angle":45,"axis":"z","origin":[4.38535,1.83013,9.8775]},"faces":{"north":{"uv":[12.0625,14,11.75,14.25],"texture":"#0"},"east":{"uv":[14.4375,7.25,14,7.5],"texture":"#0"},"south":{"uv":[12.5625,14,12.25,14.25],"texture":"#0"},"west":{"uv":[6.4375,14,6,14.25],"texture":"#0"},"up":{"uv":[11.5,13.9375,11.8125,13.5],"texture":"#0"},"down":{"uv":[12,13.5,12.3125,13.9375],"texture":"#0"}}},{"from":[3.73035,1.79013,5.2425],"to":[5.04035,2.77013,7.0025],"rotation":{"angle":45,"axis":"z","origin":[4.38535,1.83013,6.1225]},"faces":{"north":{"uv":[12.25,14,12.5625,14.25],"texture":"#0"},"east":{"uv":[14,7.25,14.4375,7.5],"texture":"#0"},"south":{"uv":[11.75,14,12.0625,14.25],"texture":"#0"},"west":{"uv":[6,14,6.4375,14.25],"texture":"#0"},"up":{"uv":[11.5,13.5,11.8125,13.9375],"texture":"#0"},"down":{"uv":[12,13.9375,12.3125,13.5],"texture":"#0"}}},{"from":[3.25751,2.03165,5.2425],"to":[4.56751,3.76165,7.0025],"rotation":{"angle":0,"axis":"y","origin":[3.73751,4.04665,6.1225]},"faces":{"north":{"uv":[13.5,7.75,13.8125,8.1875],"texture":"#0"},"east":{"uv":[0.75,9,1.1875,9.4375],"texture":"#0"},"south":{"uv":[13.5,7.25,13.8125,7.6875],"texture":"#0"},"west":{"uv":[7.5,4.5,7.9375,4.9375],"texture":"#0"},"up":{"uv":[13.5,8.25,13.8125,8.6875],"texture":"#0"},"down":{"uv":[13.5,9.1875,13.8125,8.75],"texture":"#0"}}},{"from":[2.59218,2.86437,4.9675],"to":[4.15218,4.19437,7.2775],"rotation":{"angle":45,"axis":"z","origin":[3.32218,4.47937,6.1225]},"faces":{"north":{"uv":[14,2,14.375,2.3125],"texture":"#0"},"east":{"uv":[13,6.75,13.5625,7.0625],"texture":"#0"},"south":{"uv":[1.5,14,1.875,14.3125],"texture":"#0"},"west":{"uv":[13,5,13.5625,5.3125],"texture":"#0"},"up":{"uv":[5.75,12.5,6.125,13.0625],"texture":"#0"},"down":{"uv":[6.25,13.0625,6.625,12.5],"texture":"#0"}}},{"from":[3.9375,1.115,4.9925],"to":[4.6975,3.995,7.2525],"rotation":{"angle":0,"axis":"y","origin":[8.55,6.9633,8]},"faces":{"north":{"uv":[8.5,13.25,8.6875,14],"texture":"#0"},"east":{"uv":[4.75,10.75,5.3125,11.5],"texture":"#0"},"south":{"uv":[8.25,13.25,8.4375,14],"texture":"#0"},"west":{"uv":[2.25,10.5,2.8125,11.25],"texture":"#0"},"up":{"uv":[6.5,14,6.6875,14.5625],"texture":"#0"},"down":{"uv":[14,9.0625,14.1875,8.5],"texture":"#0"}}},{"from":[12.28458,5.77173,8.4725],"to":[13.96458,6.78173,11.2825],"rotation":{"angle":-22.5,"axis":"z","origin":[11.77458,6.27673,9.8775]},"faces":{"north":{"uv":[4,4.75,4.4375,5],"texture":"#0"},"east":{"uv":[0.75,13.25,1.4375,13.5],"texture":"#0"},"south":{"uv":[10.25,9.5,10.6875,9.75],"texture":"#0"},"west":{"uv":[13.25,1.25,13.9375,1.5],"texture":"#0"},"up":{"uv":[9.1875,7.1875,8.75,6.5],"texture":"#0"},"down":{"uv":[2.1875,9.5,1.75,10.1875],"texture":"#0"}}},{"from":[12.28458,8.32827,8.4725],"to":[13.18958,9.83827,11.2825],"rotation":{"angle":22.5,"axis":"z","origin":[11.77458,9.33327,9.8775]},"faces":{"north":{"uv":[5.5,7.5,5.75,7.875],"texture":"#0"},"east":{"uv":[8,5.25,8.6875,5.625],"texture":"#0"},"south":{"uv":[10.75,10.25,11,10.625],"texture":"#0"},"west":{"uv":[11.75,0,12.4375,0.375],"texture":"#0"},"up":{"uv":[8,13.6875,7.75,13],"texture":"#0"},"down":{"uv":[13.5,0.5,13.25,1.1875],"texture":"#0"}}},{"from":[12.73418,9.81494,8.4975],"to":[13.93918,10.57494,11.2575],"rotation":{"angle":-22.5,"axis":"z","origin":[12.22418,10.06994,9.8775]},"faces":{"north":{"uv":[14.25,6.75,14.5625,6.9375],"texture":"#0"},"east":{"uv":[13.5,1,14.1875,1.1875],"texture":"#0"},"south":{"uv":[14.25,7,14.5625,7.1875],"texture":"#0"},"west":{"uv":[13.5,4.5,14.1875,4.6875],"texture":"#0"},"up":{"uv":[12.3125,12.1875,12,11.5],"texture":"#0"},"down":{"uv":[12.5625,1,12.25,1.6875],"texture":"#0"}}},{"from":[12.99361,8.99344,8.4725],"to":[13.85361,9.64844,11.2825],"rotation":{"angle":22.5,"axis":"z","origin":[13.34861,10.15844,9.8775]},"faces":{"north":{"uv":[14.25,9.25,14.4375,9.4375],"texture":"#0"},"east":{"uv":[10.75,13.75,11.4375,13.9375],"texture":"#0"},"south":{"uv":[14.25,9.5,14.4375,9.6875],"texture":"#0"},"west":{"uv":[13.75,10.75,14.4375,10.9375],"texture":"#0"},"up":{"uv":[1.4375,14.1875,1.25,13.5],"texture":"#0"},"down":{"uv":[0.6875,13.75,0.5,14.4375],"texture":"#0"}}},{"from":[12.58458,5.67827,8.7475],"to":[13.81458,9.73827,11.0075],"rotation":{"angle":0,"axis":"y","origin":[11.77458,9.33327,9.8775]},"faces":{"north":{"uv":[11.75,1,12.0625,2],"texture":"#0"},"east":{"uv":[10,9.75,10.5625,10.75],"texture":"#0"},"south":{"uv":[1.5,11.75,1.8125,12.75],"texture":"#0"},"west":{"uv":[0,10.25,0.5625,11.25],"texture":"#0"},"up":{"uv":[13.0625,10.8125,12.75,10.25],"texture":"#0"},"down":{"uv":[7.0625,13,6.75,13.5625],"texture":"#0"}}},{"from":[12.0525,5.615,4.7425],"to":[13.0625,9.995,7.5025],"rotation":{"angle":0,"axis":"y","origin":[7.5,5.9633,8]},"faces":{"north":{"uv":[5,7.25,4.75,8.375],"texture":"#0"},"east":{"uv":[5.4375,8.5,4.75,9.625],"texture":"#0"},"south":{"uv":[5.75,6.25,5.5,7.375],"texture":"#0"},"west":{"uv":[9.1875,7.25,8.5,8.375],"texture":"#0"},"up":{"uv":[8.5,1.5,8.25,2.1875],"texture":"#0"},"down":{"uv":[8.25,12.4375,8,11.75],"texture":"#0"}}},{"from":[12.28458,8.32827,4.7175],"to":[13.18958,9.83827,7.5275],"rotation":{"angle":22.5,"axis":"z","origin":[11.77458,9.33327,6.1225]},"faces":{"north":{"uv":[11,10.25,10.75,10.625],"texture":"#0"},"east":{"uv":[8.6875,5.25,8,5.625],"texture":"#0"},"south":{"uv":[5.75,7.5,5.5,7.875],"texture":"#0"},"west":{"uv":[12.4375,0,11.75,0.375],"texture":"#0"},"up":{"uv":[8,13,7.75,13.6875],"texture":"#0"},"down":{"uv":[13.5,1.1875,13.25,0.5],"texture":"#0"}}},{"from":[12.28458,5.77173,4.7175],"to":[13.96458,6.78173,7.5275],"rotation":{"angle":-22.5,"axis":"z","origin":[11.77458,6.27673,6.1225]},"faces":{"north":{"uv":[10.6875,9.5,10.25,9.75],"texture":"#0"},"east":{"uv":[1.4375,13.25,0.75,13.5],"texture":"#0"},"south":{"uv":[4.4375,4.75,4,5],"texture":"#0"},"west":{"uv":[13.9375,1.25,13.25,1.5],"texture":"#0"},"up":{"uv":[9.1875,6.5,8.75,7.1875],"texture":"#0"},"down":{"uv":[2.1875,10.1875,1.75,9.5],"texture":"#0"}}},{"from":[12.58458,5.67827,4.9925],"to":[13.81458,9.73827,7.2525],"rotation":{"angle":0,"axis":"y","origin":[11.77458,9.33327,6.1225]},"faces":{"north":{"uv":[1.8125,11.75,1.5,12.75],"texture":"#0"},"east":{"uv":[10.5625,9.75,10,10.75],"texture":"#0"},"south":{"uv":[12.0625,1,11.75,2],"texture":"#0"},"west":{"uv":[0.5625,10.25,0,11.25],"texture":"#0"},"up":{"uv":[13.0625,10.25,12.75,10.8125],"texture":"#0"},"down":{"uv":[7.0625,13.5625,6.75,13],"texture":"#0"}}},{"from":[12.73418,9.81494,4.7425],"to":[13.93918,10.57494,7.5025],"rotation":{"angle":-22.5,"axis":"z","origin":[12.22418,10.06994,6.1225]},"faces":{"north":{"uv":[14.5625,7,14.25,7.1875],"texture":"#0"},"east":{"uv":[14.1875,1,13.5,1.1875],"texture":"#0"},"south":{"uv":[14.5625,6.75,14.25,6.9375],"texture":"#0"},"west":{"uv":[14.1875,4.5,13.5,4.6875],"texture":"#0"},"up":{"uv":[12.3125,11.5,12,12.1875],"texture":"#0"},"down":{"uv":[12.5625,1.6875,12.25,1],"texture":"#0"}}},{"from":[12.99361,8.99344,4.7175],"to":[13.85361,9.64844,7.5275],"rotation":{"angle":22.5,"axis":"z","origin":[13.34861,10.15844,6.1225]},"faces":{"north":{"uv":[14.4375,9.5,14.25,9.6875],"texture":"#0"},"east":{"uv":[11.4375,13.75,10.75,13.9375],"texture":"#0"},"south":{"uv":[14.4375,9.25,14.25,9.4375],"texture":"#0"},"west":{"uv":[14.4375,10.75,13.75,10.9375],"texture":"#0"},"up":{"uv":[1.4375,13.5,1.25,14.1875],"texture":"#0"},"down":{"uv":[0.6875,14.4375,0.5,13.75],"texture":"#0"}}},{"from":[2.18542,5.67827,8.7475],"to":[3.41542,9.73827,11.0075],"rotation":{"angle":0,"axis":"y","origin":[4.22542,9.33327,9.8775]},"faces":{"north":{"uv":[2.5,11.75,2.8125,12.75],"texture":"#0"},"east":{"uv":[3.75,10.25,4.3125,11.25],"texture":"#0"},"south":{"uv":[3,11.75,3.3125,12.75],"texture":"#0"},"west":{"uv":[5.5,10.25,6.0625,11.25],"texture":"#0"},"up":{"uv":[13.3125,8.5625,13,8],"texture":"#0"},"down":{"uv":[13.3125,8.75,13,9.3125],"texture":"#0"}}},{"from":[2.14639,8.99344,8.4725],"to":[3.00639,9.64844,11.2825],"rotation":{"angle":-22.5,"axis":"z","origin":[2.65139,10.15844,9.8775]},"faces":{"north":{"uv":[10.25,14.25,10.4375,14.4375],"texture":"#0"},"east":{"uv":[13.75,12.5,14.4375,12.6875],"texture":"#0"},"south":{"uv":[14.25,10.25,14.4375,10.4375],"texture":"#0"},"west":{"uv":[13.75,12.75,14.4375,12.9375],"texture":"#0"},"up":{"uv":[7.9375,14.4375,7.75,13.75],"texture":"#0"},"down":{"uv":[14.1875,0,14,0.6875],"texture":"#0"}}},{"from":[2.06082,9.81494,8.4975],"to":[3.26582,10.57494,11.2575],"rotation":{"angle":22.5,"axis":"z","origin":[3.77582,10.06994,9.8775]},"faces":{"north":{"uv":[8.5,14.25,8.8125,14.4375],"texture":"#0"},"east":{"uv":[13.75,12,14.4375,12.1875],"texture":"#0"},"south":{"uv":[14.25,8.5,14.5625,8.6875],"texture":"#0"},"west":{"uv":[13.75,12.25,14.4375,12.4375],"texture":"#0"},"up":{"uv":[12.5625,3.9375,12.25,3.25],"texture":"#0"},"down":{"uv":[12.5625,6,12.25,6.6875],"texture":"#0"}}},{"from":[2.81042,8.32827,8.4725],"to":[3.71542,9.83827,11.2825],"rotation":{"angle":-22.5,"axis":"z","origin":[4.22542,9.33327,9.8775]},"faces":{"north":{"uv":[10.25,13.25,10.5,13.625],"texture":"#0"},"east":{"uv":[12,8,12.6875,8.375],"texture":"#0"},"south":{"uv":[11,14,11.25,14.375],"texture":"#0"},"west":{"uv":[12,8.5,12.6875,8.875],"texture":"#0"},"up":{"uv":[5,13.9375,4.75,13.25],"texture":"#0"},"down":{"uv":[6,13.25,5.75,13.9375],"texture":"#0"}}},{"from":[2.9375,5.615,8.4975],"to":[3.9475,9.995,11.2575],"rotation":{"angle":0,"axis":"y","origin":[8.5,5.9633,8]},"faces":{"north":{"uv":[7,11.75,7.25,12.875],"texture":"#0"},"east":{"uv":[0,9,0.6875,10.125],"texture":"#0"},"south":{"uv":[7.25,11.75,7.5,12.875],"texture":"#0"},"west":{"uv":[5.5,9,6.1875,10.125],"texture":"#0"},"up":{"uv":[4.5,13.9375,4.25,13.25],"texture":"#0"},"down":{"uv":[4.75,13.25,4.5,13.9375],"texture":"#0"}}},{"from":[2.03542,5.77173,8.4725],"to":[3.71542,6.78173,11.2825],"rotation":{"angle":22.5,"axis":"z","origin":[4.22542,6.27673,9.8775]},"faces":{"north":{"uv":[14,4.75,14.4375,5],"texture":"#0"},"east":{"uv":[13.25,2.5,13.9375,2.75],"texture":"#0"},"south":{"uv":[5,14,5.4375,14.25],"texture":"#0"},"west":{"uv":[13.25,2.75,13.9375,3],"texture":"#0"},"up":{"uv":[5.6875,12.4375,5.25,11.75],"texture":"#0"},"down":{"uv":[6.1875,11.75,5.75,12.4375],"texture":"#0"}}},{"from":[2.03542,5.77173,4.7175],"to":[3.71542,6.78173,7.5275],"rotation":{"angle":22.5,"axis":"z","origin":[4.22542,6.27673,6.1225]},"faces":{"north":{"uv":[5.4375,14,5,14.25],"texture":"#0"},"east":{"uv":[13.9375,2.5,13.25,2.75],"texture":"#0"},"south":{"uv":[14.4375,4.75,14,5],"texture":"#0"},"west":{"uv":[13.9375,2.75,13.25,3],"texture":"#0"},"up":{"uv":[5.6875,11.75,5.25,12.4375],"texture":"#0"},"down":{"uv":[6.1875,12.4375,5.75,11.75],"texture":"#0"}}},{"from":[2.9375,5.615,4.7425],"to":[3.9475,9.995,7.5025],"rotation":{"angle":0,"axis":"y","origin":[8.5,5.9633,8]},"faces":{"north":{"uv":[7.5,11.75,7.25,12.875],"texture":"#0"},"east":{"uv":[0.6875,9,0,10.125],"texture":"#0"},"south":{"uv":[7.25,11.75,7,12.875],"texture":"#0"},"west":{"uv":[6.1875,9,5.5,10.125],"texture":"#0"},"up":{"uv":[4.5,13.25,4.25,13.9375],"texture":"#0"},"down":{"uv":[4.75,13.9375,4.5,13.25],"texture":"#0"}}},{"from":[2.81042,8.32827,4.7175],"to":[3.71542,9.83827,7.5275],"rotation":{"angle":-22.5,"axis":"z","origin":[4.22542,9.33327,6.1225]},"faces":{"north":{"uv":[11.25,14,11,14.375],"texture":"#0"},"east":{"uv":[12.6875,8,12,8.375],"texture":"#0"},"south":{"uv":[10.5,13.25,10.25,13.625],"texture":"#0"},"west":{"uv":[12.6875,8.5,12,8.875],"texture":"#0"},"up":{"uv":[5,13.25,4.75,13.9375],"texture":"#0"},"down":{"uv":[6,13.9375,5.75,13.25],"texture":"#0"}}},{"from":[2.06082,9.81494,4.7425],"to":[3.26582,10.57494,7.5025],"rotation":{"angle":22.5,"axis":"z","origin":[3.77582,10.06994,6.1225]},"faces":{"north":{"uv":[14.5625,8.5,14.25,8.6875],"texture":"#0"},"east":{"uv":[14.4375,12,13.75,12.1875],"texture":"#0"},"south":{"uv":[8.8125,14.25,8.5,14.4375],"texture":"#0"},"west":{"uv":[14.4375,12.25,13.75,12.4375],"texture":"#0"},"up":{"uv":[12.5625,3.25,12.25,3.9375],"texture":"#0"},"down":{"uv":[12.5625,6.6875,12.25,6],"texture":"#0"}}},{"from":[2.14639,8.99344,4.7175],"to":[3.00639,9.64844,7.5275],"rotation":{"angle":-22.5,"axis":"z","origin":[2.65139,10.15844,6.1225]},"faces":{"north":{"uv":[14.4375,10.25,14.25,10.4375],"texture":"#0"},"east":{"uv":[14.4375,12.5,13.75,12.6875],"texture":"#0"},"south":{"uv":[10.4375,14.25,10.25,14.4375],"texture":"#0"},"west":{"uv":[14.4375,12.75,13.75,12.9375],"texture":"#0"},"up":{"uv":[7.9375,13.75,7.75,14.4375],"texture":"#0"},"down":{"uv":[14.1875,0.6875,14,0],"texture":"#0"}}},{"from":[2.18542,5.67827,4.9925],"to":[3.41542,9.73827,7.2525],"rotation":{"angle":0,"axis":"y","origin":[4.22542,9.33327,6.1225]},"faces":{"north":{"uv":[3.3125,11.75,3,12.75],"texture":"#0"},"east":{"uv":[4.3125,10.25,3.75,11.25],"texture":"#0"},"south":{"uv":[2.8125,11.75,2.5,12.75],"texture":"#0"},"west":{"uv":[6.0625,10.25,5.5,11.25],"texture":"#0"},"up":{"uv":[13.3125,8,13,8.5625],"texture":"#0"},"down":{"uv":[13.3125,9.3125,13,8.75],"texture":"#0"}}},{"from":[4.62,0.735,4.62],"to":[11.38,5.115,11.38],"rotation":{"angle":0,"axis":"y","origin":[8,2.925,8]},"faces":{"north":{"uv":[4.5,2.5,6.1875,3.625],"texture":"#0"},"east":{"uv":[4.5,3.75,6.1875,4.875],"texture":"#0"},"south":{"uv":[2.25,4.75,3.9375,5.875],"texture":"#0"},"west":{"uv":[4,5,5.6875,6.125],"texture":"#0"},"up":{"uv":[3.9375,1.6875,2.25,0],"texture":"#0"},"down":{"uv":[3.9375,1.75,2.25,3.4375],"texture":"#0"}}},{"from":[9.63568,5.68641,3.6225],"to":[11.29568,8.26641,12.2325],"rotation":{"angle":-45,"axis":"z","origin":[8,5.4633,8]},"faces":{"north":{"uv":[9.4375,11.75,9,12.375],"texture":"#0"},"east":{"uv":[0,5.75,2.1875,6.375],"texture":"#0"},"south":{"uv":[9,11.75,9.4375,12.375],"texture":"#0"},"west":{"uv":[5.75,5,7.9375,5.625],"texture":"#0"},"up":{"uv":[5.4375,8.4375,5,6.25],"texture":"#0"},"down":{"uv":[1.6875,7.25,1.25,9.4375],"texture":"#0"}}},{"from":[9.31437,2.13446,3.6475],"to":[10.77437,4.46446,12.2075],"rotation":{"angle":0,"axis":"y","origin":[8,5.4633,8]},"faces":{"north":{"uv":[12.875,4,12.5,4.5625],"texture":"#0"},"east":{"uv":[6.25,3.75,8.4375,4.3125],"texture":"#0"},"south":{"uv":[12.5,4,12.875,4.5625],"texture":"#0"},"west":{"uv":[0,6.5,2.1875,7.0625],"texture":"#0"},"up":{"uv":[4.625,9.4375,4.25,7.25],"texture":"#0"},"down":{"uv":[3.625,8.25,3.25,10.4375],"texture":"#0"}}},{"from":[9.31437,0.80446,3.6475],"to":[11.77437,2.13446,12.2075],"rotation":{"angle":0,"axis":"y","origin":[8,5.4633,8]},"faces":{"north":{"uv":[11.875,12.5,11.25,12.8125],"texture":"#0"},"east":{"uv":[9.25,4.5,11.4375,4.8125],"texture":"#0"},"south":{"uv":[11.25,12.5,11.875,12.8125],"texture":"#0"},"west":{"uv":[9.5,1,11.6875,1.3125],"texture":"#0"},"up":{"uv":[6.375,7.9375,5.75,5.75],"texture":"#0"},"down":{"uv":[2.875,6,2.25,8.1875],"texture":"#0"}}},{"from":[10.52851,1.32578,3.6725],"to":[11.61351,2.65578,12.1825],"rotation":{"angle":-22.5,"axis":"z","origin":[10.38351,1.99078,7.8775]},"faces":{"north":{"uv":[1.5,14.25,1.25,14.5625],"texture":"#0"},"east":{"uv":[9.5,2.5,11.6875,2.8125],"texture":"#0"},"south":{"uv":[1.25,14.25,1.5,14.5625],"texture":"#0"},"west":{"uv":[9.5,3,11.6875,3.3125],"texture":"#0"},"up":{"uv":[6.5,9,6.25,11.1875],"texture":"#0"},"down":{"uv":[3.25,9.25,3,11.4375],"texture":"#0"}}},{"from":[4.38649,1.32578,3.6725],"to":[5.47149,2.65578,12.1825],"rotation":{"angle":22.5,"axis":"z","origin":[5.61649,1.99078,7.8775]},"faces":{"north":{"uv":[14.5,3,14.25,3.3125],"texture":"#0"},"east":{"uv":[9.5,3.5,11.6875,3.8125],"texture":"#0"},"south":{"uv":[14.25,3,14.5,3.3125],"texture":"#0"},"west":{"uv":[9.5,4,11.6875,4.3125],"texture":"#0"},"up":{"uv":[4.75,10.25,4.5,12.4375],"texture":"#0"},"down":{"uv":[8.5,10.25,8.25,12.4375],"texture":"#0"}}},{"from":[4.70432,5.68641,3.6225],"to":[6.36432,8.26641,12.2325],"rotation":{"angle":45,"axis":"z","origin":[8,5.4633,8]},"faces":{"north":{"uv":[12.4375,6.75,12,7.375],"texture":"#0"},"east":{"uv":[6.25,2.25,8.4375,2.875],"texture":"#0"},"south":{"uv":[12,6.75,12.4375,7.375],"texture":"#0"},"west":{"uv":[6.25,3,8.4375,3.625],"texture":"#0"},"up":{"uv":[2.1875,9.4375,1.75,7.25],"texture":"#0"},"down":{"uv":[4.1875,7.25,3.75,9.4375],"texture":"#0"}}},{"from":[5.22563,2.13446,3.6475],"to":[6.68563,4.46446,12.2075],"rotation":{"angle":0,"axis":"y","origin":[8,5.4633,8]},"faces":{"north":{"uv":[12.875,4.75,12.5,5.3125],"texture":"#0"},"east":{"uv":[6.5,5.75,8.6875,6.3125],"texture":"#0"},"south":{"uv":[12.5,4.75,12.875,5.3125],"texture":"#0"},"west":{"uv":[6.5,6.5,8.6875,7.0625],"texture":"#0"},"up":{"uv":[6.875,10.4375,6.5,8.25],"texture":"#0"},"down":{"uv":[7.375,8.25,7,10.4375],"texture":"#0"}}},{"from":[4.22563,0.80446,3.6475],"to":[6.68563,2.13446,12.2075],"rotation":{"angle":0,"axis":"y","origin":[8,5.4633,8]},"faces":{"north":{"uv":[13.125,12,12.5,12.3125],"texture":"#0"},"east":{"uv":[9.5,1.5,11.6875,1.8125],"texture":"#0"},"south":{"uv":[12.5,12,13.125,12.3125],"texture":"#0"},"west":{"uv":[9.5,2,11.6875,2.3125],"texture":"#0"},"up":{"uv":[3.625,8.1875,3,6],"texture":"#0"},"down":{"uv":[6.875,0,6.25,2.1875],"texture":"#0"}}},{"from":[6.175,6.115,9.21],"to":[9.825,9.245,13.19],"rotation":{"angle":0,"axis":"y","origin":[8,5.4633,8]},"faces":{"north":{"uv":[7.5,9.25,8.4375,10.0625],"texture":"#0"},"east":{"uv":[7.5,8.25,8.5,9.0625],"texture":"#0"},"south":{"uv":[9.25,7.75,10.1875,8.5625],"texture":"#0"},"west":{"uv":[8.5,1.5,9.5,2.3125],"texture":"#0"},"up":{"uv":[7.4375,8.25,6.5,7.25],"texture":"#0"},"down":{"uv":[8.4375,7.25,7.5,8.25],"texture":"#0"}}},{"from":[5.475,7.79,9.21],"to":[6.175,9.245,13.19],"rotation":{"angle":0,"axis":"y","origin":[8,5.4633,8]},"faces":{"north":{"uv":[14.25,3.5,14.4375,3.875],"texture":"#0"},"east":{"uv":[1,11.25,2,11.625],"texture":"#0"},"south":{"uv":[5,14.25,5.1875,14.625],"texture":"#0"},"west":{"uv":[2,11.25,3,11.625],"texture":"#0"},"up":{"uv":[3.9375,13.75,3.75,12.75],"texture":"#0"},"down":{"uv":[12.9375,7.5,12.75,8.5],"texture":"#0"}}},{"from":[9.825,7.79,9.21],"to":[10.525,9.245,13.19],"rotation":{"angle":0,"axis":"y","origin":[8,5.4633,8]},"faces":{"north":{"uv":[14.25,5,14.4375,5.375],"texture":"#0"},"east":{"uv":[3.25,11.25,4.25,11.625],"texture":"#0"},"south":{"uv":[5.25,14.25,5.4375,14.625],"texture":"#0"},"west":{"uv":[5.5,11.25,6.5,11.625],"texture":"#0"},"up":{"uv":[12.9375,9.5,12.75,8.5],"texture":"#0"},"down":{"uv":[13.1875,2,13,3],"texture":"#0"}}},{"from":[5.475,7.24081,9.08419],"to":[10.525,10.22081,12.21419],"rotation":{"angle":0,"axis":"y","origin":[8,5.4633,8]},"faces":{"north":{"uv":[8,4.5,9.25,5.25],"texture":"#0"},"east":{"uv":[0.75,9.5,1.5625,10.25],"texture":"#0"},"south":{"uv":[0,8.25,1.25,9],"texture":"#0"},"west":{"uv":[3.75,9.5,4.5625,10.25],"texture":"#0"},"up":{"uv":[5,7.0625,3.75,6.25],"texture":"#0"},"down":{"uv":[8.25,0,7,0.8125],"texture":"#0"}}},{"from":[5.475,4.46748,13.56395],"to":[10.525,5.84748,14.34395],"rotation":{"angle":-45,"axis":"x","origin":[8,5.4633,8]},"faces":{"north":{"uv":[6.25,4.5,7.5,4.875],"texture":"#0"},"east":{"uv":[3.25,14.25,3.4375,14.625],"texture":"#0"},"south":{"uv":[10.25,8.5,11.5,8.875],"texture":"#0"},"west":{"uv":[3.5,14.25,3.6875,14.625],"texture":"#0"},"up":{"uv":[8.25,2.1875,7,2],"texture":"#0"},"down":{"uv":[13.25,10,12,10.1875],"texture":"#0"}}},{"from":[8.18668,6.76379,9.21],"to":[9.43668,8.59379,13.165],"rotation":{"angle":-22.5,"axis":"z","origin":[8,5.4633,8]},"faces":{"north":{"uv":[13.25,10,13.5625,10.4375],"texture":"#0"},"east":{"uv":[10.5,0.5,11.5,0.9375],"texture":"#0"},"south":{"uv":[13.25,10.5,13.5625,10.9375],"texture":"#0"},"west":{"uv":[10.5,5,11.5,5.4375],"texture":"#0"},"up":{"uv":[11.8125,9.25,11.5,8.25],"texture":"#0"},"down":{"uv":[11.8125,9.25,11.5,10.25],"texture":"#0"}}},{"from":[6.56332,6.76379,9.21],"to":[7.81332,8.59379,13.165],"rotation":{"angle":22.5,"axis":"z","origin":[8,5.4633,8]},"faces":{"north":{"uv":[13.25,11,13.5625,11.4375],"texture":"#0"},"east":{"uv":[10.5,5.5,11.5,5.9375],"texture":"#0"},"south":{"uv":[13.25,11.5,13.5625,11.9375],"texture":"#0"},"west":{"uv":[10.5,6,11.5,6.4375],"texture":"#0"},"up":{"uv":[9.8125,12.5,9.5,11.5],"texture":"#0"},"down":{"uv":[10.3125,11.5,10,12.5],"texture":"#0"}}},{"from":[6.925,4.735,9.21],"to":[9.075,6.115,13.19],"rotation":{"angle":0,"axis":"y","origin":[8,5.4633,8]},"faces":{"north":{"uv":[12.5,0,13.0625,0.375],"texture":"#0"},"east":{"uv":[11,11,12,11.375],"texture":"#0"},"south":{"uv":[12.5,0.5,13.0625,0.875],"texture":"#0"},"west":{"uv":[0,11.25,1,11.625],"texture":"#0"},"up":{"uv":[5.3125,10.75,4.75,9.75],"texture":"#0"},"down":{"uv":[9.0625,9.75,8.5,10.75],"texture":"#0"}}},{"from":[7.75484,4.18817,9.21],"to":[8.45484,4.89317,13.215],"rotation":{"angle":-45,"axis":"z","origin":[8,5.4633,8]},"faces":{"north":{"uv":[3.75,6,3.9375,6.1875],"texture":"#0"},"east":{"uv":[12.75,1.5,13.75,1.6875],"texture":"#0"},"south":{"uv":[9.25,5,9.4375,5.1875],"texture":"#0"},"west":{"uv":[12.75,1.75,13.75,1.9375],"texture":"#0"},"up":{"uv":[2.1875,13.75,2,12.75],"texture":"#0"},"down":{"uv":[12.9375,2,12.75,3],"texture":"#0"}}},{"from":[7.54516,4.18817,9.21],"to":[8.24516,4.89317,13.215],"rotation":{"angle":45,"axis":"z","origin":[8,5.4633,8]},"faces":{"north":{"uv":[10,7.5,10.1875,7.6875],"texture":"#0"},"east":{"uv":[2.25,12.75,3.25,12.9375],"texture":"#0"},"south":{"uv":[7.25,11,7.4375,11.1875],"texture":"#0"},"west":{"uv":[12.75,3,13.75,3.1875],"texture":"#0"},"up":{"uv":[3.4375,13.75,3.25,12.75],"texture":"#0"},"down":{"uv":[3.6875,12.75,3.5,13.75],"texture":"#0"}}},{"from":[7.43003,4.24003,9.21],"to":[8.58003,4.94503,13.215],"rotation":{"angle":0,"axis":"y","origin":[8,5.4633,8]},"faces":{"north":{"uv":[14.25,0.5,14.5625,0.6875],"texture":"#0"},"east":{"uv":[12.75,3.25,13.75,3.4375],"texture":"#0"},"south":{"uv":[14.25,1,14.5625,1.1875],"texture":"#0"},"west":{"uv":[12.75,3.5,13.75,3.6875],"texture":"#0"},"up":{"uv":[4.3125,3.5,4,2.5],"texture":"#0"},"down":{"uv":[5.0625,11.5,4.75,12.5],"texture":"#0"}}},{"from":[7.54516,4.18817,2.785],"to":[8.24516,4.89317,6.79],"rotation":{"angle":45,"axis":"z","origin":[8,5.4633,8]},"faces":{"north":{"uv":[11.75,8,11.9375,8.1875],"texture":"#0"},"east":{"uv":[12.75,9.5,13.75,9.6875],"texture":"#0"},"south":{"uv":[13.5,9.25,13.6875,9.4375],"texture":"#0"},"west":{"uv":[12.75,9.75,13.75,9.9375],"texture":"#0"},"up":{"uv":[5.4375,14,5.25,13],"texture":"#0"},"down":{"uv":[5.6875,13,5.5,14],"texture":"#0"}}},{"from":[7.43003,4.24003,2.785],"to":[8.58003,4.94503,6.79],"rotation":{"angle":0,"axis":"y","origin":[8,5.4633,8]},"faces":{"north":{"uv":[14.25,4.5,14.5625,4.6875],"texture":"#0"},"east":{"uv":[12.75,6.25,13.75,6.4375],"texture":"#0"},"south":{"uv":[6.75,14.25,7.0625,14.4375],"texture":"#0"},"west":{"uv":[12.75,6.5,13.75,6.6875],"texture":"#0"},"up":{"uv":[0.8125,12.75,0.5,11.75],"texture":"#0"},"down":{"uv":[1.3125,11.75,1,12.75],"texture":"#0"}}},{"from":[7.75484,4.18817,2.785],"to":[8.45484,4.89317,6.79],"rotation":{"angle":-45,"axis":"z","origin":[8,5.4633,8]},"faces":{"north":{"uv":[3,11.5,3.1875,11.6875],"texture":"#0"},"east":{"uv":[12.75,3.75,13.75,3.9375],"texture":"#0"},"south":{"uv":[5.25,11.5,5.4375,11.6875],"texture":"#0"},"west":{"uv":[12.75,6,13.75,6.1875],"texture":"#0"},"up":{"uv":[13.1875,5,13,4],"texture":"#0"},"down":{"uv":[5.1875,13,5,14],"texture":"#0"}}},{"from":[6.925,4.735,2.81],"to":[9.075,6.115,6.79],"rotation":{"angle":0,"axis":"y","origin":[8,5.4633,8]},"faces":{"north":{"uv":[5,12.5,5.5625,12.875],"texture":"#0"},"east":{"uv":[11.5,5,12.5,5.375],"texture":"#0"},"south":{"uv":[12.5,5.5,13.0625,5.875],"texture":"#0"},"west":{"uv":[11.5,5.5,12.5,5.875],"texture":"#0"},"up":{"uv":[9.8125,10.75,9.25,9.75],"texture":"#0"},"down":{"uv":[10.5625,6.5,10,7.5],"texture":"#0"}}},{"from":[6.175,6.115,2.81],"to":[9.825,9.245,6.79],"rotation":{"angle":0,"axis":"y","origin":[8,5.4633,8]},"faces":{"north":{"uv":[9.25,8.75,10.1875,9.5625],"texture":"#0"},"east":{"uv":[8.5,2.5,9.5,3.3125],"texture":"#0"},"south":{"uv":[9.5,0,10.4375,0.8125],"texture":"#0"},"west":{"uv":[8.5,3.5,9.5,4.3125],"texture":"#0"},"up":{"uv":[6.4375,9,5.5,8],"texture":"#0"},"down":{"uv":[3.1875,8.25,2.25,9.25],"texture":"#0"}}},{"from":[8.18668,6.76379,2.835],"to":[9.43668,8.59379,6.79],"rotation":{"angle":-22.5,"axis":"z","origin":[8,5.4633,8]},"faces":{"north":{"uv":[0.75,13.5,1.0625,13.9375],"texture":"#0"},"east":{"uv":[10.75,7,11.75,7.4375],"texture":"#0"},"south":{"uv":[13.5,4,13.8125,4.4375],"texture":"#0"},"west":{"uv":[8.5,10.75,9.5,11.1875],"texture":"#0"},"up":{"uv":[11.8125,12.5,11.5,11.5],"texture":"#0"},"down":{"uv":[0.3125,11.75,0,12.75],"texture":"#0"}}},{"from":[9.825,7.79,2.81],"to":[10.525,9.245,6.79],"rotation":{"angle":0,"axis":"y","origin":[8,5.4633,8]},"faces":{"north":{"uv":[6.25,14.25,6.4375,14.625],"texture":"#0"},"east":{"uv":[11.5,0.5,12.5,0.875],"texture":"#0"},"south":{"uv":[14.25,6.25,14.4375,6.625],"texture":"#0"},"west":{"uv":[11.5,4.5,12.5,4.875],"texture":"#0"},"up":{"uv":[2.9375,14,2.75,13],"texture":"#0"},"down":{"uv":[3.1875,13,3,14],"texture":"#0"}}},{"from":[5.475,4.46748,1.65605],"to":[10.525,5.84748,2.43605],"rotation":{"angle":45,"axis":"x","origin":[8,5.4633,8]},"faces":{"north":{"uv":[11.5,8.5,10.25,8.875],"texture":"#0"},"east":{"uv":[14.25,5.75,14.4375,6.125],"texture":"#0"},"south":{"uv":[10.5,0,11.75,0.375],"texture":"#0"},"west":{"uv":[6,14.25,6.1875,14.625],"texture":"#0"},"up":{"uv":[13.25,11.1875,12,11],"texture":"#0"},"down":{"uv":[13.25,11.25,12,11.4375],"texture":"#0"}}},{"from":[5.475,7.79,2.81],"to":[6.175,9.245,6.79],"rotation":{"angle":0,"axis":"y","origin":[8,5.4633,8]},"faces":{"north":{"uv":[5.5,14.25,5.6875,14.625],"texture":"#0"},"east":{"uv":[7.25,11.25,8.25,11.625],"texture":"#0"},"south":{"uv":[5.75,14.25,5.9375,14.625],"texture":"#0"},"west":{"uv":[8.5,11.25,9.5,11.625],"texture":"#0"},"up":{"uv":[2.4375,14,2.25,13],"texture":"#0"},"down":{"uv":[2.6875,13,2.5,14],"texture":"#0"}}},{"from":[6.56332,6.76379,2.835],"to":[7.81332,8.59379,6.79],"rotation":{"angle":22.5,"axis":"z","origin":[8,5.4633,8]},"faces":{"north":{"uv":[13.25,12,13.5625,12.4375],"texture":"#0"},"east":{"uv":[6.5,10.5,7.5,10.9375],"texture":"#0"},"south":{"uv":[13.5,0.5,13.8125,0.9375],"texture":"#0"},"west":{"uv":[10.75,6.5,11.75,6.9375],"texture":"#0"},"up":{"uv":[10.8125,12.5,10.5,11.5],"texture":"#0"},"down":{"uv":[11.3125,11.5,11,12.5],"texture":"#0"}}},{"from":[5.475,7.24081,3.78581],"to":[10.525,10.22081,6.91581],"rotation":{"angle":0,"axis":"y","origin":[8,5.4633,8]},"faces":{"north":{"uv":[8.25,0,9.5,0.75],"texture":"#0"},"east":{"uv":[9.5,5,10.3125,5.75],"texture":"#0"},"south":{"uv":[8.25,0.75,9.5,1.5],"texture":"#0"},"west":{"uv":[9.5,5.75,10.3125,6.5],"texture":"#0"},"up":{"uv":[8.25,1.8125,7,1],"texture":"#0"},"down":{"uv":[1.25,7.25,0,8.0625],"texture":"#0"}}}],"display":{"head":{"translation":[0,-22.5,0],"scale":[2.86,2.86,2.86]}}}