{"credit":"Made with Blockbench","texture_size":[64,64],"textures":{"0":"gunpack:commando","particle":"gunpack:commando"},"elements":[{"from":[7.125,-0.31635,19.875],"to":[8.875,4.93365,22.125],"rotation":{"angle":-22.5,"axis":"x","origin":[8,2.43365,21]},"faces":{"north":{"uv":[3.25,4,3.6875,5.3125],"texture":"#0"},"east":{"uv":[4.25,2.5,4.8125,3.8125],"texture":"#0"},"south":{"uv":[4.75,0,5.1875,1.3125],"texture":"#0"},"west":{"uv":[4.25,4,4.8125,5.3125],"texture":"#0"},"up":{"uv":[5.1875,6.0625,4.75,5.5],"texture":"#0"},"down":{"uv":[5.9375,4.75,5.5,5.3125],"texture":"#0"}}},{"from":[7.625,1.663,17.79791],"to":[8.375,2.063,20.19791],"rotation":{"angle":0,"axis":"y","origin":[8,1.438,18.92291]},"faces":{"north":{"uv":[1.25,6.5,1.4375,6.625],"texture":"#0"},"east":{"uv":[1.75,6.25,2.375,6.375],"texture":"#0"},"south":{"uv":[1.5,6.5,1.6875,6.625],"texture":"#0"},"west":{"uv":[6.25,1.75,6.875,1.875],"texture":"#0"},"up":{"uv":[5.9375,6.625,5.75,6],"texture":"#0"},"down":{"uv":[6.1875,5.75,6,6.375],"texture":"#0"}}},{"from":[7.625,1.47984,17.32712],"to":[8.375,3.87984,17.72712],"rotation":{"angle":-22.5,"axis":"x","origin":[8,2.75484,17.10212]},"faces":{"north":{"uv":[0.5,6.25,0.6875,6.875],"texture":"#0"},"east":{"uv":[2.5,6.25,2.625,6.875],"texture":"#0"},"south":{"uv":[6.25,0.5,6.4375,1.125],"texture":"#0"},"west":{"uv":[2.75,6.25,2.875,6.875],"texture":"#0"},"up":{"uv":[1.9375,6.625,1.75,6.5],"texture":"#0"},"down":{"uv":[2.1875,6.5,2,6.625],"texture":"#0"}}},{"from":[7.15,-0.53753,20.36301],"to":[8.85,1.01247,21.01301],"rotation":{"angle":0,"axis":"y","origin":[8,2.21247,19.88801]},"faces":{"north":{"uv":[2.5,5.75,2.9375,6.125],"texture":"#0"},"east":{"uv":[6.25,2,6.4375,2.375],"texture":"#0"},"south":{"uv":[0,6,0.4375,6.375],"texture":"#0"},"west":{"uv":[6.25,3,6.4375,3.375],"texture":"#0"},"up":{"uv":[6.6875,1.4375,6.25,1.25],"texture":"#0"},"down":{"uv":[6.6875,1.5,6.25,1.6875],"texture":"#0"}}},{"from":[7,3,13],"to":[9,5.25,22.5],"rotation":{"angle":0,"axis":"y","origin":[8,3,21]},"faces":{"north":{"uv":[1.5,5.5,2,6.0625],"texture":"#0"},"east":{"uv":[0,1.5,2.375,2.0625],"texture":"#0"},"south":{"uv":[3.25,5.5,3.75,6.0625],"texture":"#0"},"west":{"uv":[0,2.25,2.375,2.8125],"texture":"#0"},"up":{"uv":[1.25,5.375,0.75,3],"texture":"#0"},"down":{"uv":[1.75,3,1.25,5.375],"texture":"#0"}}},{"from":[7.25,5.25,20.25],"to":[7.75,5.75,21.75],"rotation":{"angle":0,"axis":"y","origin":[8,2.25,21]},"faces":{"north":{"uv":[6.5,3.5,6.625,3.625],"texture":"#0"},"east":{"uv":[4.75,6.25,5.125,6.375],"texture":"#0"},"south":{"uv":[3.75,6.5,3.875,6.625],"texture":"#0"},"west":{"uv":[6.25,5.75,6.625,5.875],"texture":"#0"},"up":{"uv":[6.375,6.375,6.25,6],"texture":"#0"},"down":{"uv":[0.125,6.5,0,6.875],"texture":"#0"}}},{"from":[8.25,5.25,20.25],"to":[8.75,5.75,21.75],"rotation":{"angle":0,"axis":"y","origin":[8,2.25,21]},"faces":{"north":{"uv":[6.5,3.75,6.625,3.875],"texture":"#0"},"east":{"uv":[6.5,0,6.875,0.125],"texture":"#0"},"south":{"uv":[4,6.5,4.125,6.625],"texture":"#0"},"west":{"uv":[6.5,0.25,6.875,0.375],"texture":"#0"},"up":{"uv":[0.375,6.875,0.25,6.5],"texture":"#0"},"down":{"uv":[6.625,0.5,6.5,0.875],"texture":"#0"}}},{"from":[7.5,5.2,13],"to":[8.5,6.2,15.5],"rotation":{"angle":0,"axis":"y","origin":[8,3,21]},"faces":{"north":{"uv":[2,5.5,2.25,5.75],"texture":"#0"},"east":{"uv":[6,2.5,6.625,2.75],"texture":"#0"},"south":{"uv":[3.25,6.25,3.5,6.5],"texture":"#0"},"west":{"uv":[6,2.75,6.625,3],"texture":"#0"},"up":{"uv":[3.25,6.375,3,5.75],"texture":"#0"},"down":{"uv":[6.25,3,6,3.625],"texture":"#0"}}},{"from":[7.25,6.2,12.5],"to":[8.75,7.7,16.25],"rotation":{"angle":0,"axis":"y","origin":[8,3,21]},"faces":{"north":{"uv":[3.75,6,4.125,6.375],"texture":"#0"},"east":{"uv":[5,2.5,5.9375,2.875],"texture":"#0"},"south":{"uv":[6,3.75,6.375,4.125],"texture":"#0"},"west":{"uv":[5,3,5.9375,3.375],"texture":"#0"},"up":{"uv":[0.375,5.9375,0,5],"texture":"#0"},"down":{"uv":[5.375,3.5,5,4.4375],"texture":"#0"}}},{"from":[8.75,6.45,14.25],"to":[9.05,7.45,15.25],"rotation":{"angle":0,"axis":"y","origin":[8,3,21]},"faces":{"north":{"uv":[6.5,2,6.5625,2.25],"texture":"#0"},"east":{"uv":[3.5,6.25,3.75,6.5],"texture":"#0"},"south":{"uv":[2.25,6.5,2.3125,6.75],"texture":"#0"},"west":{"uv":[6.25,3.5,6.5,3.75],"texture":"#0"},"up":{"uv":[6.5625,2.5,6.5,2.25],"texture":"#0"},"down":{"uv":[3.0625,6.5,3,6.75],"texture":"#0"}}},{"from":[6.95,6.45,14.25],"to":[7.25,7.45,15.25],"rotation":{"angle":0,"axis":"y","origin":[8,3,21]},"faces":{"north":{"uv":[6.5,3,6.5625,3.25],"texture":"#0"},"east":{"uv":[4.25,6.25,4.5,6.5],"texture":"#0"},"south":{"uv":[3.25,6.5,3.3125,6.75],"texture":"#0"},"west":{"uv":[4.5,6.25,4.75,6.5],"texture":"#0"},"up":{"uv":[6.5625,3.5,6.5,3.25],"texture":"#0"},"down":{"uv":[3.5625,6.5,3.5,6.75],"texture":"#0"}}},{"from":[7,3,3.5],"to":[9,5.25,13],"rotation":{"angle":0,"axis":"y","origin":[8,3,21.5]},"faces":{"north":{"uv":[5.5,3.5,6,4.0625],"texture":"#0"},"east":{"uv":[2.25,0,4.625,0.5625],"texture":"#0"},"south":{"uv":[4.25,5.5,4.75,6.0625],"texture":"#0"},"west":{"uv":[2.25,0.75,4.625,1.3125],"texture":"#0"},"up":{"uv":[2.25,5.375,1.75,3],"texture":"#0"},"down":{"uv":[3.75,1.5,3.25,3.875],"texture":"#0"}}},{"from":[7.25,4,0],"to":[8.75,5.25,3.5],"rotation":{"angle":0,"axis":"y","origin":[8,3,22]},"faces":{"north":{"uv":[5.25,6,5.625,6.3125],"texture":"#0"},"east":{"uv":[5.25,1,6.125,1.3125],"texture":"#0"},"south":{"uv":[6,5.25,6.375,5.5625],"texture":"#0"},"west":{"uv":[5.5,4.25,6.375,4.5625],"texture":"#0"},"up":{"uv":[5.375,5.375,5,4.5],"texture":"#0"},"down":{"uv":[5.625,0,5.25,0.875],"texture":"#0"}}},{"from":[7,3,-8.75],"to":[9,5.5,0],"rotation":{"angle":0,"axis":"y","origin":[8,3,22.5]},"faces":{"north":{"uv":[0.5,5.5,1,6.125],"texture":"#0"},"east":{"uv":[0,0,2.1875,0.625],"texture":"#0"},"south":{"uv":[1,5.5,1.5,6.125],"texture":"#0"},"west":{"uv":[0,0.75,2.1875,1.375],"texture":"#0"},"up":{"uv":[2.75,5.6875,2.25,3.5],"texture":"#0"},"down":{"uv":[3.25,3.5,2.75,5.6875],"texture":"#0"}}},{"from":[7.25,5.25,4.5],"to":[8.75,5.6,13],"rotation":{"angle":0,"axis":"y","origin":[8,3.25,21.5]},"faces":{"north":{"uv":[0.75,6.5,1.125,6.5625],"texture":"#0"},"east":{"uv":[6,4.75,8.125,4.8125],"texture":"#0"},"south":{"uv":[6.5,1,6.875,1.0625],"texture":"#0"},"west":{"uv":[6,5,8.125,5.0625],"texture":"#0"},"up":{"uv":[4.125,3.625,3.75,1.5],"texture":"#0"},"down":{"uv":[4.125,3.75,3.75,5.875],"texture":"#0"}}},{"from":[6.75,2.75,5],"to":[9.25,4.25,13],"rotation":{"angle":0,"axis":"y","origin":[8,3,21.5]},"faces":{"north":{"uv":[5.25,5.5,5.875,5.875],"texture":"#0"},"east":{"uv":[4.25,1.5,6.25,1.875],"texture":"#0"},"south":{"uv":[5.75,0,6.375,0.375],"texture":"#0"},"west":{"uv":[4.25,2,6.25,2.375],"texture":"#0"},"up":{"uv":[3.125,3.5,2.5,1.5],"texture":"#0"},"down":{"uv":[0.625,3,0,5],"texture":"#0"}}},{"from":[7.2,2.8,22.1],"to":[8.8,4.75,22.975],"rotation":{"angle":22.5,"axis":"x","origin":[8,4.125,23.25]},"faces":{"north":{"uv":[5.75,0.5,6.125,1],"texture":"#0"},"east":{"uv":[2.25,3,2.5,3.5],"texture":"#0"},"south":{"uv":[2,5.75,2.375,6.25],"texture":"#0"},"west":{"uv":[0.5,5,0.75,5.5],"texture":"#0"},"up":{"uv":[1.125,6.5,0.75,6.25],"texture":"#0"},"down":{"uv":[1.625,6.25,1.25,6.5],"texture":"#0"}}}],"gui_light":"front","display":{"thirdperson_righthand":{"translation":[0,4,-2.75],"scale":[0.79,0.79,0.79]},"thirdperson_lefthand":{"translation":[0,4,-2.75],"scale":[0.79,0.79,0.79]},"firstperson_righthand":{"translation":[-5.25,7.75,-7.25],"scale":[0.8,0.8,0.8]},"firstperson_lefthand":{"translation":[-5.25,7.75,-7.25],"scale":[0.8,0.8,0.8]},"ground":{"rotation":[45,0,0],"translation":[0,3,0],"scale":[0.34,0.34,0.34]},"gui":{"rotation":[78,40,-63],"translation":[1.75,1.75,0],"scale":[0.6,0.6,0.6]},"fixed":{"rotation":[90,0,90],"translation":[-3,0,-3.25]}}}