{"credit":"Made with Blockbench","texture_size":[32,32],"textures":{"2":"gunpack:famas","particle":"gunpack:famas"},"elements":[{"from":[7.125,-1.04021,8.89976],"to":[8.875,4.20979,11.14976],"rotation":{"angle":-22.5,"axis":"x","origin":[8,1.54283,8.1]},"faces":{"north":{"uv":[5.5,9,6.375,11.625],"texture":"#2"},"east":{"uv":[8,8.5,9.125,11.125],"texture":"#2"},"south":{"uv":[6.5,9,7.375,11.625],"texture":"#2"},"west":{"uv":[9,0,10.125,2.625],"texture":"#2"},"up":{"uv":[13.875,11.625,13,10.5],"texture":"#2"},"down":{"uv":[13.375,13,12.5,14.125],"texture":"#2"}}},{"from":[7.625,1.663,6.61226],"to":[8.375,2.063,9.01226],"rotation":{"angle":0,"axis":"y","origin":[8,1.54283,8.1]},"faces":{"north":{"uv":[13,9,13.375,9.25],"texture":"#2"},"east":{"uv":[2,14.5,3.25,14.75],"texture":"#2"},"south":{"uv":[4.5,13.5,4.875,13.75],"texture":"#2"},"west":{"uv":[14.5,2,15.75,2.25],"texture":"#2"},"up":{"uv":[8.875,14.25,8.5,13],"texture":"#2"},"down":{"uv":[9.375,14,9,15.25],"texture":"#2"}}},{"from":[7.625,2.22318,6.77149],"to":[8.375,4.62318,7.17149],"rotation":{"angle":-22.5,"axis":"x","origin":[8,1.54283,8.1]},"faces":{"north":{"uv":[9.5,14,9.875,15.25],"texture":"#2"},"east":{"uv":[14.5,2.5,14.75,3.75],"texture":"#2"},"south":{"uv":[10,14,10.375,15.25],"texture":"#2"},"west":{"uv":[5.5,14.5,5.75,15.75],"texture":"#2"},"up":{"uv":[14.875,4.25,14.5,4],"texture":"#2"},"down":{"uv":[14.875,4.5,14.5,4.75],"texture":"#2"}}},{"from":[7.15,-0.53753,9.17736],"to":[8.85,1.01247,9.82736],"rotation":{"angle":0,"axis":"y","origin":[8,1.54283,8.1]},"faces":{"north":{"uv":[6.5,13.5,7.375,14.25],"texture":"#2"},"east":{"uv":[3.5,12,3.875,12.75],"texture":"#2"},"south":{"uv":[13.5,9,14.375,9.75],"texture":"#2"},"west":{"uv":[7.5,12,7.875,12.75],"texture":"#2"},"up":{"uv":[15.375,1.375,14.5,1],"texture":"#2"},"down":{"uv":[15.375,1.5,14.5,1.875],"texture":"#2"}}},{"from":[7,3.3,-0.9],"to":[9,5.3,17.1],"rotation":{"angle":0,"axis":"y","origin":[8,1,8.1]},"faces":{"north":{"uv":[12.5,9.5,13.5,10.5],"texture":"#2"},"east":{"uv":[0,0,9,1],"texture":"#2"},"south":{"uv":[12.5,12,13.5,13],"texture":"#2"},"west":{"uv":[0,1,9,2],"texture":"#2"},"up":{"uv":[1,11,0,2],"texture":"#2"},"down":{"uv":[2,2,1,11],"texture":"#2"}}},{"from":[7.5,3.8,-6.9],"to":[8.5,4.8,-0.9],"rotation":{"angle":0,"axis":"y","origin":[8,1,8.1]},"faces":{"north":{"uv":[5.5,8.5,6,9],"texture":"#2"},"east":{"uv":[11,7,14,7.5],"texture":"#2"},"south":{"uv":[4.5,13,5,13.5],"texture":"#2"},"west":{"uv":[11,7.5,14,8],"texture":"#2"},"up":{"uv":[8,12,7.5,9],"texture":"#2"},"down":{"uv":[5.5,11,5,14],"texture":"#2"}}},{"from":[7.25,3.55,-15.9],"to":[8.75,5.05,-6.9],"rotation":{"angle":0,"axis":"y","origin":[8,1,8.1]},"faces":{"north":{"uv":[4.5,14,5.25,14.75],"texture":"#2"},"east":{"uv":[4,2,8.5,2.75],"texture":"#2"},"south":{"uv":[14,5,14.75,5.75],"texture":"#2"},"west":{"uv":[4,3,8.5,3.75],"texture":"#2"},"up":{"uv":[4.75,8.5,4,4],"texture":"#2"},"down":{"uv":[5.75,4,5,8.5],"texture":"#2"}}},{"from":[7.25,5.3,10.1],"to":[8.75,8.05,13.1],"rotation":{"angle":0,"axis":"y","origin":[8,1,8.1]},"faces":{"north":{"uv":[6.5,12,7.25,13.375],"texture":"#2"},"east":{"uv":[9.5,8,11,9.375],"texture":"#2"},"south":{"uv":[12,8,12.75,9.375],"texture":"#2"},"west":{"uv":[9.5,9.5,11,10.875],"texture":"#2"},"up":{"uv":[12.75,6.5,12,5],"texture":"#2"},"down":{"uv":[6.25,12,5.5,13.5],"texture":"#2"}}},{"from":[7.25,5.3,-0.9],"to":[8.75,8.05,0.6],"rotation":{"angle":0,"axis":"y","origin":[8,1,8.1]},"faces":{"north":{"uv":[10.5,12,11.25,13.375],"texture":"#2"},"east":{"uv":[12,10.5,12.75,11.875],"texture":"#2"},"south":{"uv":[11.5,12,12.25,13.375],"texture":"#2"},"west":{"uv":[9.5,12.5,10.25,13.875],"texture":"#2"},"up":{"uv":[14.25,14.25,13.5,13.5],"texture":"#2"},"down":{"uv":[0.75,14,0,14.75],"texture":"#2"}}},{"from":[7.25,7.05,0.6],"to":[8.75,8.05,10.1],"rotation":{"angle":0,"axis":"y","origin":[8,-0.95,-3.7]},"faces":{"north":{"uv":[14,11,14.75,11.5],"texture":"#2"},"east":{"uv":[8.5,3,13.25,3.5],"texture":"#2"},"south":{"uv":[14,11.5,14.75,12],"texture":"#2"},"west":{"uv":[8.5,3.5,13.25,4],"texture":"#2"},"up":{"uv":[2.75,6.75,2,2],"texture":"#2"},"down":{"uv":[3.75,2,3,6.75],"texture":"#2"}}},{"from":[7,7.3,7.6],"to":[9,8.3,10.1],"rotation":{"angle":0,"axis":"y","origin":[8,-0.95,-3.7]},"faces":{"north":{"uv":[14,7.5,15,8],"texture":"#2"},"east":{"uv":[13.5,10,14.75,10.5],"texture":"#2"},"south":{"uv":[14,8,15,8.5],"texture":"#2"},"west":{"uv":[13.5,12,14.75,12.5],"texture":"#2"},"up":{"uv":[12,9.25,11,8],"texture":"#2"},"down":{"uv":[10.5,11,9.5,12.25],"texture":"#2"}}},{"from":[7.25,8.3,5.85],"to":[8.75,9.8,11.1],"rotation":{"angle":0,"axis":"y","origin":[8,-0.95,-3.7]},"faces":{"north":{"uv":[1,14,1.75,14.75],"texture":"#2"},"east":{"uv":[10.5,0,13.125,0.75],"texture":"#2"},"south":{"uv":[3.5,14,4.25,14.75],"texture":"#2"},"west":{"uv":[10.5,1,13.125,1.75],"texture":"#2"},"up":{"uv":[0.75,13.625,0,11],"texture":"#2"},"down":{"uv":[1.75,11,1,13.625],"texture":"#2"}}},{"from":[7,8.05,11.1],"to":[9,10.05,11.85],"rotation":{"angle":0,"axis":"y","origin":[8,-0.95,-3.7]},"faces":{"north":{"uv":[7.5,13,8.5,14],"texture":"#2"},"east":{"uv":[8.5,2,8.875,3],"texture":"#2"},"south":{"uv":[13,8,14,9],"texture":"#2"},"west":{"uv":[10.5,5,10.875,6],"texture":"#2"},"up":{"uv":[15.5,0.375,14.5,0],"texture":"#2"},"down":{"uv":[15.5,0.5,14.5,0.875],"texture":"#2"}}},{"from":[7,3.3,17.1],"to":[9,5.3,23.1],"rotation":{"angle":0,"axis":"y","origin":[8,1,8.1]},"faces":{"north":{"uv":[3.5,13,4.5,14],"texture":"#2"},"east":{"uv":[6,4,9,5],"texture":"#2"},"south":{"uv":[13,5,14,6],"texture":"#2"},"west":{"uv":[6,5,9,6],"texture":"#2"},"up":{"uv":[7,9,6,6],"texture":"#2"},"down":{"uv":[3,7,2,10],"texture":"#2"}}},{"from":[7,5.3,17.1],"to":[9,6.55,23.1],"rotation":{"angle":0,"axis":"y","origin":[8,1,8.1]},"faces":{"north":{"uv":[10.5,13.5,11.5,14.125],"texture":"#2"},"east":{"uv":[10.5,2,13.5,2.625],"texture":"#2"},"south":{"uv":[11.5,13.5,12.5,14.125],"texture":"#2"},"west":{"uv":[10.5,4,13.5,4.625],"texture":"#2"},"up":{"uv":[4,10,3,7],"texture":"#2"},"down":{"uv":[8,6,7,9],"texture":"#2"}}},{"from":[6.75,2.05,23.1],"to":[9.25,6.8,24.1],"rotation":{"angle":0,"axis":"y","origin":[8,1,8.1]},"faces":{"north":{"uv":[8,6,9.25,8.375],"texture":"#2"},"east":{"uv":[9,11.5,9.5,13.875],"texture":"#2"},"south":{"uv":[4,8.5,5.25,10.875],"texture":"#2"},"west":{"uv":[3,12,3.5,14.375],"texture":"#2"},"up":{"uv":[14.75,13,13.5,12.5],"texture":"#2"},"down":{"uv":[14.75,13,13.5,13.5],"texture":"#2"}}},{"from":[7,2.3,19.1],"to":[9,3.3,23.1],"rotation":{"angle":0,"axis":"y","origin":[8,0.75,8.1]},"faces":{"north":{"uv":[11,10.5,12,11],"texture":"#2"},"east":{"uv":[12,6.5,14,7],"texture":"#2"},"south":{"uv":[14,6.5,15,7],"texture":"#2"},"west":{"uv":[13,6,15,6.5],"texture":"#2"},"up":{"uv":[3,12,2,10],"texture":"#2"},"down":{"uv":[4,10,3,12],"texture":"#2"}}},{"from":[7.025,3.56777,18.58934],"to":[8.975,4.56777,20.03934],"rotation":{"angle":45,"axis":"x","origin":[8,4.06777,18.03934]},"faces":{"north":{"uv":[14,7,15,7.5],"texture":"#2"},"east":{"uv":[14,8.5,14.75,9],"texture":"#2"},"south":{"uv":[7.5,14,8.5,14.5],"texture":"#2"},"west":{"uv":[14,10.5,14.75,11],"texture":"#2"},"up":{"uv":[14.5,4.75,13.5,4],"texture":"#2"},"down":{"uv":[6.5,13.5,5.5,14.25],"texture":"#2"}}},{"from":[7.25,-1.7,13.35],"to":[8.75,2.3,15.6],"rotation":{"angle":22.5,"axis":"x","origin":[8,0.8,14.475]},"faces":{"north":{"uv":[4,11,4.75,13],"texture":"#2"},"east":{"uv":[9,4,10.125,6],"texture":"#2"},"south":{"uv":[11,5,11.75,7],"texture":"#2"},"west":{"uv":[9.5,6,10.625,8],"texture":"#2"},"up":{"uv":[14.25,1.125,13.5,0],"texture":"#2"},"down":{"uv":[14.25,1.5,13.5,2.625],"texture":"#2"}}},{"from":[7.15,2.22388,13.53268],"to":[8.85,4.02388,16.18268],"rotation":{"angle":22.5,"axis":"x","origin":[8,1.72388,14.85768]},"faces":{"north":{"uv":[2,13.5,2.875,14.375],"texture":"#2"},"east":{"uv":[11,9.5,12.375,10.375],"texture":"#2"},"south":{"uv":[13.5,3,14.375,3.875],"texture":"#2"},"west":{"uv":[10.5,11,11.875,11.875],"texture":"#2"},"up":{"uv":[8.875,12.875,8,11.5],"texture":"#2"},"down":{"uv":[2.875,12,2,13.375],"texture":"#2"}}}],"gui_light":"front","display":{"thirdperson_righthand":{"translation":[0,4,-0.75],"scale":[0.79,0.79,0.79]},"thirdperson_lefthand":{"translation":[0,4,-0.75],"scale":[0.79,0.79,0.79]},"firstperson_righthand":{"rotation":[-37.74,66.06,33.71],"translation":[-12.5,0.5,-7.25],"scale":[0.8,0.8,0.8]},"firstperson_lefthand":{"rotation":[-37.74,66.06,33.71],"translation":[-12.5,0.5,-7.25],"scale":[0.8,0.8,0.8]},"ground":{"rotation":[45,0,0],"translation":[0,3,0],"scale":[0.34,0.34,0.34]},"gui":{"rotation":[78,40,-63],"translation":[1.75,1.75,0],"scale":[0.6,0.6,0.6]},"fixed":{"rotation":[90,0,90],"translation":[-3,0,-3.25]}}}