{"credit":"Made with Blockbench","texture_size":[32,32],"textures":{"1":"gunpack:shield1"},"elements":[{"from":[7,-1,7],"to":[9,13,7.75],"rotation":{"angle":22.5,"axis":"x","origin":[8,6.5,7.5]},"faces":{"north":{"uv":[0,0,1,7],"texture":"#1"},"east":{"uv":[6,4,6.5,11],"texture":"#1"},"south":{"uv":[1,0,2,7],"texture":"#1"},"west":{"uv":[6.5,4,7,11],"texture":"#1"},"up":{"uv":[10,8.5,9,8],"texture":"#1"},"down":{"uv":[10,8.5,9,9],"texture":"#1"}}},{"from":[4,-1,7],"to":[6,13,7.75],"rotation":{"angle":22.5,"axis":"x","origin":[8,6.5,7.5]},"faces":{"north":{"uv":[2,0,3,7],"texture":"#1"},"east":{"uv":[0,7,0.5,14],"texture":"#1"},"south":{"uv":[3,0,4,7],"texture":"#1"},"west":{"uv":[0.5,7,1,14],"texture":"#1"},"up":{"uv":[10,9.5,9,9],"texture":"#1"},"down":{"uv":[10,9.5,9,10],"texture":"#1"}}},{"from":[4.05,-0.77835,7.65825],"to":[4.55,6.72165,8.60825],"rotation":{"angle":-22.5,"axis":"x","origin":[4.2,4.39665,8.65825]},"faces":{"north":{"uv":[5,7,5.25,10.75],"texture":"#1"},"east":{"uv":[3,7,3.5,10.75],"texture":"#1"},"south":{"uv":[5.5,7,5.75,10.75],"texture":"#1"},"west":{"uv":[3.5,7,4,10.75],"texture":"#1"},"up":{"uv":[9.25,10.5,9,10],"texture":"#1"},"down":{"uv":[10.25,9,10,9.5],"texture":"#1"}}},{"from":[11.45,-0.77835,7.65825],"to":[11.95,6.72165,8.60825],"rotation":{"angle":-22.5,"axis":"x","origin":[11.8,4.39665,8.65825]},"faces":{"north":{"uv":[4,7,4.25,10.75],"texture":"#1"},"east":{"uv":[2,7,2.5,10.75],"texture":"#1"},"south":{"uv":[4.5,7,4.75,10.75],"texture":"#1"},"west":{"uv":[2.5,7,3,10.75],"texture":"#1"},"up":{"uv":[10.25,8.5,10,8],"texture":"#1"},"down":{"uv":[10.25,8.5,10,9],"texture":"#1"}}},{"from":[3.75,8.29537,9.79244],"to":[12.25,10.29537,11.04244],"rotation":{"angle":22.5,"axis":"x","origin":[8,13.79537,10.79244]},"faces":{"north":{"uv":[6,0,10.25,1],"texture":"#1"},"east":{"uv":[7,8,7.75,9],"texture":"#1"},"south":{"uv":[6,1,10.25,2],"texture":"#1"},"west":{"uv":[8,8,8.75,9],"texture":"#1"},"up":{"uv":[11.25,4.75,7,4],"texture":"#1"},"down":{"uv":[11.25,5,7,5.75],"texture":"#1"}}},{"from":[3.75,0.90433,6.73097],"to":[12.25,2.90433,7.98097],"rotation":{"angle":22.5,"axis":"x","origin":[8,6.40433,7.73097]},"faces":{"north":{"uv":[6,2,10.25,3],"texture":"#1"},"east":{"uv":[7,9,7.75,10],"texture":"#1"},"south":{"uv":[6,3,10.25,4],"texture":"#1"},"west":{"uv":[8,9,8.75,10],"texture":"#1"},"up":{"uv":[11.25,6.75,7,6],"texture":"#1"},"down":{"uv":[11.25,7,7,7.75],"texture":"#1"}}},{"from":[10,-1,7],"to":[12,13,7.75],"rotation":{"angle":22.5,"axis":"x","origin":[8,6.5,7.5]},"faces":{"north":{"uv":[4,0,5,7],"texture":"#1"},"east":{"uv":[1,7,1.5,14],"texture":"#1"},"south":{"uv":[5,0,6,7],"texture":"#1"},"west":{"uv":[1.5,7,2,14],"texture":"#1"},"up":{"uv":[8,10.5,7,10],"texture":"#1"},"down":{"uv":[9,10,8,10.5],"texture":"#1"}}}],"gui_light":"front","display":{"thirdperson_righthand":{"scale":[0.56,0.56,0.56]},"thirdperson_lefthand":{"scale":[0.56,0.56,0.56]},"firstperson_righthand":{"translation":[0,3.75,0],"scale":[0.62,0.62,0.62]},"firstperson_lefthand":{"translation":[0,3.75,0],"scale":[0.62,0.62,0.62]},"gui":{"rotation":[12,159,0],"translation":[0,1.5,0],"scale":[0.98,0.98,0.98]},"head":{"translation":[0,-16.5,0],"scale":[3.19,3.19,3.19]}}}