{"providers":[{"file":"char/black.png","chars":[""],"height":1,"ascent":-5000,"type":"bitmap"},{"file":"char/black.png","chars":[""],"height":2,"ascent":-5000,"type":"bitmap"},{"file":"char/black.png","chars":[""],"height":3,"ascent":-5000,"type":"bitmap"},{"file":"char/black.png","chars":[""],"height":4,"ascent":-5000,"type":"bitmap"},{"file":"char/black.png","chars":[""],"height":5,"ascent":-5000,"type":"bitmap"},{"file":"char/black.png","chars":[""],"height":6,"ascent":-5000,"type":"bitmap"},{"file":"char/black.png","chars":[""],"height":7,"ascent":-5000,"type":"bitmap"},{"file":"char/black.png","chars":[""],"height":15,"ascent":-5000,"type":"bitmap"},{"file":"char/black.png","chars":[""],"height":31,"ascent":-5000,"type":"bitmap"},{"file":"char/black.png","chars":[""],"height":63,"ascent":-5000,"type":"bitmap"},{"file":"char/black.png","chars":[""],"height":127,"ascent":-5000,"type":"bitmap"},{"file":"char/black.png","chars":[""],"height":256,"ascent":-5000,"type":"bitmap"},{"file":"char/black.png","chars":[""],"height":512,"ascent":-5000,"type":"bitmap"},{"file":"char/black.png","chars":[""],"height":1024,"ascent":-5000,"type":"bitmap"},{"file":"char/black.png","chars":[""],"height":-3,"ascent":-5000,"type":"bitmap"},{"file":"char/black.png","chars":[""],"height":-4,"ascent":-5000,"type":"bitmap"},{"file":"char/black.png","chars":[""],"height":-5,"ascent":-5000,"type":"bitmap"},{"file":"char/black.png","chars":[""],"height":-6,"ascent":-5000,"type":"bitmap"},{"file":"char/black.png","chars":[""],"height":-7,"ascent":-5000,"type":"bitmap"},{"file":"char/black.png","chars":[""],"height":-8,"ascent":-5000,"type":"bitmap"},{"file":"char/black.png","chars":[""],"height":-9,"ascent":-5000,"type":"bitmap"},{"file":"char/black.png","chars":[""],"height":-10,"ascent":-5000,"type":"bitmap"},{"file":"char/black.png","chars":[""],"height":-18,"ascent":-5000,"type":"bitmap"},{"file":"char/black.png","chars":[""],"height":-34,"ascent":-5000,"type":"bitmap"},{"file":"char/black.png","chars":[""],"height":-66,"ascent":-5000,"type":"bitmap"},{"file":"char/black.png","chars":[""],"height":-130,"ascent":-5000,"type":"bitmap"},{"file":"char/black.png","chars":[""],"height":-259,"ascent":-5000,"type":"bitmap"},{"file":"char/black.png","chars":[""],"height":-515,"ascent":-5000,"type":"bitmap"},{"file":"char/black.png","chars":[""],"height":-1027,"ascent":-5000,"type":"bitmap"},{"file":"skyblock_free:font_icons/item_rarities/rarity_common.png","chars":["ஸ"],"height":14,"ascent":7,"type":"bitmap"},{"file":"skyblock_free:font_icons/item_rarities/rarity_uncommon.png","chars":["ஹ"],"height":14,"ascent":7,"type":"bitmap"},{"file":"skyblock_free:font_icons/item_rarities/rarity_rare.png","chars":["஺"],"height":14,"ascent":7,"type":"bitmap"},{"file":"skyblock_free:font_icons/item_rarities/rarity_epic.png","chars":["஻"],"height":14,"ascent":7,"type":"bitmap"},{"file":"skyblock_free:font_icons/item_rarities/rarity_legendary.png","chars":["஼"],"height":14,"ascent":7,"type":"bitmap"},{"file":"skyblock_free:font_icons/item_rarities/rarity_mythic.png","chars":["஽"],"height":14,"ascent":7,"type":"bitmap"},{"file":"skyblock_free:font_icons/item_rarities/rarity_divine.png","chars":["ா"],"height":14,"ascent":7,"type":"bitmap"},{"file":"skyblock_free:font_icons/rank/admin_tag.png","chars":["𐇭"],"height":7,"ascent":7,"type":"bitmap"},{"file":"skyblock_free:font_icons/rank/amethyst_tag.png","chars":["𐇮"],"height":7,"ascent":7,"type":"bitmap"},{"file":"skyblock_free:font_icons/rank/coal_tag.png","chars":["𐇯"],"height":7,"ascent":7,"type":"bitmap"},{"file":"skyblock_free:font_icons/rank/diamond_tag.png","chars":["𐇰"],"height":7,"ascent":7,"type":"bitmap"},{"file":"skyblock_free:font_icons/rank/discord_tag.png","chars":["𐇱"],"height":7,"ascent":7,"type":"bitmap"},{"file":"skyblock_free:font_icons/rank/emerald_tag.png","chars":["𐇲"],"height":7,"ascent":7,"type":"bitmap"},{"file":"skyblock_free:font_icons/rank/gold_tag.png","chars":["𐇳"],"height":7,"ascent":7,"type":"bitmap"},{"file":"skyblock_free:font_icons/rank/iron_tag.png","chars":["𐇴"],"height":7,"ascent":7,"type":"bitmap"},{"file":"skyblock_free:font_icons/rank/player_tag.png","chars":["𐇵"],"height":7,"ascent":7,"type":"bitmap"},{"file":"skyblock_free:font_icons/rank/supporter_tag.png","chars":["𐇶"],"height":7,"ascent":7,"type":"bitmap"},{"file":"skyblock_free:font_icons/rank/netherite_tag.png","chars":["𐇷"],"height":7,"ascent":7,"type":"bitmap"},{"file":"_iainternal:gui/no_recipe.png","chars":[""],"height":170,"ascent":47,"type":"bitmap"},{"file":"_iainternal:gui/crafting.png","chars":[""],"height":170,"ascent":47,"type":"bitmap"},{"file":"_iainternal:gui/cooking.png","chars":[""],"height":170,"ascent":47,"type":"bitmap"},{"file":"_iainternal:gui/blank_menu.png","chars":[""],"height":170,"ascent":47,"type":"bitmap"},{"file":"_iainternal:gui/anvil_repair.png","chars":[""],"height":170,"ascent":47,"type":"bitmap"},{"file":"_iainternal:gui/smithing.png","chars":[""],"height":170,"ascent":47,"type":"bitmap"},{"file":"advancedpets:font/advancedpets/petsmenu.png","chars":[""],"height":170,"ascent":49,"type":"bitmap"},{"file":"advancedpets:font/advancedpets/petsshop.png","chars":[""],"height":170,"ascent":49,"type":"bitmap"},{"file":"advancedpets:font/advancedpets/petsskin.png","chars":[""],"height":170,"ascent":49,"type":"bitmap"},{"file":"advancedpets:font/advancedpets/petsupgrade.png","chars":[""],"height":170,"ascent":49,"type":"bitmap"},{"file":"advancedpets:font/advancedpets/pets.png","chars":[""],"height":170,"ascent":49,"type":"bitmap"},{"file":"spectra_aurelium_skills:skills_menu_book.png","chars":[""],"height":256,"ascent":48,"type":"bitmap"},{"file":"spectra_aurelium_skills:abilities_menu.png","chars":[""],"height":256,"ascent":48,"type":"bitmap"},{"file":"spectra_aurelium_skills:progress_menu.png","chars":[""],"height":256,"ascent":48,"type":"bitmap"},{"file":"spectra_aurelium_skills:forge1_menu_mmoitems.png","chars":[""],"height":256,"ascent":48,"type":"bitmap"},{"file":"spectra_aurelium_skills:forge1_menu_set_mmoitems.png","chars":[""],"height":256,"ascent":48,"type":"bitmap"},{"file":"spectra_aurelium_skills:stats_menu.png","chars":[""],"height":256,"ascent":48,"type":"bitmap"},{"file":"spectra_aurelium_skills:leaderboard_menu.png","chars":[""],"height":256,"ascent":48,"type":"bitmap"},{"file":"spectra_aurelium_skills:stat_hearts.png","chars":[""],"height":11,"ascent":9,"type":"bitmap"},{"file":"spectra_aurelium_skills:stats_regeneration.png","chars":[""],"height":11,"ascent":9,"type":"bitmap"},{"file":"spectra_aurelium_skills:stats_speed.png","chars":[""],"height":11,"ascent":9,"type":"bitmap"},{"file":"spectra_aurelium_skills:stats_strength.png","chars":[""],"height":11,"ascent":9,"type":"bitmap"},{"file":"spectra_aurelium_skills:stats_luck.png","chars":[""],"height":11,"ascent":9,"type":"bitmap"},{"file":"spectra_aurelium_skills:stats_toughness.png","chars":[""],"height":11,"ascent":9,"type":"bitmap"},{"file":"spectra_aurelium_skills:stats_wisdom.png","chars":[""],"height":11,"ascent":9,"type":"bitmap"},{"file":"spectra_aurelium_skills:stats_crit_chance.png","chars":[""],"height":11,"ascent":9,"type":"bitmap"},{"file":"spectra_aurelium_skills:stats_crit_damage.png","chars":[""],"height":11,"ascent":9,"type":"bitmap"},{"file":"spectra_aurelium_skills:book_all_squares.png","chars":[""],"height":256,"ascent":48,"type":"bitmap"},{"file":"spectra_aurelium_skills:xp_bar_white.png","chars":[""],"height":7,"ascent":6,"type":"bitmap"},{"file":"es:ui/storage.png","chars":["ᇗ"],"height":256,"ascent":19,"type":"bitmap"},{"file":"es:ui/filter.png","chars":["ᇘ"],"height":256,"ascent":19,"type":"bitmap"},{"file":"es:ui/partner.png","chars":["ᇚ"],"height":256,"ascent":19,"type":"bitmap"},{"file":"es:ui/sell.png","chars":["ᇙ"],"height":256,"ascent":19,"type":"bitmap"},{"file":"es:ui/whitelist.png","chars":["ᇛ"],"height":256,"ascent":19,"type":"bitmap"},{"file":"es:null.png","chars":["ᇖ"],"height":-10,"ascent":-32768,"type":"bitmap"},{"file":"skyblock_free:font_icons/system/server_logo.png","chars":["𐇖"],"height":70,"ascent":20,"type":"bitmap"},{"file":"skyblock_free:font_icons/system/scoreboard.png","chars":["𐇗"],"height":50,"ascent":40,"type":"bitmap"},{"file":"skyblock_free:font_icons/system/left-click.png","chars":["𐇘"],"height":8,"ascent":8,"type":"bitmap"},{"file":"skyblock_free:mmoitems_bananeqk/icons/mouse_right_click.png","chars":["尘"],"height":10,"ascent":8,"type":"bitmap"},{"file":"skyblock_free:font_icons/system/success.png","chars":["𐇚"],"height":8,"ascent":8,"type":"bitmap"},{"file":"skyblock_free:font_icons/system/warn.png","chars":["𐇛"],"height":8,"ascent":8,"type":"bitmap"},{"file":"skyblock_free:font_icons/system/error.png","chars":["𐇜"],"height":8,"ascent":8,"type":"bitmap"},{"file":"skyblock_free:font_icons/system/fire.png","chars":["𐇝"],"height":8,"ascent":8,"type":"bitmap"},{"file":"skyblock_free:font_icons/system/gold_magic.png","chars":["𐇞"],"height":8,"ascent":8,"type":"bitmap"},{"file":"skyblock_free:font_icons/system/like.png","chars":["𐇟"],"height":8,"ascent":8,"type":"bitmap"},{"file":"skyblock_free:font_icons/system/dislike.png","chars":["𐇠"],"height":8,"ascent":8,"type":"bitmap"},{"file":"skyblock_free:font_icons/system/location.png","chars":["𐇡"],"height":8,"ascent":8,"type":"bitmap"},{"file":"skyblock_free:font_icons/system/notify.png","chars":["𐇢"],"height":8,"ascent":8,"type":"bitmap"},{"file":"skyblock_free:font_icons/system/talk.png","chars":["𐇣"],"height":8,"ascent":8,"type":"bitmap"},{"file":"skyblock_free:font_icons/system/tips.png","chars":["𐇤"],"height":8,"ascent":8,"type":"bitmap"},{"file":"skyblock_free:font_icons/system/top_1.png","chars":["𐇥"],"height":8,"ascent":8,"type":"bitmap"},{"file":"skyblock_free:font_icons/system/top_2.png","chars":["𐇦"],"height":8,"ascent":8,"type":"bitmap"},{"file":"skyblock_free:font_icons/system/top_3.png","chars":["𐇧"],"height":8,"ascent":8,"type":"bitmap"},{"file":"skyblock_free:font_icons/system/star.png","chars":["𐇨"],"height":7,"ascent":7,"type":"bitmap"},{"file":"skyblock_free:font_icons/system/skull.png","chars":["𐇩"],"height":8,"ascent":8,"type":"bitmap"},{"file":"skyblock_free:font_icons/system/reward.png","chars":["𐇪"],"height":8,"ascent":8,"type":"bitmap"},{"file":"skyblock_free:font_icons/system/cave.png","chars":[""],"height":8,"ascent":8,"type":"bitmap"},{"file":"skyblock_free:font_icons/system/chef_hat.png","chars":[""],"height":8,"ascent":8,"type":"bitmap"},{"file":"skyblock_free:font_icons/system/coins.png","chars":[""],"height":8,"ascent":8,"type":"bitmap"},{"file":"skyblock_free:font_icons/system/crown.png","chars":[""],"height":8,"ascent":8,"type":"bitmap"},{"file":"skyblock_free:font_icons/system/diamond.png","chars":[""],"height":8,"ascent":8,"type":"bitmap"},{"file":"skyblock_free:font_icons/system/experience_orb.png","chars":[""],"height":8,"ascent":8,"type":"bitmap"},{"file":"skyblock_free:font_icons/system/floating_island.png","chars":[""],"height":8,"ascent":8,"type":"bitmap"},{"file":"skyblock_free:font_icons/system/fountain.png","chars":[""],"height":8,"ascent":8,"type":"bitmap"},{"file":"skyblock_free:font_icons/system/heart.png","chars":[""],"height":8,"ascent":7,"type":"bitmap"},{"file":"skyblock_free:font_icons/system/hourglass.png","chars":[""],"height":8,"ascent":8,"type":"bitmap"},{"file":"skyblock_free:font_icons/system/house.png","chars":[""],"height":8,"ascent":8,"type":"bitmap"},{"file":"skyblock_free:font_icons/system/judge_gavel.png","chars":[""],"height":8,"ascent":8,"type":"bitmap"},{"file":"skyblock_free:font_icons/system/key.png","chars":[""],"height":8,"ascent":8,"type":"bitmap"},{"file":"skyblock_free:font_icons/system/level_up.png","chars":[""],"height":8,"ascent":8,"type":"bitmap"},{"file":"skyblock_free:font_icons/system/magnifying_glass.png","chars":[""],"height":8,"ascent":8,"type":"bitmap"},{"file":"skyblock_free:font_icons/system/mana.png","chars":[""],"height":8,"ascent":8,"type":"bitmap"},{"file":"skyblock_free:font_icons/system/moon.png","chars":[""],"height":8,"ascent":8,"type":"bitmap"},{"file":"skyblock_free:font_icons/system/plant.png","chars":[""],"height":8,"ascent":8,"type":"bitmap"},{"file":"skyblock_free:font_icons/system/potion.png","chars":[""],"height":8,"ascent":8,"type":"bitmap"},{"file":"skyblock_free:font_icons/system/purple_orb.png","chars":[""],"height":8,"ascent":8,"type":"bitmap"},{"file":"skyblock_free:font_icons/system/scroll.png","chars":[""],"height":8,"ascent":8,"type":"bitmap"},{"file":"skyblock_free:font_icons/system/shield.png","chars":[""],"height":8,"ascent":8,"type":"bitmap"},{"file":"skyblock_free:font_icons/system/sun.png","chars":[""],"height":8,"ascent":8,"type":"bitmap"},{"file":"skyblock_free:font_icons/system/sword.png","chars":[""],"height":8,"ascent":8,"type":"bitmap"},{"file":"skyblock_free:font_icons/system/trees.png","chars":[""],"height":8,"ascent":8,"type":"bitmap"},{"file":"skyblock_free:font_icons/system/wizard_tower.png","chars":[""],"height":8,"ascent":8,"type":"bitmap"},{"file":"skyblock_free:font_icons/system/anvil.png","chars":[""],"height":8,"ascent":8,"type":"bitmap"},{"file":"skyblock_free:font_icons/system/book.png","chars":[""],"height":8,"ascent":8,"type":"bitmap"},{"file":"skyblock_free:font_icons/system/souls_orb.png","chars":[""],"height":9,"ascent":8,"type":"bitmap"},{"file":"skyblock_free:font_icons/system/points_orb.png","chars":[""],"height":9,"ascent":8,"type":"bitmap"},{"file":"skyblock_free:font_icons/system/money_orb.png","chars":[""],"height":9,"ascent":8,"type":"bitmap"},{"file":"skyblock_free:font_icons/system/exp_orb.png","chars":[""],"height":9,"ascent":8,"type":"bitmap"},{"file":"skyblock_free:font_icons/system/sauchua.png","chars":[""],"height":45,"ascent":3,"type":"bitmap"},{"file":"skyblock_free:font_icons/system/donator.png","chars":[""],"height":45,"ascent":3,"type":"bitmap"},{"file":"skyblock_free:font_icons/icons/1.png","chars":["𑿣"],"height":7,"ascent":7,"type":"bitmap"},{"file":"skyblock_free:font_icons/icons/2.png","chars":["𑿤"],"height":7,"ascent":7,"type":"bitmap"},{"file":"skyblock_free:font_icons/icons/3.png","chars":["𑿥"],"height":7,"ascent":7,"type":"bitmap"},{"file":"skyblock_free:font_icons/icons/4.png","chars":["𑿦"],"height":7,"ascent":7,"type":"bitmap"},{"file":"skyblock_free:font_icons/icons/5.png","chars":["𑿧"],"height":7,"ascent":7,"type":"bitmap"},{"file":"skyblock_free:font_icons/icons/6.png","chars":["𑿨"],"height":7,"ascent":7,"type":"bitmap"},{"file":"skyblock_free:font_icons/icons/7.png","chars":["𑿩"],"height":7,"ascent":7,"type":"bitmap"},{"file":"skyblock_free:font_icons/icons/8.png","chars":["𑿪"],"height":7,"ascent":7,"type":"bitmap"},{"file":"skyblock_free:font_icons/icons/9.png","chars":["𑿫"],"height":7,"ascent":7,"type":"bitmap"},{"file":"skyblock_free:font_icons/icons/10.png","chars":["𑿬"],"height":7,"ascent":7,"type":"bitmap"},{"file":"skyblock_free:font_icons/icons/11.png","chars":["𑿭"],"height":7,"ascent":7,"type":"bitmap"},{"file":"skyblock_free:font_icons/icons/12.png","chars":["𑿮"],"height":7,"ascent":7,"type":"bitmap"},{"file":"skyblock_free:font_icons/icons/13.png","chars":["𑿯"],"height":7,"ascent":7,"type":"bitmap"},{"file":"skyblock_free:font_icons/icons/14.png","chars":["𑿰"],"height":7,"ascent":7,"type":"bitmap"},{"file":"skyblock_free:font_icons/icons/15.png","chars":["𑿱"],"height":7,"ascent":7,"type":"bitmap"},{"file":"skyblock_free:font_icons/icons/16.png","chars":["𖬼"],"height":7,"ascent":7,"type":"bitmap"},{"file":"skyblock_free:font_icons/icons/17.png","chars":["𖬽"],"height":7,"ascent":7,"type":"bitmap"},{"file":"skyblock_free:font_icons/icons/18.png","chars":["𖬾"],"height":7,"ascent":7,"type":"bitmap"},{"file":"skyblock_free:font_icons/icons/19.png","chars":["𖬿"],"height":7,"ascent":7,"type":"bitmap"},{"file":"skyblock_free:font_icons/icons/20.png","chars":["𖭅"],"height":7,"ascent":7,"type":"bitmap"},{"file":"skyblock_free:font_icons/icons/21.png","chars":["𛲜"],"height":7,"ascent":7,"type":"bitmap"},{"file":"skyblock_free:font_icons/icons/22.png","chars":["𜰀"],"height":7,"ascent":7,"type":"bitmap"},{"file":"skyblock_free:font_icons/icons/23.png","chars":["𜰁"],"height":7,"ascent":7,"type":"bitmap"},{"file":"skyblock_free:font_icons/icons/24.png","chars":["𜰂"],"height":7,"ascent":7,"type":"bitmap"},{"file":"skyblock_free:mmoitems_bananeqk/icons/damage.png","chars":["字"],"height":18,"ascent":15,"type":"bitmap"},{"file":"skyblock_free:mmoitems_bananeqk/icons/crit.png","chars":["乌"],"height":18,"ascent":15,"type":"bitmap"},{"file":"skyblock_free:mmoitems_bananeqk/icons/lifesteal.png","chars":["樂"],"height":18,"ascent":15,"type":"bitmap"},{"file":"skyblock_free:mmoitems_bananeqk/icons/defense.png","chars":["乐"],"height":18,"ascent":15,"type":"bitmap"},{"file":"skyblock_free:mmoitems_bananeqk/icons/parry.png","chars":["长"],"height":18,"ascent":15,"type":"bitmap"},{"file":"skyblock_free:mmoitems_bananeqk/icons/connect_damage.png","chars":["体"],"height":18,"ascent":16,"type":"bitmap"},{"file":"skyblock_free:mmoitems_bananeqk/icons/connect_crit.png","chars":["见"],"height":18,"ascent":16,"type":"bitmap"},{"file":"skyblock_free:mmoitems_bananeqk/icons/connect_lifesteal.png","chars":["发"],"height":18,"ascent":16,"type":"bitmap"},{"file":"skyblock_free:mmoitems_bananeqk/icons/connect_defense.png","chars":["長"],"height":18,"ascent":16,"type":"bitmap"},{"file":"skyblock_free:mmoitems_bananeqk/icons/connect_parry.png","chars":["飞"],"height":18,"ascent":16,"type":"bitmap"},{"file":"skyblock_free:mmoitems_bananeqk/icons/ability_etc.png","chars":["让"],"height":18,"ascent":12,"type":"bitmap"},{"file":"skyblock_free:mmoitems_bananeqk/icons/ability.png","chars":["龜"],"height":17,"ascent":12,"type":"bitmap"},{"file":"skyblock_free:mmoitems_bananeqk/icons/rune_empty.png","chars":["门"],"height":10,"ascent":8,"type":"bitmap"},{"file":"skyblock_free:mmoitems_bananeqk/icons/rune_filled.png","chars":["門"],"height":10,"ascent":8,"type":"bitmap"},{"file":"skyblock_free:mmoitems_required/null.png","chars":[""],"height":-1,"ascent":-32768,"type":"bitmap"},{"file":"skyblock_free:mmoitems_required/null.png","chars":[""],"height":256,"ascent":-32768,"type":"bitmap"},{"file":"skyblock_free:mmoitems_required/null.png","chars":[""],"height":2,"ascent":-32768,"type":"bitmap"},{"file":"skyblock_free:mmoitems_required/null.png","chars":[""],"height":6,"ascent":-32768,"type":"bitmap"},{"file":"skyblock_free:mmoitems_required/null.png","chars":[""],"height":14,"ascent":-32768,"type":"bitmap"},{"file":"skyblock_free:mmoitems_required/null.png","chars":[""],"height":30,"ascent":-32768,"type":"bitmap"},{"file":"skyblock_free:mmoitems_required/null.png","chars":[""],"height":62,"ascent":-32768,"type":"bitmap"},{"file":"skyblock_free:mmoitems_required/null.png","chars":[""],"height":126,"ascent":-32768,"type":"bitmap"},{"file":"skyblock_free:mmoitems_required/null.png","chars":[""],"height":254,"ascent":-32768,"type":"bitmap"},{"file":"skyblock_free:mmoitems_required/null.png","chars":[""],"height":510,"ascent":-32768,"type":"bitmap"},{"file":"skyblock_free:mmoitems_required/null.png","chars":[""],"height":1022,"ascent":-32768,"type":"bitmap"},{"file":"skyblock_free:mmoitems_required/null.png","chars":[""],"height":-3,"ascent":-32768,"type":"bitmap"},{"file":"skyblock_free:mmoitems_required/null.png","chars":[""],"height":-4,"ascent":-32768,"type":"bitmap"},{"file":"skyblock_free:mmoitems_required/null.png","chars":[""],"height":-6,"ascent":-32768,"type":"bitmap"},{"file":"skyblock_free:mmoitems_required/null.png","chars":[""],"height":-9,"ascent":-32768,"type":"bitmap"},{"file":"skyblock_free:mmoitems_required/null.png","chars":[""],"height":-10,"ascent":-32768,"type":"bitmap"},{"file":"skyblock_free:mmoitems_required/null.png","chars":[""],"height":-18,"ascent":-32768,"type":"bitmap"},{"file":"skyblock_free:mmoitems_required/null.png","chars":[""],"height":-34,"ascent":-32768,"type":"bitmap"},{"file":"skyblock_free:mmoitems_required/null.png","chars":[""],"height":-66,"ascent":-32768,"type":"bitmap"},{"file":"skyblock_free:mmoitems_required/null.png","chars":[""],"height":-130,"ascent":-32768,"type":"bitmap"},{"file":"skyblock_free:mmoitems_required/null.png","chars":[""],"height":-258,"ascent":-32768,"type":"bitmap"},{"file":"skyblock_free:mmoitems_required/null.png","chars":[""],"height":-514,"ascent":-32768,"type":"bitmap"},{"file":"skyblock_free:mmoitems_required/null.png","chars":[""],"height":-1026,"ascent":-32768,"type":"bitmap"},{"file":"skyblock_free:font_icons/emoji/angry.png","chars":["꠨"],"height":8,"ascent":8,"type":"bitmap"},{"file":"skyblock_free:font_icons/emoji/anguished.png","chars":["꠩"],"height":8,"ascent":8,"type":"bitmap"},{"file":"skyblock_free:font_icons/emoji/astonished.png","chars":["꠪"],"height":8,"ascent":8,"type":"bitmap"},{"file":"skyblock_free:font_icons/emoji/blush.png","chars":["꠫"],"height":8,"ascent":8,"type":"bitmap"},{"file":"skyblock_free:font_icons/emoji/crying.png","chars":["﵀"],"height":8,"ascent":8,"type":"bitmap"},{"file":"skyblock_free:font_icons/emoji/devil_laugh.png","chars":["﵁"],"height":8,"ascent":8,"type":"bitmap"},{"file":"skyblock_free:font_icons/emoji/disappointed.png","chars":["﵂"],"height":8,"ascent":8,"type":"bitmap"},{"file":"skyblock_free:font_icons/emoji/dizzy_face.png","chars":["﵃"],"height":8,"ascent":8,"type":"bitmap"},{"file":"skyblock_free:font_icons/emoji/expressionless.png","chars":["﵄"],"height":8,"ascent":8,"type":"bitmap"},{"file":"skyblock_free:font_icons/emoji/flushed.png","chars":["﵅"],"height":8,"ascent":8,"type":"bitmap"},{"file":"skyblock_free:font_icons/emoji/grimacing.png","chars":["﵆"],"height":8,"ascent":8,"type":"bitmap"},{"file":"skyblock_free:font_icons/emoji/grin.png","chars":["﵇"],"height":8,"ascent":8,"type":"bitmap"},{"file":"skyblock_free:font_icons/emoji/grinning.png","chars":["﵈"],"height":8,"ascent":8,"type":"bitmap"},{"file":"skyblock_free:font_icons/emoji/heart_eyes.png","chars":["﵉"],"height":8,"ascent":8,"type":"bitmap"},{"file":"skyblock_free:font_icons/emoji/hushed.png","chars":["﵊"],"height":8,"ascent":8,"type":"bitmap"},{"file":"skyblock_free:font_icons/emoji/hushed2.png","chars":["﵌"],"height":8,"ascent":8,"type":"bitmap"},{"file":"skyblock_free:font_icons/emoji/innocent.png","chars":["﵍"],"height":8,"ascent":8,"type":"bitmap"},{"file":"skyblock_free:font_icons/emoji/joy.png","chars":["﵎"],"height":8,"ascent":8,"type":"bitmap"},{"file":"skyblock_free:font_icons/emoji/kissing.png","chars":["﵏"],"height":8,"ascent":8,"type":"bitmap"},{"file":"skyblock_free:font_icons/emoji/kissing_heart.png","chars":["﷏"],"height":8,"ascent":8,"type":"bitmap"},{"file":"skyblock_free:font_icons/emoji/mask.png","chars":["﷾"],"height":8,"ascent":8,"type":"bitmap"},{"file":"skyblock_free:font_icons/emoji/nerd.png","chars":["﷿"],"height":8,"ascent":8,"type":"bitmap"},{"file":"skyblock_free:font_icons/emoji/neutral_face.png","chars":["𐅹"],"height":8,"ascent":8,"type":"bitmap"},{"file":"skyblock_free:font_icons/emoji/no_mouth.png","chars":["𐅺"],"height":8,"ascent":8,"type":"bitmap"},{"file":"skyblock_free:font_icons/emoji/open_mouth.png","chars":["𐅻"],"height":8,"ascent":8,"type":"bitmap"},{"file":"skyblock_free:font_icons/emoji/partying_face.png","chars":["𐅼"],"height":8,"ascent":8,"type":"bitmap"},{"file":"skyblock_free:font_icons/emoji/pensive.png","chars":["𐅽"],"height":8,"ascent":8,"type":"bitmap"},{"file":"skyblock_free:font_icons/emoji/rage.png","chars":["𐅾"],"height":8,"ascent":8,"type":"bitmap"},{"file":"skyblock_free:font_icons/emoji/raised_eye.png","chars":["𐅿"],"height":8,"ascent":8,"type":"bitmap"},{"file":"skyblock_free:font_icons/emoji/relieved.png","chars":["𐆀"],"height":8,"ascent":8,"type":"bitmap"},{"file":"skyblock_free:font_icons/emoji/rolling_eyes.png","chars":["𐆁"],"height":8,"ascent":8,"type":"bitmap"},{"file":"skyblock_free:font_icons/emoji/satisfied.png","chars":["𐆂"],"height":8,"ascent":8,"type":"bitmap"},{"file":"skyblock_free:font_icons/emoji/scream.png","chars":["𐆃"],"height":8,"ascent":8,"type":"bitmap"},{"file":"skyblock_free:font_icons/emoji/sleeping.png","chars":["𐆄"],"height":8,"ascent":8,"type":"bitmap"},{"file":"skyblock_free:font_icons/emoji/sleepy.png","chars":["𐆅"],"height":8,"ascent":8,"type":"bitmap"},{"file":"skyblock_free:font_icons/emoji/slight_frown.png","chars":["𐆆"],"height":8,"ascent":8,"type":"bitmap"},{"file":"skyblock_free:font_icons/emoji/slight_smile.png","chars":["𐆇"],"height":8,"ascent":8,"type":"bitmap"},{"file":"skyblock_free:font_icons/emoji/smile.png","chars":["𐆈"],"height":8,"ascent":8,"type":"bitmap"},{"file":"skyblock_free:font_icons/emoji/smiley.png","chars":["𐆉"],"height":8,"ascent":8,"type":"bitmap"},{"file":"skyblock_free:font_icons/emoji/smiling_hearts.png","chars":["𐆌"],"height":8,"ascent":8,"type":"bitmap"},{"file":"skyblock_free:font_icons/emoji/smiling_imp.png","chars":["𐆍"],"height":8,"ascent":8,"type":"bitmap"},{"file":"skyblock_free:font_icons/emoji/smirk.png","chars":["𐆎"],"height":8,"ascent":8,"type":"bitmap"},{"file":"skyblock_free:font_icons/emoji/sob.png","chars":["𐆐"],"height":8,"ascent":8,"type":"bitmap"},{"file":"skyblock_free:font_icons/emoji/star_struck.png","chars":["𐆑"],"height":8,"ascent":8,"type":"bitmap"},{"file":"skyblock_free:font_icons/emoji/stuck_out_tongue.png","chars":["𐆒"],"height":8,"ascent":8,"type":"bitmap"},{"file":"skyblock_free:font_icons/emoji/sunglasses.png","chars":["𐆓"],"height":8,"ascent":8,"type":"bitmap"},{"file":"skyblock_free:font_icons/emoji/sus.png","chars":["𐆔"],"height":8,"ascent":8,"type":"bitmap"},{"file":"skyblock_free:font_icons/emoji/sweat_smile.png","chars":["𐆕"],"height":8,"ascent":8,"type":"bitmap"},{"file":"skyblock_free:font_icons/emoji/thermometer_face.png","chars":["𐆖"],"height":8,"ascent":8,"type":"bitmap"},{"file":"skyblock_free:font_icons/emoji/tired_face.png","chars":["𐆗"],"height":8,"ascent":8,"type":"bitmap"},{"file":"skyblock_free:font_icons/emoji/tongue_closed.png","chars":["𐆘"],"height":8,"ascent":8,"type":"bitmap"},{"file":"skyblock_free:font_icons/emoji/tongue_wink.png","chars":["𐆙"],"height":8,"ascent":8,"type":"bitmap"},{"file":"skyblock_free:font_icons/emoji/triumph.png","chars":["𐆚"],"height":8,"ascent":8,"type":"bitmap"},{"file":"skyblock_free:font_icons/emoji/unamused.png","chars":["𐆛"],"height":8,"ascent":8,"type":"bitmap"},{"file":"skyblock_free:font_icons/emoji/upside_down.png","chars":["𐆜"],"height":8,"ascent":8,"type":"bitmap"},{"file":"skyblock_free:font_icons/emoji/weary.png","chars":["𐆠"],"height":8,"ascent":8,"type":"bitmap"},{"file":"skyblock_free:font_icons/emoji/wink.png","chars":["𐇐"],"height":8,"ascent":8,"type":"bitmap"},{"file":"skyblock_free:font_icons/emoji/worried.png","chars":["𐇑"],"height":8,"ascent":8,"type":"bitmap"},{"file":"skyblock_free:font_icons/emoji/yum.png","chars":["𐇒"],"height":8,"ascent":8,"type":"bitmap"},{"file":"skyblock_free:font_icons/emoji/zany_face.png","chars":["𐇓"],"height":8,"ascent":8,"type":"bitmap"},{"file":"skyblock_free:font_icons/emoji/zipper_mouth.png","chars":["𐇔"],"height":8,"ascent":8,"type":"bitmap"},{"file":"skyblock_free:font_icons/emoji/interjection.png","chars":["𐇕"],"height":8,"ascent":8,"type":"bitmap"},{"file":"_iainternal:hud/small_cooldown_bar/0.png","chars":[""],"height":22,"ascent":-42,"type":"bitmap"},{"file":"_iainternal:hud/small_cooldown_bar/1.png","chars":[""],"height":22,"ascent":-42,"type":"bitmap"},{"file":"_iainternal:hud/small_cooldown_bar/2.png","chars":[""],"height":22,"ascent":-42,"type":"bitmap"},{"file":"_iainternal:hud/small_cooldown_bar/3.png","chars":[""],"height":22,"ascent":-42,"type":"bitmap"},{"file":"_iainternal:hud/small_cooldown_bar/4.png","chars":[""],"height":22,"ascent":-42,"type":"bitmap"},{"file":"_iainternal:hud/small_cooldown_bar/5.png","chars":[""],"height":22,"ascent":-42,"type":"bitmap"},{"file":"_iainternal:hud/small_cooldown_bar/6.png","chars":[""],"height":22,"ascent":-42,"type":"bitmap"},{"file":"_iainternal:hud/small_cooldown_bar/7.png","chars":[""],"height":22,"ascent":-42,"type":"bitmap"},{"file":"_iainternal:hud/small_cooldown_bar/8.png","chars":[""],"height":22,"ascent":-42,"type":"bitmap"},{"file":"_iainternal:hud/small_cooldown_bar/9.png","chars":[""],"height":22,"ascent":-42,"type":"bitmap"},{"file":"_iainternal:hud/small_cooldown_bar/10.png","chars":[""],"height":22,"ascent":-42,"type":"bitmap"},{"file":"_iainternal:hud/small_cooldown_bar/11.png","chars":[""],"height":22,"ascent":-42,"type":"bitmap"},{"file":"_iainternal:hud/small_cooldown_bar/12.png","chars":[""],"height":22,"ascent":-42,"type":"bitmap"},{"file":"_iainternal:hud/small_cooldown_bar/13.png","chars":[""],"height":22,"ascent":-42,"type":"bitmap"},{"file":"_iainternal:hud/small_cooldown_bar/14.png","chars":[""],"height":22,"ascent":-42,"type":"bitmap"},{"file":"_iainternal:hud/small_cooldown_bar/15.png","chars":[""],"height":22,"ascent":-42,"type":"bitmap"},{"file":"_iainternal:hud/small_cooldown_bar/16.png","chars":[""],"height":22,"ascent":-42,"type":"bitmap"},{"file":"_iainternal:hud/small_cooldown_bar/17.png","chars":[""],"height":22,"ascent":-42,"type":"bitmap"},{"file":"_iainternal:hud/small_cooldown_bar/18.png","chars":[""],"height":22,"ascent":-42,"type":"bitmap"},{"file":"_iainternal:hud/small_cooldown_bar/19.png","chars":[""],"height":22,"ascent":-42,"type":"bitmap"},{"file":"_iainternal:hud/small_cooldown_bar/20.png","chars":[""],"height":22,"ascent":-42,"type":"bitmap"}]}