{"parent":"item/generated","textures":{"layer0":"item/crossbow_standby"},"display":{"thirdperson_righthand":{"rotation":[-90,0,-60],"translation":[2,0.1,-3],"scale":[0.9,0.9,0.9]},"thirdperson_lefthand":{"rotation":[-90,0,30],"translation":[2,0.1,-3],"scale":[0.9,0.9,0.9]},"firstperson_righthand":{"rotation":[-90,0,-55],"translation":[1.13,3.2,1.13],"scale":[0.68,0.68,0.68]},"firstperson_lefthand":{"rotation":[-90,0,35],"translation":[1.13,3.2,1.13],"scale":[0.68,0.68,0.68]}},"overrides":[{"predicate":{"pulling":1},"model":"item/crossbow_pulling_0"},{"predicate":{"pulling":1,"pull":0.58},"model":"item/crossbow_pulling_1"},{"predicate":{"pulling":1,"pull":1.0},"model":"item/crossbow_pulling_2"},{"predicate":{"charged":1},"model":"item/crossbow_arrow"},{"predicate":{"charged":1,"firework":1},"model":"item/crossbow_firework"},{"predicate":{"custom_model_data":10000},"model":"summerset:crossbow"},{"predicate":{"pulling":1,"custom_model_data":10000},"model":"summerset:crossbow_0"},{"predicate":{"pulling":1,"pull":0.58,"custom_model_data":10000},"model":"summerset:crossbow_1"},{"predicate":{"pulling":1,"pull":1.0,"custom_model_data":10000},"model":"summerset:crossbow_2"},{"predicate":{"charged":1,"custom_model_data":10000},"model":"summerset:crossbow_charged"},{"predicate":{"charged":1,"firework":1,"custom_model_data":10000},"model":"summerset:crossbow_firework"},{"predicate":{"custom_model_data":10001},"model":"ender_dragonset:crossbow"},{"predicate":{"pulling":1,"custom_model_data":10001},"model":"ender_dragonset:crossbow_0"},{"predicate":{"pulling":1,"pull":0.58,"custom_model_data":10001},"model":"ender_dragonset:crossbow_1"},{"predicate":{"pulling":1,"pull":1.0,"custom_model_data":10001},"model":"ender_dragonset:crossbow_2"},{"predicate":{"charged":1,"custom_model_data":10001},"model":"ender_dragonset:crossbow_charged"},{"predicate":{"charged":1,"firework":1,"custom_model_data":10001},"model":"ender_dragonset:crossbow_firework"},{"predicate":{"custom_model_data":10002},"model":"malikaset:crossbow"},{"predicate":{"pulling":1,"custom_model_data":10002},"model":"malikaset:crossbow_0"},{"predicate":{"pulling":1,"pull":0.58,"custom_model_data":10002},"model":"malikaset:crossbow_1"},{"predicate":{"pulling":1,"pull":1.0,"custom_model_data":10002},"model":"malikaset:crossbow_2"},{"predicate":{"charged":1,"custom_model_data":10002},"model":"malikaset:crossbow_charged"},{"predicate":{"charged":1,"firework":1,"custom_model_data":10002},"model":"malikaset:crossbow_firework"},{"predicate":{"custom_model_data":10003},"model":"darkwitherset:crossbow"},{"predicate":{"pulling":1,"custom_model_data":10003},"model":"darkwitherset:crossbow_0"},{"predicate":{"pulling":1,"pull":0.58,"custom_model_data":10003},"model":"darkwitherset:crossbow_1"},{"predicate":{"pulling":1,"pull":1.0,"custom_model_data":10003},"model":"darkwitherset:crossbow_2"},{"predicate":{"charged":1,"custom_model_data":10003},"model":"darkwitherset:crossbow_charged"},{"predicate":{"charged":1,"firework":1,"custom_model_data":10003},"model":"darkwitherset:crossbow_firework"},{"predicate":{"custom_model_data":10004},"model":"demon_lord:crossbow"},{"predicate":{"pulling":1,"custom_model_data":10004},"model":"demon_lord:crossbow_0"},{"predicate":{"pulling":1,"pull":0.58,"custom_model_data":10004},"model":"demon_lord:crossbow_1"},{"predicate":{"pulling":1,"pull":1.0,"custom_model_data":10004},"model":"demon_lord:crossbow_2"},{"predicate":{"charged":1,"custom_model_data":10004},"model":"demon_lord:crossbow_charged"},{"predicate":{"charged":1,"firework":1,"custom_model_data":10004},"model":"demon_lord:crossbow_firework"},{"predicate":{"custom_model_data":10005},"model":"voxelspawns_megaflintlocks:item/vs_pistol"},{"predicate":{"pulling":1,"custom_model_data":10005},"model":"voxelspawns_megaflintlocks:item/vs_pistol_0"},{"predicate":{"pulling":1,"pull":0.58,"custom_model_data":10005},"model":"voxelspawns_megaflintlocks:item/vs_pistol_1"},{"predicate":{"pulling":1,"pull":1.0,"custom_model_data":10005},"model":"voxelspawns_megaflintlocks:item/vs_pistol_2"},{"predicate":{"charged":1,"custom_model_data":10005},"model":"voxelspawns_megaflintlocks:item/vs_pistol_charged"},{"predicate":{"charged":1,"firework":1,"custom_model_data":10005},"model":"voxelspawns_megaflintlocks:item/vs_pistol_firework"},{"predicate":{"custom_model_data":10006},"model":"voxelspawns_megaflintlocks:item/vs_revolver"},{"predicate":{"pulling":1,"custom_model_data":10006},"model":"voxelspawns_megaflintlocks:item/vs_revolver_0"},{"predicate":{"pulling":1,"pull":0.58,"custom_model_data":10006},"model":"voxelspawns_megaflintlocks:item/vs_revolver_1"},{"predicate":{"pulling":1,"pull":1.0,"custom_model_data":10006},"model":"voxelspawns_megaflintlocks:item/vs_revolver_2"},{"predicate":{"charged":1,"custom_model_data":10006},"model":"voxelspawns_megaflintlocks:item/vs_revolver_charged"},{"predicate":{"charged":1,"firework":1,"custom_model_data":10006},"model":"voxelspawns_megaflintlocks:item/vs_revolver_firework"},{"predicate":{"custom_model_data":10007},"model":"voxelspawns_megaflintlocks:item/vs_pistol_3"},{"predicate":{"pulling":1,"custom_model_data":10007},"model":"voxelspawns_megaflintlocks:item/vs_pistol_3_0"},{"predicate":{"pulling":1,"pull":0.58,"custom_model_data":10007},"model":"voxelspawns_megaflintlocks:item/vs_pistol_3_1"},{"predicate":{"pulling":1,"pull":1.0,"custom_model_data":10007},"model":"voxelspawns_megaflintlocks:item/vs_pistol_3_2"},{"predicate":{"charged":1,"custom_model_data":10007},"model":"voxelspawns_megaflintlocks:item/vs_pistol_3_charged"},{"predicate":{"charged":1,"firework":1,"custom_model_data":10007},"model":"voxelspawns_megaflintlocks:item/vs_pistol_3_firework"},{"predicate":{"custom_model_data":10008},"model":"voxelspawns_megaflintlocks:item/vs_pistol_multi"},{"predicate":{"pulling":1,"custom_model_data":10008},"model":"voxelspawns_megaflintlocks:item/vs_pistol_multi_0"},{"predicate":{"pulling":1,"pull":0.58,"custom_model_data":10008},"model":"voxelspawns_megaflintlocks:item/vs_pistol_multi_1"},{"predicate":{"pulling":1,"pull":1.0,"custom_model_data":10008},"model":"voxelspawns_megaflintlocks:item/vs_pistol_multi_2"},{"predicate":{"charged":1,"custom_model_data":10008},"model":"voxelspawns_megaflintlocks:item/vs_pistol_multi_charged"},{"predicate":{"charged":1,"firework":1,"custom_model_data":10008},"model":"voxelspawns_megaflintlocks:item/vs_pistol_multi_firework"},{"predicate":{"custom_model_data":10009},"model":"voxelspawns_megaflintlocks:item/vs_rifle"},{"predicate":{"pulling":1,"custom_model_data":10009},"model":"voxelspawns_megaflintlocks:item/vs_rifle_0"},{"predicate":{"pulling":1,"pull":0.58,"custom_model_data":10009},"model":"voxelspawns_megaflintlocks:item/vs_rifle_1"},{"predicate":{"pulling":1,"pull":1.0,"custom_model_data":10009},"model":"voxelspawns_megaflintlocks:item/vs_rifle_2"},{"predicate":{"charged":1,"custom_model_data":10009},"model":"voxelspawns_megaflintlocks:item/vs_rifle_charged"},{"predicate":{"charged":1,"firework":1,"custom_model_data":10009},"model":"voxelspawns_megaflintlocks:item/vs_rifle_firework"},{"predicate":{"custom_model_data":10010},"model":"voxelspawns_megaflintlocks:item/vs_rifle_bayonet"},{"predicate":{"pulling":1,"custom_model_data":10010},"model":"voxelspawns_megaflintlocks:item/vs_rifle_bayonet_0"},{"predicate":{"pulling":1,"pull":0.58,"custom_model_data":10010},"model":"voxelspawns_megaflintlocks:item/vs_rifle_bayonet_1"},{"predicate":{"pulling":1,"pull":1.0,"custom_model_data":10010},"model":"voxelspawns_megaflintlocks:item/vs_rifle_bayonet_2"},{"predicate":{"charged":1,"custom_model_data":10010},"model":"voxelspawns_megaflintlocks:item/vs_rifle_bayonet_charged"},{"predicate":{"charged":1,"firework":1,"custom_model_data":10010},"model":"voxelspawns_megaflintlocks:item/vs_rifle_bayonet_firework"},{"predicate":{"custom_model_data":10011},"model":"voxelspawns_megaflintlocks:item/vs_rifle_double"},{"predicate":{"pulling":1,"custom_model_data":10011},"model":"voxelspawns_megaflintlocks:item/vs_rifle_double_0"},{"predicate":{"pulling":1,"pull":0.58,"custom_model_data":10011},"model":"voxelspawns_megaflintlocks:item/vs_rifle_double_1"},{"predicate":{"pulling":1,"pull":1.0,"custom_model_data":10011},"model":"voxelspawns_megaflintlocks:item/vs_rifle_double_2"},{"predicate":{"charged":1,"custom_model_data":10011},"model":"voxelspawns_megaflintlocks:item/vs_rifle_double_charged"},{"predicate":{"charged":1,"firework":1,"custom_model_data":10011},"model":"voxelspawns_megaflintlocks:item/vs_rifle_double_firework"},{"predicate":{"custom_model_data":10012},"model":"voxelspawns_megaflintlocks:item/vs_rifle_3"},{"predicate":{"pulling":1,"custom_model_data":10012},"model":"voxelspawns_megaflintlocks:item/vs_rifle_3_0"},{"predicate":{"pulling":1,"pull":0.58,"custom_model_data":10012},"model":"voxelspawns_megaflintlocks:item/vs_rifle_3_1"},{"predicate":{"pulling":1,"pull":1.0,"custom_model_data":10012},"model":"voxelspawns_megaflintlocks:item/vs_rifle_3_2"},{"predicate":{"charged":1,"custom_model_data":10012},"model":"voxelspawns_megaflintlocks:item/vs_rifle_3_charged"},{"predicate":{"charged":1,"firework":1,"custom_model_data":10012},"model":"voxelspawns_megaflintlocks:item/vs_rifle_3_firework"},{"predicate":{"custom_model_data":10013},"model":"voxelspawns_megaflintlocks:item/vs_rifle_epic"},{"predicate":{"pulling":1,"custom_model_data":10013},"model":"voxelspawns_megaflintlocks:item/vs_rifle_epic_0"},{"predicate":{"pulling":1,"pull":0.58,"custom_model_data":10013},"model":"voxelspawns_megaflintlocks:item/vs_rifle_epic_1"},{"predicate":{"pulling":1,"pull":1.0,"custom_model_data":10013},"model":"voxelspawns_megaflintlocks:item/vs_rifle_epic_2"},{"predicate":{"charged":1,"custom_model_data":10013},"model":"voxelspawns_megaflintlocks:item/vs_rifle_epic_charged"},{"predicate":{"charged":1,"firework":1,"custom_model_data":10013},"model":"voxelspawns_megaflintlocks:item/vs_rifle_epic_firework"},{"predicate":{"custom_model_data":10014},"model":"voxelspawns_megaflintlocks:item/vs_rifle_magic"},{"predicate":{"pulling":1,"custom_model_data":10014},"model":"voxelspawns_megaflintlocks:item/vs_rifle_magic_0"},{"predicate":{"pulling":1,"pull":0.58,"custom_model_data":10014},"model":"voxelspawns_megaflintlocks:item/vs_rifle_magic_1"},{"predicate":{"pulling":1,"pull":1.0,"custom_model_data":10014},"model":"voxelspawns_megaflintlocks:item/vs_rifle_magic_2"},{"predicate":{"charged":1,"custom_model_data":10014},"model":"voxelspawns_megaflintlocks:item/vs_rifle_magic_charged"},{"predicate":{"charged":1,"firework":1,"custom_model_data":10014},"model":"voxelspawns_megaflintlocks:item/vs_rifle_magic_firework"},{"predicate":{"custom_model_data":10015},"model":"voxelspawns_megaflintlocks:item/vs_rifle_alchemy"},{"predicate":{"pulling":1,"custom_model_data":10015},"model":"voxelspawns_megaflintlocks:item/vs_rifle_alchemy_0"},{"predicate":{"pulling":1,"pull":0.58,"custom_model_data":10015},"model":"voxelspawns_megaflintlocks:item/vs_rifle_alchemy_1"},{"predicate":{"pulling":1,"pull":1.0,"custom_model_data":10015},"model":"voxelspawns_megaflintlocks:item/vs_rifle_alchemy_2"},{"predicate":{"charged":1,"custom_model_data":10015},"model":"voxelspawns_megaflintlocks:item/vs_rifle_alchemy_charged"},{"predicate":{"charged":1,"firework":1,"custom_model_data":10015},"model":"voxelspawns_megaflintlocks:item/vs_rifle_alchemy_firework"},{"predicate":{"custom_model_data":10016},"model":"voxelspawns_megaflintlocks:item/vs_snipe"},{"predicate":{"pulling":1,"custom_model_data":10016},"model":"voxelspawns_megaflintlocks:item/vs_snipe_0"},{"predicate":{"pulling":1,"pull":0.58,"custom_model_data":10016},"model":"voxelspawns_megaflintlocks:item/vs_snipe_1"},{"predicate":{"pulling":1,"pull":1.0,"custom_model_data":10016},"model":"voxelspawns_megaflintlocks:item/vs_snipe_2"},{"predicate":{"charged":1,"custom_model_data":10016},"model":"voxelspawns_megaflintlocks:item/vs_snipe_charged"},{"predicate":{"charged":1,"firework":1,"custom_model_data":10016},"model":"voxelspawns_megaflintlocks:item/vs_snipe_firework"},{"predicate":{"custom_model_data":10017},"model":"voxelspawns_megaflintlocks:item/vs_snipe_epic"},{"predicate":{"pulling":1,"custom_model_data":10017},"model":"voxelspawns_megaflintlocks:item/vs_snipe_epic_0"},{"predicate":{"pulling":1,"pull":0.58,"custom_model_data":10017},"model":"voxelspawns_megaflintlocks:item/vs_snipe_epic_1"},{"predicate":{"pulling":1,"pull":1.0,"custom_model_data":10017},"model":"voxelspawns_megaflintlocks:item/vs_snipe_epic_2"},{"predicate":{"charged":1,"custom_model_data":10017},"model":"voxelspawns_megaflintlocks:item/vs_snipe_epic_charged"},{"predicate":{"charged":1,"firework":1,"custom_model_data":10017},"model":"voxelspawns_megaflintlocks:item/vs_snipe_epic_firework"},{"predicate":{"custom_model_data":10018},"model":"voxelspawns_megaflintlocks:item/vs_cannon"},{"predicate":{"pulling":1,"custom_model_data":10018},"model":"voxelspawns_megaflintlocks:item/vs_cannon_0"},{"predicate":{"pulling":1,"pull":0.58,"custom_model_data":10018},"model":"voxelspawns_megaflintlocks:item/vs_cannon_1"},{"predicate":{"pulling":1,"pull":1.0,"custom_model_data":10018},"model":"voxelspawns_megaflintlocks:item/vs_cannon_2"},{"predicate":{"charged":1,"custom_model_data":10018},"model":"voxelspawns_megaflintlocks:item/vs_cannon_charged"},{"predicate":{"charged":1,"firework":1,"custom_model_data":10018},"model":"voxelspawns_megaflintlocks:item/vs_cannon_firework"},{"predicate":{"custom_model_data":10019},"model":"voxelspawns_megaflintlocks:item/vs_rifle_magic2"},{"predicate":{"pulling":1,"custom_model_data":10019},"model":"voxelspawns_megaflintlocks:item/vs_rifle_magic2_0"},{"predicate":{"pulling":1,"pull":0.58,"custom_model_data":10019},"model":"voxelspawns_megaflintlocks:item/vs_rifle_magic2_1"},{"predicate":{"pulling":1,"pull":1.0,"custom_model_data":10019},"model":"voxelspawns_megaflintlocks:item/vs_rifle_magic2_2"},{"predicate":{"charged":1,"custom_model_data":10019},"model":"voxelspawns_megaflintlocks:item/vs_rifle_magic2_charged"},{"predicate":{"charged":1,"firework":1,"custom_model_data":10019},"model":"voxelspawns_megaflintlocks:item/vs_rifle_magic2_firework"},{"predicate":{"custom_model_data":10020},"model":"voxelspawns_megaflintlocks:item/vs_rifle_magic3"},{"predicate":{"pulling":1,"custom_model_data":10020},"model":"voxelspawns_megaflintlocks:item/vs_rifle_magic3_0"},{"predicate":{"pulling":1,"pull":0.58,"custom_model_data":10020},"model":"voxelspawns_megaflintlocks:item/vs_rifle_magic3_1"},{"predicate":{"pulling":1,"pull":1.0,"custom_model_data":10020},"model":"voxelspawns_megaflintlocks:item/vs_rifle_magic3_2"},{"predicate":{"charged":1,"custom_model_data":10020},"model":"voxelspawns_megaflintlocks:item/vs_rifle_magic3_charged"},{"predicate":{"charged":1,"firework":1,"custom_model_data":10020},"model":"voxelspawns_megaflintlocks:item/vs_rifle_magic3_firework"},{"predicate":{"custom_model_data":10021},"model":"voxelspawns_megaflintlocks:item/vs_rifle_magic4"},{"predicate":{"pulling":1,"custom_model_data":10021},"model":"voxelspawns_megaflintlocks:item/vs_rifle_magic4_0"},{"predicate":{"pulling":1,"pull":0.58,"custom_model_data":10021},"model":"voxelspawns_megaflintlocks:item/vs_rifle_magic4_1"},{"predicate":{"pulling":1,"pull":1.0,"custom_model_data":10021},"model":"voxelspawns_megaflintlocks:item/vs_rifle_magic4_2"},{"predicate":{"charged":1,"custom_model_data":10021},"model":"voxelspawns_megaflintlocks:item/vs_rifle_magic4_charged"},{"predicate":{"charged":1,"firework":1,"custom_model_data":10021},"model":"voxelspawns_megaflintlocks:item/vs_rifle_magic4_firework"},{"predicate":{"custom_model_data":10022},"model":"voxelspawns_megaflintlocks:item/vs_rifle_alchemy2"},{"predicate":{"pulling":1,"custom_model_data":10022},"model":"voxelspawns_megaflintlocks:item/vs_rifle_alchemy2_0"},{"predicate":{"pulling":1,"pull":0.58,"custom_model_data":10022},"model":"voxelspawns_megaflintlocks:item/vs_rifle_alchemy2_1"},{"predicate":{"pulling":1,"pull":1.0,"custom_model_data":10022},"model":"voxelspawns_megaflintlocks:item/vs_rifle_alchemy2_2"},{"predicate":{"charged":1,"custom_model_data":10022},"model":"voxelspawns_megaflintlocks:item/vs_rifle_alchemy2_charged"},{"predicate":{"charged":1,"firework":1,"custom_model_data":10022},"model":"voxelspawns_megaflintlocks:item/vs_rifle_alchemy2_firework"},{"predicate":{"custom_model_data":10023},"model":"voxelspawns_megaflintlocks:item/vs_rifle_alchemy3"},{"predicate":{"pulling":1,"custom_model_data":10023},"model":"voxelspawns_megaflintlocks:item/vs_rifle_alchemy3_0"},{"predicate":{"pulling":1,"pull":0.58,"custom_model_data":10023},"model":"voxelspawns_megaflintlocks:item/vs_rifle_alchemy3_1"},{"predicate":{"pulling":1,"pull":1.0,"custom_model_data":10023},"model":"voxelspawns_megaflintlocks:item/vs_rifle_alchemy3_2"},{"predicate":{"charged":1,"custom_model_data":10023},"model":"voxelspawns_megaflintlocks:item/vs_rifle_alchemy3_charged"},{"predicate":{"charged":1,"firework":1,"custom_model_data":10023},"model":"voxelspawns_megaflintlocks:item/vs_rifle_alchemy3_firework"},{"predicate":{"custom_model_data":10024},"model":"voxelspawns_megaflintlocks:item/vs_rifle_alchemy4"},{"predicate":{"pulling":1,"custom_model_data":10024},"model":"voxelspawns_megaflintlocks:item/vs_rifle_alchemy4_0"},{"predicate":{"pulling":1,"pull":0.58,"custom_model_data":10024},"model":"voxelspawns_megaflintlocks:item/vs_rifle_alchemy4_1"},{"predicate":{"pulling":1,"pull":1.0,"custom_model_data":10024},"model":"voxelspawns_megaflintlocks:item/vs_rifle_alchemy4_2"},{"predicate":{"charged":1,"custom_model_data":10024},"model":"voxelspawns_megaflintlocks:item/vs_rifle_alchemy4_charged"},{"predicate":{"charged":1,"firework":1,"custom_model_data":10024},"model":"voxelspawns_megaflintlocks:item/vs_rifle_alchemy4_firework"},{"predicate":{"custom_model_data":10025},"model":"voxelspawns_megaflintlocks:item/vs_rifle_alchemy5"},{"predicate":{"pulling":1,"custom_model_data":10025},"model":"voxelspawns_megaflintlocks:item/vs_rifle_alchemy5_0"},{"predicate":{"pulling":1,"pull":0.58,"custom_model_data":10025},"model":"voxelspawns_megaflintlocks:item/vs_rifle_alchemy5_1"},{"predicate":{"pulling":1,"pull":1.0,"custom_model_data":10025},"model":"voxelspawns_megaflintlocks:item/vs_rifle_alchemy5_2"},{"predicate":{"charged":1,"custom_model_data":10025},"model":"voxelspawns_megaflintlocks:item/vs_rifle_alchemy5_charged"},{"predicate":{"charged":1,"firework":1,"custom_model_data":10025},"model":"voxelspawns_megaflintlocks:item/vs_rifle_alchemy5_firework"},{"predicate":{"custom_model_data":10026},"model":"lunarset:crossbow"},{"predicate":{"pulling":1,"custom_model_data":10026},"model":"lunarset:crossbow_0"},{"predicate":{"pulling":1,"pull":0.58,"custom_model_data":10026},"model":"lunarset:crossbow_1"},{"predicate":{"pulling":1,"pull":1.0,"custom_model_data":10026},"model":"lunarset:crossbow_2"},{"predicate":{"charged":1,"custom_model_data":10026},"model":"lunarset:crossbow_charged"},{"predicate":{"charged":1,"firework":1,"custom_model_data":10026},"model":"lunarset:crossbow_firework"},{"predicate":{"custom_model_data":10027},"model":"merry_christmasset:crossbow"},{"predicate":{"pulling":1,"custom_model_data":10027},"model":"merry_christmasset:crossbow_0"},{"predicate":{"pulling":1,"pull":0.58,"custom_model_data":10027},"model":"merry_christmasset:crossbow_1"},{"predicate":{"pulling":1,"pull":1.0,"custom_model_data":10027},"model":"merry_christmasset:crossbow_2"},{"predicate":{"charged":1,"custom_model_data":10027},"model":"merry_christmasset:crossbow_charged"},{"predicate":{"charged":1,"firework":1,"custom_model_data":10027},"model":"merry_christmasset:crossbow_firework"},{"predicate":{"custom_model_data":10028},"model":"item/crossbow"}]}