{"parent":"minecraft:item/generated","textures":{"layer0":"minecraft:item/gold_nugget"},"overrides":[{"predicate":{"custom_model_data":514},"model":"advancedpets:advancedpets/air"},{"predicate":{"custom_model_data":515},"model":"advancedpets:advancedpets/info"},{"predicate":{"custom_model_data":516},"model":"advancedpets:advancedpets/left"},{"predicate":{"custom_model_data":517},"model":"advancedpets:advancedpets/pet_remove"},{"predicate":{"custom_model_data":518},"model":"advancedpets:advancedpets/pet_rename"},{"predicate":{"custom_model_data":519},"model":"advancedpets:advancedpets/pet_ride"},{"predicate":{"custom_model_data":520},"model":"advancedpets:advancedpets/pet_shop"},{"predicate":{"custom_model_data":521},"model":"advancedpets:advancedpets/pet_skin"},{"predicate":{"custom_model_data":522},"model":"advancedpets:advancedpets/quit"},{"predicate":{"custom_model_data":523},"model":"advancedpets:advancedpets/right"},{"predicate":{"custom_model_data":524},"model":"advancedpets:advancedpets/upgrade"},{"predicate":{"custom_model_data":525},"model":"advancedpets:advancedpets/green_ball"},{"predicate":{"custom_model_data":526},"model":"advancedpets:advancedpets/red_ball"},{"predicate":{"custom_model_data":527},"model":"item/gold_nugget"}]}