{"parent":"minecraft:item/handheld","textures":{"layer0":"minecraft:item/iron_shovel"},"overrides":[{"predicate":{"custom_model_data":10000},"model":"summerset:shovel"},{"predicate":{"custom_model_data":10001},"model":"elitecreatures:berserker_animated_weapon_set/shovel"},{"predicate":{"custom_model_data":10002},"model":"ender_dragonset:shovel"},{"predicate":{"custom_model_data":10003},"model":"malikaset:shovel"},{"predicate":{"custom_model_data":10004},"model":"darkwitherset:shovel"},{"predicate":{"custom_model_data":10005},"model":"lunarset:shovel"},{"predicate":{"custom_model_data":10006},"model":"merry_christmasset:shovel"},{"predicate":{"custom_model_data":10007},"model":"item/iron_shovel"}]}