{"parent":"minecraft:item/handheld","textures":{"layer0":"minecraft:item/iron_sword"},"overrides":[{"predicate":{"custom_model_data":10000},"model":"summerset:greatsword"},{"predicate":{"custom_model_data":10001},"model":"summerset:hammer"},{"predicate":{"custom_model_data":10002},"model":"summerset:scythe"},{"predicate":{"custom_model_data":10003},"model":"summerset:spear"},{"predicate":{"custom_model_data":10004},"model":"summerset:staff"},{"predicate":{"custom_model_data":10005},"model":"summerset:sword"},{"predicate":{"custom_model_data":10006},"model":"summerset:trident"},{"predicate":{"custom_model_data":10007},"model":"elitecreatures:berserker_animated_weapon_set/blade"},{"predicate":{"custom_model_data":10008},"model":"elitecreatures:berserker_animated_weapon_set/halberd"},{"predicate":{"custom_model_data":10009},"model":"elitecreatures:berserker_animated_weapon_set/spear"},{"predicate":{"custom_model_data":10010},"model":"elitecreatures:berserker_animated_weapon_set/staff"},{"predicate":{"custom_model_data":10011},"model":"elitecreatures:berserker_animated_weapon_set/sword"},{"predicate":{"custom_model_data":10012},"model":"ender_dragonset:hammer"},{"predicate":{"custom_model_data":10013},"model":"ender_dragonset:scythe"},{"predicate":{"custom_model_data":10014},"model":"ender_dragonset:spear"},{"predicate":{"custom_model_data":10015},"model":"ender_dragonset:staff"},{"predicate":{"custom_model_data":10016},"model":"ender_dragonset:sword"},{"predicate":{"custom_model_data":10017},"model":"ender_dragonset:trident"},{"predicate":{"custom_model_data":10018},"model":"malikaset:hammer"},{"predicate":{"custom_model_data":10019},"model":"malikaset:spear"},{"predicate":{"custom_model_data":10020},"model":"malikaset:sword"},{"predicate":{"custom_model_data":10021},"model":"malikaset:scythe"},{"predicate":{"custom_model_data":10022},"model":"malikaset:staff"},{"predicate":{"custom_model_data":10023},"model":"malikaset:greatsword"},{"predicate":{"custom_model_data":10024},"model":"malikaset:trident"},{"predicate":{"custom_model_data":10025},"model":"darkwitherset:greatsword"},{"predicate":{"custom_model_data":10026},"model":"darkwitherset:hammer"},{"predicate":{"custom_model_data":10027},"model":"darkwitherset:scythe"},{"predicate":{"custom_model_data":10028},"model":"darkwitherset:spear"},{"predicate":{"custom_model_data":10029},"model":"darkwitherset:staff"},{"predicate":{"custom_model_data":10030},"model":"darkwitherset:sword"},{"predicate":{"custom_model_data":10031},"model":"darkwitherset:trident"},{"predicate":{"custom_model_data":10032},"model":"lunarset:hammer"},{"predicate":{"custom_model_data":10033},"model":"lunarset:spear"},{"predicate":{"custom_model_data":10034},"model":"lunarset:sword"},{"predicate":{"custom_model_data":10035},"model":"lunarset:scythe"},{"predicate":{"custom_model_data":10036},"model":"lunarset:staff"},{"predicate":{"custom_model_data":10037},"model":"lunarset:greatsword"},{"predicate":{"custom_model_data":10038},"model":"lunarset:trident"},{"predicate":{"custom_model_data":10039},"model":"merry_christmasset:hammer"},{"predicate":{"custom_model_data":10040},"model":"merry_christmasset:scythe"},{"predicate":{"custom_model_data":10041},"model":"merry_christmasset:spear"},{"predicate":{"custom_model_data":10042},"model":"merry_christmasset:staff"},{"predicate":{"custom_model_data":10043},"model":"merry_christmasset:sword"},{"predicate":{"custom_model_data":10044},"model":"merry_christmasset:trident"},{"predicate":{"custom_model_data":10045},"model":"merry_christmasset:greatsword"},{"predicate":{"custom_model_data":10046},"model":"item/iron_sword"}]}