{"parent":"minecraft:item/generated","textures":{"layer0":"minecraft:item/leather_horse_armor"},"overrides":[{"predicate":{"custom_model_data":10000},"model":"furnicraft:potted_flower"},{"predicate":{"custom_model_data":10001},"model":"furnicraft:potted_plant"},{"predicate":{"custom_model_data":10002},"model":"furnicraft:wooden_chair"},{"predicate":{"custom_model_data":10003},"model":"furnicraft:wooden_small_chair"},{"predicate":{"custom_model_data":10004},"model":"furnicraft:wooden_sofa_corner"},{"predicate":{"custom_model_data":10005},"model":"furnicraft:wooden_sofa_left"},{"predicate":{"custom_model_data":10006},"model":"furnicraft:wooden_sofa_middle"},{"predicate":{"custom_model_data":10007},"model":"furnicraft:wooden_sofa_right"},{"predicate":{"custom_model_data":10008},"model":"item/leather_horse_armor"}]}