{"credit":"MadebyPolygonMC","texture_size":[32,32],"textures":{"0":"lunarset:animations_2","2":"lunarset:hammer","3":"lunarset:animations_1","particle":"lunarset:animations_2"},"elements":[{"from":[7.25,1,7.25],"to":[8.75,1.5,8.75],"rotation":{"angle":0,"axis":"y","origin":[7.5,0,7.5]},"faces":{"north":{"uv":[13.5,3,14.25,3.25],"texture":"#2"},"east":{"uv":[13.5,3.5,14.25,3.75],"texture":"#2"},"south":{"uv":[13.5,4,14.25,4.25],"texture":"#2"},"west":{"uv":[13.5,4.5,14.25,4.75],"texture":"#2"},"up":{"uv":[10.25,12.75,9.5,12],"texture":"#2"},"down":{"uv":[12.75,10,12,10.75],"texture":"#2"}}},{"from":[7.75,-0.75,7],"to":[8.25,1.25,7.75],"rotation":{"angle":-45,"axis":"x","origin":[8,0.25,8]},"faces":{"north":{"uv":[2.5,13,2.75,14],"texture":"#2"},"east":{"uv":[2,7,2.375,8],"texture":"#2"},"south":{"uv":[13,2.5,13.25,3.5],"texture":"#2"},"west":{"uv":[2,8,2.375,9],"texture":"#2"},"up":{"uv":[13.75,8.875,13.5,8.5],"texture":"#2"},"down":{"uv":[13.75,9,13.5,9.375],"texture":"#2"}}},{"from":[7.75,-0.75,8.25],"to":[8.25,1.25,9],"rotation":{"angle":-45,"axis":"x","origin":[8,0.25,8]},"faces":{"north":{"uv":[3,13,3.25,14],"texture":"#2"},"east":{"uv":[6,10,6.375,11],"texture":"#2"},"south":{"uv":[3.5,13,3.75,14],"texture":"#2"},"west":{"uv":[6,11,6.375,12],"texture":"#2"},"up":{"uv":[9.75,13.875,9.5,13.5],"texture":"#2"},"down":{"uv":[13.75,9.5,13.5,9.875],"texture":"#2"}}},{"from":[7.75,0.5,7.75],"to":[8.25,1.25,8.25],"rotation":{"angle":-45,"axis":"x","origin":[8,0.25,8]},"faces":{"east":{"uv":[10,13.5,10.25,13.875],"texture":"#2"},"west":{"uv":[13.5,10,13.75,10.375],"texture":"#2"},"up":{"uv":[11.25,13.75,11,13.5],"texture":"#2"},"down":{"uv":[13.75,11,13.5,11.25],"texture":"#2"}}},{"from":[7.75,-0.75,7.75],"to":[8.25,0,8.25],"rotation":{"angle":-45,"axis":"x","origin":[8,0.25,8]},"faces":{"east":{"uv":[10.5,13.5,10.75,13.875],"texture":"#2"},"west":{"uv":[13.5,10.5,13.75,10.875],"texture":"#2"},"up":{"uv":[11.75,13.75,11.5,13.5],"texture":"#2"},"down":{"uv":[13.75,11.5,13.5,11.75],"texture":"#2"}}},{"from":[7.4,20.8,6.9],"to":[8.6,23,9.1],"rotation":{"angle":-45,"axis":"x","origin":[8,21.9,8]},"faces":{"north":{"uv":[7.5,11,8.125,12.125],"texture":"#2"},"east":{"uv":[9.5,10.5,10.625,11.625],"texture":"#2"},"south":{"uv":[11,7.5,11.625,8.625],"texture":"#2"},"west":{"uv":[11,0,12.125,1.125],"texture":"#2"},"up":{"uv":[11.625,11.625,11,10.5],"texture":"#2"},"down":{"uv":[4.625,11.5,4,12.625],"texture":"#2"}}},{"from":[7.1,21.1,7.2],"to":[8.9,22.7,8.8],"rotation":{"angle":-45,"axis":"x","origin":[8,21.9,8]},"faces":{"north":{"uv":[5,11.5,5.875,12.25],"texture":"#2"},"east":{"uv":[10.5,12,11.25,12.75],"texture":"#2"},"south":{"uv":[11.5,5,12.375,5.75],"texture":"#2"},"west":{"uv":[12,11,12.75,11.75],"texture":"#2"},"up":{"uv":[12.375,6.75,11.5,6],"texture":"#2"},"down":{"uv":[12.375,9,11.5,9.75],"texture":"#2"}}},{"from":[7.75,22.75,7],"to":[8.25,24.75,9],"rotation":{"angle":-45,"axis":"x","origin":[8,23.75,8]},"faces":{"north":{"uv":[4,13,4.25,14],"texture":"#2"},"east":{"uv":[11,1.5,12,2.5],"texture":"#2"},"south":{"uv":[4.5,13,4.75,14],"texture":"#2"},"west":{"uv":[11,2.5,12,3.5],"texture":"#2"},"up":{"uv":[13.25,8,13,7],"texture":"#2"},"down":{"uv":[13.25,8,13,9],"texture":"#2"}}},{"from":[7.725,24.51295,7],"to":[8.275,25.92895,8.416],"rotation":{"angle":-45,"axis":"x","origin":[8,25.51295,8]},"faces":{"north":{"uv":[5,13.5,5.25,14.25],"texture":"#2"},"east":{"uv":[11.5,12,12.25,12.75],"texture":"#2"},"south":{"uv":[13.5,5,13.75,5.75],"texture":"#2"},"west":{"uv":[12.5,0,13.25,0.75],"texture":"#2"},"up":{"uv":[5.75,14.25,5.5,13.5],"texture":"#2"},"down":{"uv":[6.25,13.5,6,14.25],"texture":"#2"}}},{"from":[7.25,12,7.25],"to":[8.75,12.5,8.75],"rotation":{"angle":0,"axis":"y","origin":[7.5,6.5,7.5]},"faces":{"north":{"uv":[13.5,6,14.25,6.25],"texture":"#2"},"east":{"uv":[6.5,13.5,7.25,13.75],"texture":"#2"},"south":{"uv":[13.5,6.5,14.25,6.75],"texture":"#2"},"west":{"uv":[13.5,7,14.25,7.25],"texture":"#2"},"up":{"uv":[13.25,4.25,12.5,3.5],"texture":"#2"},"down":{"uv":[5.75,12.5,5,13.25],"texture":"#2"}}},{"from":[7.5,8,7.5],"to":[8.5,9,8.5],"rotation":{"angle":0,"axis":"y","origin":[7.5,6.5,7.5]},"faces":{"north":{"uv":[6,3,6.5,3.5],"texture":"#2"},"east":{"uv":[2,9,2.5,9.5],"texture":"#2"},"south":{"uv":[4,9.5,4.5,10],"texture":"#2"},"west":{"uv":[11,9,11.5,9.5],"texture":"#2"},"up":{"uv":[12,7.5,11.5,7],"texture":"#2"}}},{"from":[7.5,11,7.5],"to":[8.5,12,8.5],"rotation":{"angle":0,"axis":"y","origin":[7.5,7,7.5]},"faces":{"north":{"uv":[11.5,10,12,10.5],"texture":"#2"},"east":{"uv":[6,12,6.5,12.5],"texture":"#2"},"south":{"uv":[13,4.5,13.5,5],"texture":"#2"},"west":{"uv":[8.5,13,9,13.5],"texture":"#2"},"up":{"uv":[9.5,13.5,9,13],"texture":"#2"},"down":{"uv":[10,13,9.5,13.5],"texture":"#2"}}},{"from":[7.6,9,7.6],"to":[8.4,11,8.4],"rotation":{"angle":0,"axis":"y","origin":[7.5,6.5,7.5]},"faces":{"north":{"uv":[8,12.5,8.375,13.5],"texture":"#2"},"east":{"uv":[12.5,12,12.875,13],"texture":"#2"},"south":{"uv":[0,13,0.375,14],"texture":"#2"},"west":{"uv":[0.5,13,0.875,14],"texture":"#2"}}},{"from":[7.25,5.5,7.25],"to":[8.75,6,8.75],"rotation":{"angle":0,"axis":"y","origin":[7.5,0,7.5]},"faces":{"north":{"uv":[7.5,13.5,8.25,13.75],"texture":"#2"},"east":{"uv":[13.5,7.5,14.25,7.75],"texture":"#2"},"south":{"uv":[13.5,8,14.25,8.25],"texture":"#2"},"west":{"uv":[8.5,13.5,9.25,13.75],"texture":"#2"},"up":{"uv":[13.25,5.75,12.5,5],"texture":"#2"},"down":{"uv":[6.75,12.5,6,13.25],"texture":"#2"}}},{"from":[7.5,4.5,7.5],"to":[8.5,5.5,8.5],"rotation":{"angle":0,"axis":"y","origin":[7.5,0.5,7.5]},"faces":{"north":{"uv":[13.5,0,14,0.5],"texture":"#2"},"east":{"uv":[13.5,0.5,14,1],"texture":"#2"},"south":{"uv":[13.5,1,14,1.5],"texture":"#2"},"west":{"uv":[13.5,1.5,14,2],"texture":"#2"},"up":{"uv":[14,2.5,13.5,2],"texture":"#2"},"down":{"uv":[14,2.5,13.5,3],"texture":"#2"}}},{"from":[7.6,2.5,7.6],"to":[8.4,4.5,8.4],"rotation":{"angle":0,"axis":"y","origin":[7.5,0,7.5]},"faces":{"north":{"uv":[1,13,1.375,14],"texture":"#2"},"east":{"uv":[1.5,13,1.875,14],"texture":"#2"},"south":{"uv":[13,1.5,13.375,2.5],"texture":"#2"},"west":{"uv":[2,13,2.375,14],"texture":"#2"}}},{"from":[7.5,1.5,7.5],"to":[8.5,2.5,8.5],"rotation":{"angle":0,"axis":"y","origin":[7.5,0,7.5]},"faces":{"north":{"uv":[12,13,12.5,13.5],"texture":"#2"},"east":{"uv":[13,12,13.5,12.5],"texture":"#2"},"south":{"uv":[12.5,13,13,13.5],"texture":"#2"},"west":{"uv":[13,12.5,13.5,13],"texture":"#2"},"up":{"uv":[13.5,13.5,13,13],"texture":"#2"}}},{"from":[7.5,12.5,7.5],"to":[8.5,13.5,8.5],"rotation":{"angle":0,"axis":"y","origin":[7.5,12.5,7.5]},"faces":{"north":{"uv":[10,13,10.5,13.5],"texture":"#2"},"east":{"uv":[13,10,13.5,10.5],"texture":"#2"},"south":{"uv":[10.5,13,11,13.5],"texture":"#2"},"west":{"uv":[13,10.5,13.5,11],"texture":"#2"}}},{"from":[7.5,20,7.5],"to":[8.5,21,8.5],"rotation":{"angle":0,"axis":"y","origin":[7.5,20,7.5]},"faces":{"north":{"uv":[11,13,11.5,13.5],"texture":"#2"},"east":{"uv":[13,11,13.5,11.5],"texture":"#2"},"south":{"uv":[11.5,13,12,13.5],"texture":"#2"},"west":{"uv":[13,11.5,13.5,12],"texture":"#2"}}},{"from":[7.35,13.5,7.35],"to":[8.65,20,8.65],"rotation":{"angle":0,"axis":"y","origin":[7.5,19,7.5]},"faces":{"north":{"uv":[6.5,9,7.125,12.25],"texture":"#2"},"east":{"uv":[2,9.5,2.625,12.75],"texture":"#2"},"south":{"uv":[3,9.5,3.625,12.75],"texture":"#2"},"west":{"uv":[8.5,9.5,9.125,12.75],"texture":"#2"},"up":{"uv":[13.125,6.625,12.5,6],"texture":"#2"},"down":{"uv":[7.625,12.5,7,13.125],"texture":"#2"}}},{"from":[7.35,6,7.35],"to":[8.65,8,8.65],"rotation":{"angle":0,"axis":"y","origin":[7.5,7,7.5]},"faces":{"north":{"uv":[12,1.5,12.625,2.5],"texture":"#2"},"east":{"uv":[12,2.5,12.625,3.5],"texture":"#2"},"south":{"uv":[12,7,12.625,8],"texture":"#2"},"west":{"uv":[12,8,12.625,9],"texture":"#2"},"up":{"uv":[13.125,9.625,12.5,9],"texture":"#2"}}},{"from":[4,18.125,-1.025],"to":[12,26.125,-0.975],"rotation":{"angle":0,"axis":"x","origin":[8,27.625,8]},"faces":{"north":{"uv":[0,0,16,16],"rotation":270,"texture":"#3"},"south":{"uv":[0,16,16,0],"rotation":270,"texture":"#3"}}},{"from":[6,19,4.75],"to":[10,25,6.75],"rotation":{"angle":0,"axis":"y","origin":[6,19,4.75]},"faces":{"north":{"uv":[2.5,3.5,4.5,6.5],"texture":"#2"},"east":{"uv":[7,0,8,3],"texture":"#2"},"south":{"uv":[4.5,3.5,6.5,6.5],"texture":"#2"},"west":{"uv":[1,7,2,10],"texture":"#2"},"up":{"uv":[11,1,9,0],"texture":"#2"},"down":{"uv":[11,1,9,2],"texture":"#2"}}},{"from":[6,19,9.25],"to":[10,25,11.25],"rotation":{"angle":0,"axis":"y","origin":[6,19,11.25]},"faces":{"north":{"uv":[5,0,7,3],"texture":"#2"},"east":{"uv":[7.5,5.5,8.5,8.5],"texture":"#2"},"south":{"uv":[2.5,6.5,4.5,9.5],"texture":"#2"},"west":{"uv":[8,0,9,3],"texture":"#2"},"up":{"uv":[11,3,9,2],"texture":"#2"},"down":{"uv":[11.5,5,9.5,6],"texture":"#2"}}},{"from":[6.255,19.225,11.175],"to":[9.745,24,13.1],"rotation":{"angle":0,"axis":"x","origin":[8.005,23.975,12.35]},"faces":{"east":{"uv":[8.5,5,9.5,7.375],"texture":"#2"},"south":{"uv":[6.5,3,8.25,5.375],"texture":"#2"},"west":{"uv":[7.5,8.5,8.5,10.875],"texture":"#2"},"down":{"uv":[5.75,10,4,11],"texture":"#2"}}},{"from":[5.5,18.5,1.75],"to":[10.5,25.5,3.75],"rotation":{"angle":0,"axis":"y","origin":[6,19,1.75]},"faces":{"north":{"uv":[0,0,2.5,3.5],"texture":"#2"},"east":{"uv":[4.5,6.5,5.5,10],"texture":"#2"},"south":{"uv":[2.5,0,5,3.5],"texture":"#2"},"west":{"uv":[5.5,6.5,6.5,10],"texture":"#2"},"up":{"uv":[11,4,8.5,3],"texture":"#2"},"down":{"uv":[11,4,8.5,5],"texture":"#2"}}},{"from":[5.75,18.75,-0.25],"to":[10.25,25.25,1.75],"rotation":{"angle":0,"axis":"y","origin":[6,19,-0.25]},"faces":{"north":{"uv":[0,3.5,2.25,6.75],"texture":"#2"},"east":{"uv":[6.5,5.5,7.5,8.75],"texture":"#2"},"west":{"uv":[0,7,1,10.25],"texture":"#2"},"up":{"uv":[10.75,8.5,8.5,7.5],"texture":"#2"},"down":{"uv":[10.75,8.5,8.5,9.5],"texture":"#2"}}},{"from":[6.25,19.25,3.75],"to":[9.75,24.75,4.75],"rotation":{"angle":0,"axis":"y","origin":[6,19,2.75]},"faces":{"east":{"uv":[1,10,1.5,12.75],"texture":"#2"},"west":{"uv":[1.5,10,2,12.75],"texture":"#2"},"up":{"uv":[5.75,11.5,4,11],"texture":"#2"},"down":{"uv":[12.75,4.5,11,5],"texture":"#2"}}},{"from":[6,24,11.25],"to":[10,25,13.35],"rotation":{"angle":0,"axis":"y","origin":[8,24.5,14]},"faces":{"east":{"uv":[5,3,6,3.5],"texture":"#2"},"south":{"uv":[9.5,7,11.5,7.5],"texture":"#2"},"west":{"uv":[12.5,1,13.5,1.5],"texture":"#2"},"up":{"uv":[11.5,7,9.5,6],"texture":"#2"},"down":{"uv":[11.5,9.5,9.5,10.5],"texture":"#2"}}},{"from":[6.75,23.75,6.75],"to":[6.8,25.25,9.25],"rotation":{"angle":0,"axis":"y","origin":[6.75,24,5.25]},"faces":{"east":{"uv":[11,3.5,12.25,4.25],"texture":"#2"},"west":{"uv":[11,3.5,12.25,4.25],"texture":"#2"}}},{"from":[9.2,23.75,6.75],"to":[9.25,25.25,9.25],"rotation":{"angle":0,"axis":"y","origin":[9.25,24,5.25]},"faces":{"east":{"uv":[12.25,3.5,11,4.25],"texture":"#2"},"west":{"uv":[12.25,3.5,11,4.25],"texture":"#2"}}},{"from":[6.75,18.75,6.75],"to":[6.8,20.25,9.25],"rotation":{"angle":0,"axis":"y","origin":[6.75,-8,5.25]},"faces":{"east":{"uv":[11,4.25,12.25,3.5],"texture":"#2"},"west":{"uv":[11,4.25,12.25,3.5],"texture":"#2"}}},{"from":[9.2,18.75,6.75],"to":[9.25,20.25,9.25],"rotation":{"angle":0,"axis":"y","origin":[9.25,-8,5.25]},"faces":{"east":{"uv":[12.25,4.25,11,3.5],"texture":"#2"},"west":{"uv":[12.25,4.25,11,3.5],"texture":"#2"}}},{"from":[6.725,20.23986,7.1],"to":[6.775,24.43986,8.9],"rotation":{"angle":22.5,"axis":"y","origin":[6.75,22.33986,8]},"faces":{"east":{"uv":[3.5,0,0,8.5],"texture":"#0"},"west":{"uv":[0,0,3.5,8.5],"texture":"#0"}}},{"from":[9.225,20.23986,7.1],"to":[9.275,24.43986,8.9],"rotation":{"angle":-22.5,"axis":"y","origin":[9.25,22.33986,8]},"faces":{"east":{"uv":[3.5,0,0,8.5],"texture":"#0"},"west":{"uv":[0,0,3.5,8.5],"texture":"#0"}}}],"gui_light":"front","display":{"thirdperson_righthand":{"translation":[0,-4,1.25]},"thirdperson_lefthand":{"translation":[0,-4,1.25]},"firstperson_righthand":{"rotation":[-10,0,0],"translation":[0,-4.5,0]},"firstperson_lefthand":{"rotation":[-10,0,0],"translation":[0,-4.5,0]},"ground":{"translation":[0,10,0]},"gui":{"rotation":[-90,45,90],"translation":[4.25,-3.5,0],"scale":[0.73437,0.73437,0.73437]},"head":{"scale":[0,0,0]},"fixed":{"rotation":[0,-90,0],"translation":[0,-13.5,-0.5],"scale":[2.5,2.5,2.5]}}}