{"credit":"Made with Blockbench","textures":{"0":"demon_lord:texture","1":"demon_lord:eye","particle":"demon_lord:texture"},"elements":[{"from":[7.425,2.92214,8.00794],"to":[8.575,3.92214,10.65794],"rotation":{"angle":0,"axis":"x","origin":[8,0.20356,8]},"faces":{"north":{"uv":[3.25,6.375,3.5625,6.25],"texture":"#0"},"east":{"uv":[6.25,3.5,6.5625,3.375],"texture":"#0"},"south":{"uv":[6.25,3.75,6.5625,3.625],"texture":"#0"},"west":{"uv":[3.75,6.375,4.0625,6.25],"texture":"#0"},"up":{"uv":[5.3125,1.8125,5,1.5],"texture":"#0"},"down":{"uv":[5.3125,1,5,1.3125],"texture":"#0"}}},{"from":[7.425,1.42214,8.30794],"to":[8.575,2.42214,9.40794],"rotation":{"angle":0,"axis":"x","origin":[8,0.20356,8]},"faces":{"north":{"uv":[6.25,4,6.5625,3.875],"texture":"#0"},"east":{"uv":[6.75,3.625,6.875,3.5],"texture":"#0"},"south":{"uv":[4.25,6.375,4.5625,6.25],"texture":"#0"},"west":{"uv":[6.75,3.875,6.875,3.75],"texture":"#0"},"up":{"uv":[5.5625,6.375,5.25,6.25],"texture":"#0"},"down":{"uv":[5.0625,6.25,4.75,6.375],"texture":"#0"}}},{"from":[7.35,-1.59289,7.35],"to":[8.65,4.40711,8.65],"rotation":{"angle":45,"axis":"y","origin":[8,0.20356,8]},"faces":{"north":{"uv":[0,4.375,0.1875,5.125],"rotation":180,"texture":"#0"},"east":{"uv":[4.25,3.75,4.4375,4.5],"rotation":180,"texture":"#0"},"south":{"uv":[3.875,3.75,4.0625,4.5],"rotation":180,"texture":"#0"},"west":{"uv":[0.375,4.375,0.5625,5.125],"rotation":180,"texture":"#0"},"up":{"uv":[6.6875,0,6.5,0.1875],"texture":"#0"},"down":{"uv":[6.4375,6.5625,6.25,6.375],"texture":"#0"}}},{"from":[7,-2.99289,7],"to":[9,-1.59289,9],"rotation":{"angle":45,"axis":"y","origin":[8,0.20356,8]},"faces":{"north":{"uv":[5.625,5.625,5.875,5.8125],"rotation":180,"texture":"#0"},"east":{"uv":[5.625,5.25,5.875,5.4375],"rotation":180,"texture":"#0"},"south":{"uv":[5.25,5.625,5.5,5.8125],"rotation":180,"texture":"#0"},"west":{"uv":[5.75,1.125,6,1.3125],"rotation":180,"texture":"#0"},"up":{"uv":[5.75,3,5.5,3.25],"texture":"#0"},"down":{"uv":[5.75,2.875,5.5,2.625],"texture":"#0"}}},{"from":[7,4.40711,7],"to":[9,5.80711,9],"rotation":{"angle":45,"axis":"y","origin":[8,0.20356,8]},"faces":{"north":{"uv":[5.625,5.625,5.875,5.8125],"rotation":180,"texture":"#0"},"east":{"uv":[5.625,5.25,5.875,5.4375],"rotation":180,"texture":"#0"},"south":{"uv":[5.25,5.625,5.5,5.8125],"rotation":180,"texture":"#0"},"west":{"uv":[5.75,1.125,6,1.3125],"rotation":180,"texture":"#0"},"up":{"uv":[5.75,3,5.5,3.25],"texture":"#0"},"down":{"uv":[5.75,2.875,5.5,2.625],"texture":"#0"}}},{"from":[6.55,3.16587,10.96231],"to":[9.45,5.16587,12.96231],"rotation":{"angle":-45,"axis":"x","origin":[8,0.20356,8]},"faces":{"north":{"uv":[5,3.375,5.375,3.625],"rotation":180,"texture":"#0"},"east":{"uv":[5.5,4.875,5.75,5.125],"rotation":180,"texture":"#0"},"south":{"uv":[5,3,5.375,3.25],"rotation":180,"texture":"#0"},"west":{"uv":[0,5.625,0.25,5.875],"rotation":180,"texture":"#0"},"up":{"uv":[5.375,4.125,5,4.375],"texture":"#0"},"down":{"uv":[5.375,4,5,3.75],"texture":"#0"}}},{"from":[6.55,-3.05667,4.73977],"to":[9.45,-2.05667,7.73977],"rotation":{"angle":-45,"axis":"x","origin":[8,0.20356,8]},"faces":{"north":{"uv":[5.875,4.625,6.25,4.75],"rotation":180,"texture":"#0"},"east":{"uv":[5.875,4.375,6.25,4.5],"rotation":180,"texture":"#0"},"south":{"uv":[5.875,4.125,6.25,4.25],"rotation":180,"texture":"#0"},"west":{"uv":[5.875,4.875,6.25,5],"rotation":180,"texture":"#0"},"up":{"uv":[1.625,4.375,1.25,4.75],"texture":"#0"},"down":{"uv":[1.125,4.75,0.75,4.375],"texture":"#0"}}},{"from":[6.55,-3.05667,8.26023],"to":[9.45,-2.05667,10.26023],"rotation":{"angle":45,"axis":"x","origin":[8,0.20356,8]},"faces":{"north":{"uv":[6,0.25,6.375,0.375],"rotation":180,"texture":"#0"},"east":{"uv":[6.5,0.75,6.75,0.875],"rotation":180,"texture":"#0"},"south":{"uv":[6,0,6.375,0.125],"rotation":180,"texture":"#0"},"west":{"uv":[6.625,4.125,6.875,4.25],"rotation":180,"texture":"#0"},"up":{"uv":[5.375,4.875,5,5.125],"texture":"#0"},"down":{"uv":[5.375,4.75,5,4.5],"texture":"#0"}}},{"from":[6.55,-5.05667,8.26023],"to":[9.45,-3.05667,9.26023],"rotation":{"angle":45,"axis":"x","origin":[8,0.20356,8]},"faces":{"north":{"uv":[2.25,5.125,2.625,5.375],"rotation":180,"texture":"#0"},"east":{"uv":[6,6.5,6.125,6.75],"rotation":180,"texture":"#0"},"south":{"uv":[1.75,5.125,2.125,5.375],"rotation":180,"texture":"#0"},"west":{"uv":[6.625,4.375,6.75,4.625],"rotation":180,"texture":"#0"},"up":{"uv":[6.375,0.75,6,0.875],"texture":"#0"},"down":{"uv":[6.375,0.625,6,0.5],"texture":"#0"}}},{"from":[6.6,-4.48421,6.37546],"to":[9.4,-1.98421,7.37546],"rotation":{"angle":22.5,"axis":"x","origin":[8,0.20356,8]},"faces":{"north":{"uv":[1.25,4.875,1.625,5.1875],"rotation":180,"texture":"#0"},"east":{"uv":[6.125,1.875,6.25,2.1875],"rotation":180,"texture":"#0"},"south":{"uv":[0.75,4.875,1.125,5.1875],"rotation":180,"texture":"#0"},"west":{"uv":[0.5,6.25,0.625,6.5625],"rotation":180,"texture":"#0"},"up":{"uv":[3.625,6,3.25,6.125],"texture":"#0"},"down":{"uv":[3.125,6.125,2.75,6],"texture":"#0"}}},{"from":[6.55,-5.05667,9.26023],"to":[9.45,-4.05667,10.26023],"rotation":{"angle":45,"axis":"x","origin":[8,0.20356,8]},"faces":{"north":{"uv":[6,5.125,6.375,5.25],"rotation":180,"texture":"#0"},"east":{"uv":[6.75,3,6.875,3.125],"rotation":180,"texture":"#0"},"south":{"uv":[4.5,6,4.875,6.125],"rotation":180,"texture":"#0"},"west":{"uv":[6.75,3.25,6.875,3.375],"rotation":180,"texture":"#0"},"up":{"uv":[6.375,5.375,6,5.5],"texture":"#0"},"down":{"uv":[5.625,6.125,5.25,6],"texture":"#0"}}},{"from":[6.55,-5.05667,5.73977],"to":[9.45,-4.05667,6.73977],"rotation":{"angle":-45,"axis":"x","origin":[8,0.20356,8]},"faces":{"north":{"uv":[4.875,6,4.5,6.125],"rotation":180,"texture":"#0"},"east":{"uv":[6.875,3,6.75,3.125],"rotation":180,"texture":"#0"},"south":{"uv":[6.375,5.125,6,5.25],"rotation":180,"texture":"#0"},"west":{"uv":[6.875,3.25,6.75,3.375],"rotation":180,"texture":"#0"},"up":{"uv":[6.375,5.5,6,5.375],"texture":"#0"},"down":{"uv":[5.625,6,5.25,6.125],"texture":"#0"}}},{"from":[6.55,-5.05667,6.73977],"to":[9.45,-3.05667,7.73977],"rotation":{"angle":-45,"axis":"x","origin":[8,0.20356,8]},"faces":{"north":{"uv":[2.125,5.125,1.75,5.375],"rotation":180,"texture":"#0"},"east":{"uv":[6.125,6.5,6,6.75],"rotation":180,"texture":"#0"},"south":{"uv":[2.625,5.125,2.25,5.375],"rotation":180,"texture":"#0"},"west":{"uv":[6.75,4.375,6.625,4.625],"rotation":180,"texture":"#0"},"up":{"uv":[6.375,0.875,6,0.75],"texture":"#0"},"down":{"uv":[6.375,0.5,6,0.625],"texture":"#0"}}},{"from":[6.6,-4.48421,8.62454],"to":[9.4,-1.98421,9.62454],"rotation":{"angle":-22.5,"axis":"x","origin":[8,0.20356,8]},"faces":{"north":{"uv":[1.125,4.875,0.75,5.1875],"rotation":180,"texture":"#0"},"east":{"uv":[6.25,1.875,6.125,2.1875],"rotation":180,"texture":"#0"},"south":{"uv":[1.625,4.875,1.25,5.1875],"rotation":180,"texture":"#0"},"west":{"uv":[0.625,6.25,0.5,6.5625],"rotation":180,"texture":"#0"},"up":{"uv":[3.625,6.125,3.25,6],"texture":"#0"},"down":{"uv":[3.125,6,2.75,6.125],"texture":"#0"}}},{"from":[7.05,-5.78375,9.93731],"to":[8.95,-1.73375,13.98731],"rotation":{"angle":45,"axis":"x","origin":[8,0.20356,8]},"faces":{"north":{"uv":[5.8125,6.5,5.9375,7.0625],"rotation":180,"texture":"#0"},"east":{"uv":[3.875,2.25,4.4375,2.8125],"rotation":180,"texture":"#0"},"south":{"uv":[5.4375,6.5,5.5625,7.0625],"rotation":180,"texture":"#0"},"west":{"uv":[4.4375,2.25,3.875,2.8125],"rotation":180,"texture":"#0"},"up":{"uv":[5.625,6.5,5.75,7.0625],"texture":"#0"},"down":{"uv":[5.25,6.5,5.375,7.0625],"texture":"#0"}}},{"from":[7.15,-7.275,6.125],"to":[8.85,-3.525,9.875],"rotation":{"angle":0,"axis":"y","origin":[8,0.20356,8]},"faces":{"east":{"uv":[16,0,0,16],"rotation":180,"texture":"#1"},"west":{"uv":[0,0,16,16],"rotation":180,"texture":"#1"}}}],"gui_light":"front","display":{"thirdperson_righthand":{"translation":[0,6.25,1.25],"scale":[0.45,0.45,0.45]},"thirdperson_lefthand":{"translation":[0,6.25,1.25],"scale":[0.45,0.45,0.45]},"firstperson_righthand":{"rotation":[-7.46,-10.08,2.94],"translation":[15.25,2.5,-11.5],"scale":[0.78,0.78,0.78]},"firstperson_lefthand":{"rotation":[-7.46,-10.08,2.94],"translation":[15.25,2.5,-11.5],"scale":[0.78,0.78,0.78]},"ground":{"rotation":[0,0,148],"translation":[0,-1.75,0],"scale":[0.47,0.47,0.47]},"gui":{"rotation":[90,-45,90],"translation":[-3.5,3.5,0],"scale":[0.75,0.75,0.75]},"head":{"scale":[0.01,0.01,0.01]},"fixed":{"rotation":[0,90,0],"translation":[0,13.5,-0.75],"scale":[1.63,1.63,1.63]}}}