{"credit":"142693 / 061478NP9K776ODFY","textures":{"0":"demon_lord:texture","1":"demon_lord:eye","2":"demon_lord:smoke","3":"demon_lord:eff_01","particle":"demon_lord:texture"},"elements":[{"from":[7.25,-0.68211,-0.625],"to":[8.75,16.56789,16.625],"rotation":{"angle":0,"axis":"x","origin":[8,9.7,8]},"faces":{"east":{"uv":[0,0,16,16],"rotation":180,"texture":"#3"},"west":{"uv":[16,0,0,16],"rotation":180,"texture":"#3"}}},{"from":[7.8,3.125,5.275],"to":[8.2,16.875,19.025],"rotation":{"angle":-45,"axis":"x","origin":[8,12.24289,9]},"faces":{"east":{"uv":[0,16,16,0],"rotation":180,"texture":"#2"},"west":{"uv":[16,16,0,0],"rotation":180,"texture":"#2"}}},{"from":[7.8,3.125,-3.025],"to":[8.2,16.875,10.725],"rotation":{"angle":45,"axis":"x","origin":[8,12.24289,7]},"faces":{"east":{"uv":[16,16,0,0],"rotation":180,"texture":"#2"},"west":{"uv":[0,16,16,0],"rotation":180,"texture":"#2"}}},{"from":[8.8,11.50045,3.27593],"to":[10.2,12.50045,4.37593],"rotation":{"angle":22.5,"axis":"x","origin":[10,14.95,7]},"faces":{"north":{"uv":[4.5625,6.25,4.25,6.375],"texture":"#0"},"east":{"uv":[6.875,3.5,6.75,3.625],"texture":"#0"},"south":{"uv":[6.5625,3.875,6.25,4],"texture":"#0"},"west":{"uv":[6.875,3.75,6.75,3.875],"texture":"#0"},"up":{"uv":[5.0625,6.25,4.75,6.375],"texture":"#0"},"down":{"uv":[5.5625,6.375,5.25,6.25],"texture":"#0"}}},{"from":[8.8,10.50045,3.27593],"to":[10.2,11.50045,5.92593],"rotation":{"angle":22.5,"axis":"x","origin":[10,14.95,7]},"faces":{"north":{"uv":[6.5625,3.625,6.25,3.75],"texture":"#0"},"east":{"uv":[6.5625,3.375,6.25,3.5],"texture":"#0"},"south":{"uv":[3.5625,6.25,3.25,6.375],"texture":"#0"},"west":{"uv":[4.0625,6.25,3.75,6.375],"texture":"#0"},"up":{"uv":[5.3125,1,5,1.3125],"texture":"#0"},"down":{"uv":[5.3125,1.8125,5,1.5],"texture":"#0"}}},{"from":[8.8,10.50045,10.07407],"to":[10.2,11.50045,12.72407],"rotation":{"angle":-22.5,"axis":"x","origin":[10,14.95,9]},"faces":{"north":{"uv":[3.25,6.25,3.5625,6.375],"texture":"#0"},"east":{"uv":[6.25,3.375,6.5625,3.5],"texture":"#0"},"south":{"uv":[6.25,3.625,6.5625,3.75],"texture":"#0"},"west":{"uv":[3.75,6.25,4.0625,6.375],"texture":"#0"},"up":{"uv":[5.3125,1.3125,5,1],"texture":"#0"},"down":{"uv":[5.3125,1.5,5,1.8125],"texture":"#0"}}},{"from":[8.8,11.50045,11.62407],"to":[10.2,12.50045,12.72407],"rotation":{"angle":-22.5,"axis":"x","origin":[10,14.95,9]},"faces":{"north":{"uv":[6.25,3.875,6.5625,4],"texture":"#0"},"east":{"uv":[6.75,3.5,6.875,3.625],"texture":"#0"},"south":{"uv":[4.25,6.25,4.5625,6.375],"texture":"#0"},"west":{"uv":[6.75,3.75,6.875,3.875],"texture":"#0"},"up":{"uv":[5.0625,6.375,4.75,6.25],"texture":"#0"},"down":{"uv":[5.5625,6.25,5.25,6.375],"texture":"#0"}}},{"from":[7.55,5.96577,2.58894],"to":[8.45,10.21577,4.58894],"rotation":{"angle":45,"axis":"x","origin":[8,2.55472,8]},"faces":{"north":{"uv":[2.5,4.9375,2.625,4.375],"texture":"#0"},"east":{"uv":[1.75,4.9375,2,4.375],"texture":"#0"},"south":{"uv":[5.5,1.6875,5.625,1.125],"texture":"#0"},"west":{"uv":[2.125,4.9375,2.375,4.375],"texture":"#0"},"up":{"uv":[6.875,2.875,6.75,2.625],"texture":"#0"},"down":{"uv":[2.375,6.75,2.25,7],"texture":"#0"}}},{"from":[7.55,5.96577,0.33894],"to":[8.45,7.86577,2.58894],"rotation":{"angle":45,"axis":"x","origin":[8,2.55472,8]},"faces":{"north":{"uv":[0.75,7,0.875,6.75],"texture":"#0"},"east":{"uv":[5.5,0.625,5.8125,0.375],"texture":"#0"},"south":{"uv":[2,7,2.125,6.75],"texture":"#0"},"west":{"uv":[5.5,1,5.8125,0.75],"texture":"#0"},"up":{"uv":[6.5,4.9375,6.375,4.625],"texture":"#0"},"down":{"uv":[6.875,4.9375,6.75,5.25],"texture":"#0"}}},{"from":[7.65,5.40052,8.25833],"to":[8.35,11.00052,9.55833],"rotation":{"angle":-22.5,"axis":"x","origin":[8,2.55472,8]},"faces":{"north":{"uv":[6.1875,6.375,6.125,5.625],"texture":"#0"},"east":{"uv":[4.8125,0.75,4.625,0],"texture":"#0"},"south":{"uv":[0.0625,6.75,0,6],"texture":"#0"},"west":{"uv":[4.8125,2.5,4.625,1.75],"texture":"#0"},"up":{"uv":[3.0625,6.875,3,7.0625],"texture":"#0"},"down":{"uv":[2.8125,7.0625,2.75,6.875],"texture":"#0"}}},{"from":[7.65,5.40052,6.44167],"to":[8.35,11.00052,7.74167],"rotation":{"angle":22.5,"axis":"x","origin":[8,2.55472,8]},"faces":{"north":{"uv":[0,6.75,0.0625,6],"texture":"#0"},"east":{"uv":[4.625,0.75,4.8125,0],"texture":"#0"},"south":{"uv":[6,6.375,6.0625,5.625],"texture":"#0"},"west":{"uv":[4.625,1.625,4.8125,0.875],"texture":"#0"},"up":{"uv":[3.0625,7.0625,3,6.875],"texture":"#0"},"down":{"uv":[2.8125,6.875,2.75,7.0625],"texture":"#0"}}},{"from":[7.6,-0.75,6.35],"to":[8.4,9.9,9.65],"rotation":{"angle":0,"axis":"x","origin":[8,2.55472,8]},"faces":{"north":{"uv":[2.75,2.75,2.8125,1.375],"texture":"#0"},"east":{"uv":[3.1875,2.75,2.75,1.375],"texture":"#0"},"south":{"uv":[3.125,2.75,3.1875,1.375],"texture":"#0"},"west":{"uv":[2.75,2.75,3.1875,1.375],"texture":"#0"},"up":{"uv":[5.125,6.0625,5,5.625],"texture":"#0"},"down":{"uv":[2.625,5.5,2.5,5.9375],"texture":"#0"}}},{"from":[7.65,-1.45757,6.46333],"to":[8.35,4.54243,7.76333],"rotation":{"angle":22.5,"axis":"x","origin":[8,2.55472,8]},"faces":{"north":{"uv":[1.125,6.875,1.1875,6.125],"texture":"#0"},"east":{"uv":[4.4375,5.375,4.25,4.625],"texture":"#0"},"south":{"uv":[1.375,6.875,1.4375,6.125],"texture":"#0"},"west":{"uv":[4.25,5.375,4.4375,4.625],"texture":"#0"},"up":{"uv":[4.0625,7.0625,4,6.875],"texture":"#0"},"down":{"uv":[3.8125,6.875,3.75,7.0625],"texture":"#0"}}},{"from":[7.55,-1.80603,3.63925],"to":[8.45,2.44397,7.88925],"rotation":{"angle":-45,"axis":"x","origin":[8,2.55472,8]},"faces":{"north":{"uv":[1.75,6.0625,1.875,5.5],"texture":"#0"},"east":{"uv":[4.4375,3.5625,3.875,3],"texture":"#0"},"south":{"uv":[5.5,2.4375,5.625,1.875],"texture":"#0"},"west":{"uv":[3.875,3.5625,4.4375,3],"texture":"#0"},"up":{"uv":[2.375,6.0625,2.25,5.5],"texture":"#0"},"down":{"uv":[2.125,5.5,2,6.0625],"texture":"#0"}}},{"from":[7.65,-1.45757,8.23667],"to":[8.35,4.54243,9.53667],"rotation":{"angle":-22.5,"axis":"x","origin":[8,2.55472,8]},"faces":{"north":{"uv":[1.5625,6.875,1.5,6.125],"texture":"#0"},"east":{"uv":[4.8125,4.25,4.625,3.5],"texture":"#0"},"south":{"uv":[1.3125,6.875,1.25,6.125],"texture":"#0"},"west":{"uv":[4.0625,5.375,3.875,4.625],"texture":"#0"},"up":{"uv":[4.0625,6.875,4,7.0625],"texture":"#0"},"down":{"uv":[3.8125,7.0625,3.75,6.875],"texture":"#0"}}},{"from":[8.85,9.46207,7.96618],"to":[10.15,10.56207,10.66618],"rotation":{"angle":-45,"axis":"x","origin":[10,14.95,9]},"faces":{"north":{"uv":[6.125,2.375,6.4375,2.5],"texture":"#0"},"east":{"uv":[1.625,6.25,1.9375,6.375],"texture":"#0"},"south":{"uv":[6.25,2.625,6.5625,2.75],"texture":"#0"},"west":{"uv":[2.75,6.25,3.0625,6.375],"texture":"#0"},"up":{"uv":[5.3125,0.3125,5,0],"texture":"#0"},"down":{"uv":[5.3125,0.5,5,0.8125],"texture":"#0"}}},{"from":[8.85,9.46207,5.33382],"to":[10.15,10.56207,8.03382],"rotation":{"angle":45,"axis":"x","origin":[10,14.95,7]},"faces":{"north":{"uv":[6.5625,2.625,6.25,2.75],"texture":"#0"},"east":{"uv":[1.9375,6.25,1.625,6.375],"texture":"#0"},"south":{"uv":[6.4375,2.375,6.125,2.5],"texture":"#0"},"west":{"uv":[3.0625,6.25,2.75,6.375],"texture":"#0"},"up":{"uv":[5.3125,0,5,0.3125],"texture":"#0"},"down":{"uv":[5.3125,0.8125,5,0.5],"texture":"#0"}}},{"from":[8,-7.4,2.24948],"to":[8,14.35,8.04948],"rotation":{"angle":-22.5,"axis":"y","origin":[8,2.6,7.39948]},"faces":{"east":{"uv":[9.375,4.3125,10.0625,1.4375],"rotation":180,"texture":"#0"},"west":{"uv":[10.0625,4.3125,9.375,1.4375],"rotation":180,"texture":"#0"}}},{"from":[7.61732,-7.4,8.02664],"to":[7.61732,14.35,13.82664],"rotation":{"angle":22.5,"axis":"y","origin":[7.61732,2.6,7.67664]},"faces":{"east":{"uv":[10.125,4.3125,10.8125,1.4375],"rotation":180,"texture":"#0"},"west":{"uv":[10.8125,4.3125,10.125,1.4375],"rotation":180,"texture":"#0"}}},{"from":[6.8,-4.05541,7.43716],"to":[9.7,-2.05541,9.43716],"rotation":{"angle":45,"axis":"x","origin":[8.25,-2.61824,8]},"faces":{"north":{"uv":[5.375,4.125,5,4.375],"rotation":180,"texture":"#0"},"east":{"uv":[5.5,4.875,5.75,5.125],"rotation":270,"texture":"#0"},"south":{"uv":[5.375,4,5,3.75],"texture":"#0"},"west":{"uv":[0,5.625,0.25,5.875],"rotation":90,"texture":"#0"},"up":{"uv":[5,3,5.375,3.25],"rotation":180,"texture":"#0"},"down":{"uv":[5,3.375,5.375,3.625],"texture":"#0"}}},{"from":[7.05,-3.57444,3.07556],"to":[9.45,-1.57444,5.07556],"rotation":{"angle":-45,"axis":"x","origin":[8.25,1.35,8]},"faces":{"north":{"uv":[0,5.25,0.3125,5.5],"texture":"#0"},"east":{"uv":[3.375,5.625,3.625,5.875],"texture":"#0"},"south":{"uv":[3.375,5.25,3.6875,5.5],"texture":"#0"},"west":{"uv":[4.625,5.625,4.875,5.875],"texture":"#0"},"up":{"uv":[4.9375,5.5,4.625,5.25],"texture":"#0"},"down":{"uv":[5.4375,5.25,5.125,5.5],"texture":"#0"}}},{"from":[8.55,9.10061,12.05061],"to":[10.45,11.10061,13.05061],"rotation":{"angle":-45,"axis":"x","origin":[10,10.05,9]},"faces":{"north":{"uv":[1.75,5.375,2.125,5.125],"texture":"#0"},"east":{"uv":[6,6.75,6.125,6.5],"texture":"#0"},"south":{"uv":[2.25,5.375,2.625,5.125],"texture":"#0"},"west":{"uv":[6.625,4.625,6.75,4.375],"texture":"#0"},"up":{"uv":[6.375,0.875,6,0.75],"texture":"#0"},"down":{"uv":[6.375,0.5,6,0.625],"texture":"#0"}}},{"from":[8.55,9.10061,11.05061],"to":[10.45,10.10061,12.05061],"rotation":{"angle":-45,"axis":"x","origin":[10,10.05,9]},"faces":{"north":{"uv":[4.5,6.125,4.875,6],"texture":"#0"},"east":{"uv":[6.75,3.125,6.875,3],"texture":"#0"},"south":{"uv":[6,5.25,6.375,5.125],"texture":"#0"},"west":{"uv":[6.75,3.375,6.875,3.25],"texture":"#0"},"up":{"uv":[6.375,5.5,6,5.375],"texture":"#0"},"down":{"uv":[5.625,6,5.25,6.125],"texture":"#0"}}},{"from":[8.55,9.10061,3.94939],"to":[10.45,10.10061,4.94939],"rotation":{"angle":45,"axis":"x","origin":[10,10.05,7]},"faces":{"north":{"uv":[6.375,5.25,6,5.125],"texture":"#0"},"east":{"uv":[6.875,3.125,6.75,3],"texture":"#0"},"south":{"uv":[4.875,6.125,4.5,6],"texture":"#0"},"west":{"uv":[6.875,3.375,6.75,3.25],"texture":"#0"},"up":{"uv":[6.375,5.375,6,5.5],"texture":"#0"},"down":{"uv":[5.625,6.125,5.25,6],"texture":"#0"}}},{"from":[8.55,9.10061,2.94939],"to":[10.45,11.10061,3.94939],"rotation":{"angle":45,"axis":"x","origin":[10,10.05,7]},"faces":{"north":{"uv":[2.625,5.375,2.25,5.125],"texture":"#0"},"east":{"uv":[6.125,6.75,6,6.5],"texture":"#0"},"south":{"uv":[2.125,5.375,1.75,5.125],"texture":"#0"},"west":{"uv":[6.75,4.625,6.625,4.375],"texture":"#0"},"up":{"uv":[6.375,0.75,6,0.875],"texture":"#0"},"down":{"uv":[6.375,0.625,6,0.5],"texture":"#0"}}},{"from":[7.05,-4.39589,5.90365],"to":[9.45,-3.39589,7.90365],"rotation":{"angle":45,"axis":"x","origin":[8.25,-2.61824,8]},"faces":{"north":{"uv":[6.6875,1,6.375,1.125],"rotation":180,"texture":"#0"},"east":{"uv":[6.625,6.625,6.75,6.875],"rotation":270,"texture":"#0"},"south":{"uv":[6.5625,6.25,6.25,6.125],"texture":"#0"},"west":{"uv":[0.5,6.75,0.625,7],"rotation":90,"texture":"#0"},"up":{"uv":[1.25,5.375,1.5625,5.625],"rotation":180,"texture":"#0"},"down":{"uv":[5.5,0,5.8125,0.25],"texture":"#0"}}},{"from":[7.05,-3.39589,5.90365],"to":[9.45,-2.39589,6.90365],"rotation":{"angle":45,"axis":"x","origin":[8.25,-2.61824,8]},"faces":{"north":{"uv":[6.6875,2,6.375,2.125],"rotation":180,"texture":"#0"},"east":{"uv":[6.75,5.5,6.875,5.625],"rotation":270,"texture":"#0"},"south":{"uv":[6.6875,1.875,6.375,1.75],"texture":"#0"},"west":{"uv":[6.75,5.75,6.875,5.875],"rotation":90,"texture":"#0"},"up":{"uv":[6.375,1.25,6.6875,1.375],"rotation":180,"texture":"#0"},"down":{"uv":[6.375,1.5,6.6875,1.625],"texture":"#0"}}},{"from":[7.05,-2.52189,8.77765],"to":[9.45,-0.52189,9.77765],"rotation":{"angle":45,"axis":"x","origin":[8.25,-2.61824,8]},"faces":{"north":{"uv":[1.5625,5.375,1.25,5.625],"rotation":180,"texture":"#0"},"east":{"uv":[6.75,6.625,6.625,6.875],"rotation":180,"texture":"#0"},"south":{"uv":[5.8125,0,5.5,0.25],"rotation":180,"texture":"#0"},"west":{"uv":[0.625,6.75,0.5,7],"rotation":180,"texture":"#0"},"up":{"uv":[6.6875,1.125,6.375,1],"texture":"#0"},"down":{"uv":[6.5625,6.125,6.25,6.25],"texture":"#0"}}},{"from":[7.05,-1.52189,7.77765],"to":[9.45,-0.52189,8.77765],"rotation":{"angle":45,"axis":"x","origin":[8.25,-2.61824,8]},"faces":{"north":{"uv":[6.6875,1.25,6.375,1.375],"rotation":180,"texture":"#0"},"east":{"uv":[6.875,5.5,6.75,5.625],"rotation":180,"texture":"#0"},"south":{"uv":[6.6875,1.5,6.375,1.625],"rotation":180,"texture":"#0"},"west":{"uv":[6.875,5.75,6.75,5.875],"rotation":180,"texture":"#0"},"up":{"uv":[6.6875,2.125,6.375,2],"texture":"#0"},"down":{"uv":[6.6875,1.75,6.375,1.875],"texture":"#0"}}},{"from":[7.05,10.02353,6.32353],"to":[8.95,14.07353,10.37353],"rotation":{"angle":-45,"axis":"x","origin":[8,11.7,8]},"faces":{"north":{"uv":[5.4375,7.0625,5.5625,6.5],"texture":"#0"},"east":{"uv":[3.875,2.8125,4.4375,2.25],"texture":"#0"},"south":{"uv":[5.8125,7.0625,5.9375,6.5],"texture":"#0"},"west":{"uv":[4.4375,2.8125,3.875,2.25],"texture":"#0"},"up":{"uv":[5.625,7.0625,5.75,6.5],"texture":"#0"},"down":{"uv":[5.25,7.0625,5.375,6.5],"texture":"#0"}}},{"from":[7.15,10.31789,6.125],"to":[8.85,14.06789,9.875],"rotation":{"angle":0,"axis":"x","origin":[8,11.7,8]},"faces":{"east":{"uv":[16,16,0,0],"texture":"#1"},"west":{"uv":[0,16,16,0],"texture":"#1"}}}],"gui_light":"front","display":{"thirdperson_righthand":{"rotation":[0,180,0],"translation":[5.25,0.75,0],"scale":[1.31,1.31,1.31]},"thirdperson_lefthand":{"translation":[5.25,0.75,0],"scale":[1.31,1.31,1.31]},"firstperson_righthand":{"rotation":[153.58,-79.4,153.07],"translation":[2.5,0,-2.25]},"firstperson_lefthand":{"rotation":[-18.27,73.72,22.68],"translation":[2.5,0,-2.25]},"ground":{"rotation":[0,0,-32],"translation":[0,3.5,0],"scale":[0.61,0.61,0.61]},"gui":{"rotation":[0,90,0],"translation":[0,1.75,0],"scale":[0.73,0.73,0.73]},"head":{"scale":[0.01,0.01,0.01]},"fixed":{"rotation":[0,-90,0],"translation":[0,5.25,-4.25],"scale":[2,2,2]}}}