{"credit":"Made with Blockbench","textures":{"0":"demon_lord:texture","1":"demon_lord:eye","2":"demon_lord:smoke","3":"demon_lord:eff_01","4":"demon_lord:wings","5":"demon_lord:ring2","6":"demon_lord:ring1","particle":"demon_lord:texture"},"elements":[{"from":[-3.85,4.825,7.3],"to":[6.15,14.575,7.3],"rotation":{"angle":22.5,"axis":"y","origin":[6.15,9.7,7.3]},"faces":{"north":{"uv":[1.5,1.5,0,0],"rotation":180,"texture":"#4"},"south":{"uv":[0,1.5,1.5,0],"rotation":180,"texture":"#4"}}},{"from":[-13.0888,4.825,11.12683],"to":[-3.0888,14.575,11.12683],"rotation":{"angle":45,"axis":"y","origin":[-3.0888,9.7,11.12683]},"faces":{"north":{"uv":[3,1.5,1.5,0],"rotation":180,"texture":"#4"},"south":{"uv":[1.5,1.5,3,0],"rotation":180,"texture":"#4"}}},{"from":[-3.85,4.825,7.3],"to":[6.15,14.575,7.3],"rotation":{"angle":45,"axis":"y","origin":[6.15,9.7,7.3]},"faces":{"north":{"uv":[5.5,1.5,4,0],"rotation":180,"texture":"#4"},"south":{"uv":[4,1.5,5.5,0],"rotation":180,"texture":"#4"}}},{"from":[-0.92107,4.825,14.37107],"to":[-0.92107,14.575,24.37107],"rotation":{"angle":-22.5,"axis":"y","origin":[-0.92107,9.7,14.37107]},"faces":{"east":{"uv":[5.5,1.5,7,0],"rotation":180,"texture":"#4"},"west":{"uv":[7,1.5,5.5,0],"rotation":180,"texture":"#4"}}},{"from":[-3.85,4.825,7.3],"to":[6.15,14.575,7.3],"rotation":{"angle":45,"axis":"y","origin":[6.15,9.7,7.3]},"faces":{"north":{"uv":[9.5,1.5,8,0],"rotation":180,"texture":"#4"},"south":{"uv":[8,1.5,9.5,0],"rotation":180,"texture":"#4"}}},{"from":[-0.92107,4.825,14.37107],"to":[-0.92107,14.575,24.37107],"rotation":{"angle":0,"axis":"y","origin":[-0.92107,9.7,14.37107]},"faces":{"east":{"uv":[9.5,1.5,11,0],"rotation":180,"texture":"#4"},"west":{"uv":[11,1.5,9.5,0],"rotation":180,"texture":"#4"}}},{"from":[-3.85,4.825,7.3],"to":[6.15,14.575,7.3],"rotation":{"angle":0,"axis":"y","origin":[6.15,9.7,7.3]},"faces":{"north":{"uv":[13.5,1.5,12,0],"rotation":180,"texture":"#4"},"south":{"uv":[12,1.5,13.5,0],"rotation":180,"texture":"#4"}}},{"from":[-3.85,4.825,7.3],"to":[-3.85,14.575,17.3],"rotation":{"angle":-45,"axis":"y","origin":[-3.85,9.7,7.3]},"faces":{"east":{"uv":[13.5,1.5,15,0],"rotation":180,"texture":"#4"},"west":{"uv":[15,1.5,13.5,0],"rotation":180,"texture":"#4"}}},{"from":[-3.85,4.825,7.3],"to":[6.15,14.575,7.3],"rotation":{"angle":-22.5,"axis":"y","origin":[6.15,9.7,7.3]},"faces":{"north":{"uv":[1.5,5.5,0,4],"rotation":180,"texture":"#4"},"south":{"uv":[0,5.5,1.5,4],"rotation":180,"texture":"#4"}}},{"from":[-13.0888,4.825,3.47317],"to":[-3.0888,14.575,3.47317],"rotation":{"angle":22.5,"axis":"y","origin":[-3.0888,9.7,3.47317]},"faces":{"north":{"uv":[3,5.5,1.5,4],"rotation":180,"texture":"#4"},"south":{"uv":[1.5,5.5,3,4],"rotation":180,"texture":"#4"}}},{"from":[-3.85,4.825,7.3],"to":[6.15,14.575,7.3],"rotation":{"angle":-22.5,"axis":"y","origin":[6.15,9.7,7.3]},"faces":{"north":{"uv":[5.5,5.5,4,4],"rotation":180,"texture":"#4"},"south":{"uv":[4,5.5,5.5,4],"rotation":180,"texture":"#4"}}},{"from":[-13.0888,4.825,3.47317],"to":[-3.0888,14.575,3.47317],"rotation":{"angle":0,"axis":"y","origin":[-3.0888,9.7,3.47317]},"faces":{"north":{"uv":[7,5.5,5.5,4],"rotation":180,"texture":"#4"},"south":{"uv":[5.5,5.5,7,4],"rotation":180,"texture":"#4"}}},{"from":[-3.85,4.825,7.3],"to":[6.15,14.575,7.3],"rotation":{"angle":-22.5,"axis":"y","origin":[6.15,9.7,7.3]},"faces":{"north":{"uv":[9.5,5.5,8,4],"rotation":180,"texture":"#4"},"south":{"uv":[8,5.5,9.5,4],"rotation":180,"texture":"#4"}}},{"from":[-13.0888,4.825,3.47317],"to":[-3.0888,14.575,3.47317],"rotation":{"angle":-22.5,"axis":"y","origin":[-3.0888,9.7,3.47317]},"faces":{"north":{"uv":[11,5.5,9.5,4],"rotation":180,"texture":"#4"},"south":{"uv":[9.5,5.5,11,4],"rotation":180,"texture":"#4"}}},{"from":[-3.85,4.825,7.3],"to":[6.15,14.575,7.3],"rotation":{"angle":-22.5,"axis":"y","origin":[6.15,9.7,7.3]},"faces":{"north":{"uv":[13.5,5.5,12,4],"rotation":180,"texture":"#4"},"south":{"uv":[12,5.5,13.5,4],"rotation":180,"texture":"#4"}}},{"from":[-13.0888,4.825,3.47317],"to":[-3.0888,14.575,3.47317],"rotation":{"angle":-45,"axis":"y","origin":[-3.0888,9.7,3.47317]},"faces":{"north":{"uv":[15,5.5,13.5,4],"rotation":180,"texture":"#4"},"south":{"uv":[13.5,5.5,15,4],"rotation":180,"texture":"#4"}}},{"from":[-3.85,4.825,7.3],"to":[6.15,14.575,7.3],"rotation":{"angle":0,"axis":"y","origin":[6.15,9.7,7.3]},"faces":{"north":{"uv":[1.5,9.5,0,8],"rotation":180,"texture":"#4"},"south":{"uv":[0,9.5,1.5,8],"rotation":180,"texture":"#4"}}},{"from":[-13.85,4.825,7.3],"to":[-3.85,14.575,7.3],"rotation":{"angle":-45,"axis":"y","origin":[-3.85,9.7,7.3]},"faces":{"north":{"uv":[3,9.5,1.5,8],"rotation":180,"texture":"#4"},"south":{"uv":[1.5,9.5,3,8],"rotation":180,"texture":"#4"}}},{"from":[-3.85,4.825,7.3],"to":[6.15,14.575,7.3],"rotation":{"angle":0,"axis":"y","origin":[6.15,9.7,7.3]},"faces":{"north":{"uv":[5.5,9.5,4,8],"rotation":180,"texture":"#4"},"south":{"uv":[4,9.5,5.5,8],"rotation":180,"texture":"#4"}}},{"from":[-13.85,4.825,7.3],"to":[-3.85,14.575,7.3],"rotation":{"angle":-22.5,"axis":"y","origin":[-3.85,9.7,7.3]},"faces":{"north":{"uv":[7,9.5,5.5,8],"rotation":180,"texture":"#4"},"south":{"uv":[5.5,9.5,7,8],"rotation":180,"texture":"#4"}}},{"from":[-3.85,4.825,7.3],"to":[6.15,14.575,7.3],"rotation":{"angle":22.5,"axis":"y","origin":[6.15,9.7,7.3]},"faces":{"north":{"uv":[9.5,9.5,8,8],"rotation":180,"texture":"#4"},"south":{"uv":[8,9.5,9.5,8],"rotation":180,"texture":"#4"}}},{"from":[-13.0888,4.825,11.12683],"to":[-3.0888,14.575,11.12683],"rotation":{"angle":0,"axis":"y","origin":[-3.0888,9.7,11.12683]},"faces":{"north":{"uv":[11,9.5,9.5,8],"rotation":180,"texture":"#4"},"south":{"uv":[9.5,9.5,11,8],"rotation":180,"texture":"#4"}}},{"from":[9.85,4.825,7.3],"to":[19.85,14.575,7.3],"rotation":{"angle":-22.5,"axis":"y","origin":[9.85,9.7,7.3]},"faces":{"north":{"uv":[0,1.5,1.5,0],"rotation":180,"texture":"#4"},"south":{"uv":[1.5,1.5,0,0],"rotation":180,"texture":"#4"}}},{"from":[19.0888,4.825,11.12683],"to":[29.0888,14.575,11.12683],"rotation":{"angle":-45,"axis":"y","origin":[19.0888,9.7,11.12683]},"faces":{"north":{"uv":[1.5,1.5,3,0],"rotation":180,"texture":"#4"},"south":{"uv":[3,1.5,1.5,0],"rotation":180,"texture":"#4"}}},{"from":[9.85,4.825,7.3],"to":[19.85,14.575,7.3],"rotation":{"angle":-45,"axis":"y","origin":[9.85,9.7,7.3]},"faces":{"north":{"uv":[4,1.5,5.5,0],"rotation":180,"texture":"#4"},"south":{"uv":[5.5,1.5,4,0],"rotation":180,"texture":"#4"}}},{"from":[16.92107,4.825,14.37107],"to":[16.92107,14.575,24.37107],"rotation":{"angle":22.5,"axis":"y","origin":[16.92107,9.7,14.37107]},"faces":{"east":{"uv":[5.5,1.5,7,0],"rotation":180,"texture":"#4"},"west":{"uv":[7,1.5,5.5,0],"rotation":180,"texture":"#4"}}},{"from":[9.85,4.825,7.3],"to":[19.85,14.575,7.3],"rotation":{"angle":-45,"axis":"y","origin":[9.85,9.7,7.3]},"faces":{"north":{"uv":[8,1.5,9.5,0],"rotation":180,"texture":"#4"},"south":{"uv":[9.5,1.5,8,0],"rotation":180,"texture":"#4"}}},{"from":[16.92107,4.825,14.37107],"to":[16.92107,14.575,24.37107],"rotation":{"angle":0,"axis":"y","origin":[16.92107,9.7,14.37107]},"faces":{"east":{"uv":[9.5,1.5,11,0],"rotation":180,"texture":"#4"},"west":{"uv":[11,1.5,9.5,0],"rotation":180,"texture":"#4"}}},{"from":[9.85,4.825,7.3],"to":[19.85,14.575,7.3],"rotation":{"angle":0,"axis":"y","origin":[9.85,9.7,7.3]},"faces":{"north":{"uv":[12,1.5,13.5,0],"rotation":180,"texture":"#4"},"south":{"uv":[13.5,1.5,12,0],"rotation":180,"texture":"#4"}}},{"from":[19.85,4.825,7.3],"to":[19.85,14.575,17.3],"rotation":{"angle":45,"axis":"y","origin":[19.85,9.7,7.3]},"faces":{"east":{"uv":[13.5,1.5,15,0],"rotation":180,"texture":"#4"},"west":{"uv":[15,1.5,13.5,0],"rotation":180,"texture":"#4"}}},{"from":[9.85,4.825,7.3],"to":[19.85,14.575,7.3],"rotation":{"angle":22.5,"axis":"y","origin":[9.85,9.7,7.3]},"faces":{"north":{"uv":[0,5.5,1.5,4],"rotation":180,"texture":"#4"},"south":{"uv":[1.5,5.5,0,4],"rotation":180,"texture":"#4"}}},{"from":[19.0888,4.825,3.47317],"to":[29.0888,14.575,3.47317],"rotation":{"angle":-22.5,"axis":"y","origin":[19.0888,9.7,3.47317]},"faces":{"north":{"uv":[1.5,5.5,3,4],"rotation":180,"texture":"#4"},"south":{"uv":[3,5.5,1.5,4],"rotation":180,"texture":"#4"}}},{"from":[9.85,4.825,7.3],"to":[19.85,14.575,7.3],"rotation":{"angle":22.5,"axis":"y","origin":[9.85,9.7,7.3]},"faces":{"north":{"uv":[4,5.5,5.5,4],"rotation":180,"texture":"#4"},"south":{"uv":[5.5,5.5,4,4],"rotation":180,"texture":"#4"}}},{"from":[19.0888,4.825,3.47317],"to":[29.0888,14.575,3.47317],"rotation":{"angle":0,"axis":"y","origin":[19.0888,9.7,3.47317]},"faces":{"north":{"uv":[5.5,5.5,7,4],"rotation":180,"texture":"#4"},"south":{"uv":[7,5.5,5.5,4],"rotation":180,"texture":"#4"}}},{"from":[9.85,4.825,7.3],"to":[19.85,14.575,7.3],"rotation":{"angle":22.5,"axis":"y","origin":[9.85,9.7,7.3]},"faces":{"north":{"uv":[8,5.5,9.5,4],"rotation":180,"texture":"#4"},"south":{"uv":[9.5,5.5,8,4],"rotation":180,"texture":"#4"}}},{"from":[19.0888,4.825,3.47317],"to":[29.0888,14.575,3.47317],"rotation":{"angle":22.5,"axis":"y","origin":[19.0888,9.7,3.47317]},"faces":{"north":{"uv":[9.5,5.5,11,4],"rotation":180,"texture":"#4"},"south":{"uv":[11,5.5,9.5,4],"rotation":180,"texture":"#4"}}},{"from":[9.85,4.825,7.3],"to":[19.85,14.575,7.3],"rotation":{"angle":22.5,"axis":"y","origin":[9.85,9.7,7.3]},"faces":{"north":{"uv":[12,5.5,13.5,4],"rotation":180,"texture":"#4"},"south":{"uv":[13.5,5.5,12,4],"rotation":180,"texture":"#4"}}},{"from":[19.0888,4.825,3.47317],"to":[29.0888,14.575,3.47317],"rotation":{"angle":45,"axis":"y","origin":[19.0888,9.7,3.47317]},"faces":{"north":{"uv":[13.5,5.5,15,4],"rotation":180,"texture":"#4"},"south":{"uv":[15,5.5,13.5,4],"rotation":180,"texture":"#4"}}},{"from":[9.85,4.825,7.3],"to":[19.85,14.575,7.3],"rotation":{"angle":0,"axis":"y","origin":[9.85,9.7,7.3]},"faces":{"north":{"uv":[0,9.5,1.5,8],"rotation":180,"texture":"#4"},"south":{"uv":[1.5,9.5,0,8],"rotation":180,"texture":"#4"}}},{"from":[19.85,4.825,7.3],"to":[29.85,14.575,7.3],"rotation":{"angle":45,"axis":"y","origin":[19.85,9.7,7.3]},"faces":{"north":{"uv":[1.5,9.5,3,8],"rotation":180,"texture":"#4"},"south":{"uv":[3,9.5,1.5,8],"rotation":180,"texture":"#4"}}},{"from":[9.85,4.825,7.3],"to":[19.85,14.575,7.3],"rotation":{"angle":0,"axis":"y","origin":[9.85,9.7,7.3]},"faces":{"north":{"uv":[4,9.5,5.5,8],"rotation":180,"texture":"#4"},"south":{"uv":[5.5,9.5,4,8],"rotation":180,"texture":"#4"}}},{"from":[19.85,4.825,7.3],"to":[29.85,14.575,7.3],"rotation":{"angle":22.5,"axis":"y","origin":[19.85,9.7,7.3]},"faces":{"north":{"uv":[5.5,9.5,7,8],"rotation":180,"texture":"#4"},"south":{"uv":[7,9.5,5.5,8],"rotation":180,"texture":"#4"}}},{"from":[9.85,4.825,7.3],"to":[19.85,14.575,7.3],"rotation":{"angle":-22.5,"axis":"y","origin":[9.85,9.7,7.3]},"faces":{"north":{"uv":[8,9.5,9.5,8],"rotation":180,"texture":"#4"},"south":{"uv":[9.5,9.5,8,8],"rotation":180,"texture":"#4"}}},{"from":[19.0888,4.825,11.12683],"to":[29.0888,14.575,11.12683],"rotation":{"angle":0,"axis":"y","origin":[19.0888,9.7,11.12683]},"faces":{"north":{"uv":[9.5,9.5,11,8],"rotation":180,"texture":"#4"},"south":{"uv":[11,9.5,9.5,8],"rotation":180,"texture":"#4"}}},{"from":[3.86,6.61193,6.7],"to":[12.14,14.89193,8.14],"rotation":{"angle":0,"axis":"y","origin":[8,10.76983,7.42]},"faces":{"north":{"uv":[16,16,0,0],"rotation":270,"texture":"#3"},"south":{"uv":[0,16,16,0],"rotation":90,"texture":"#3"}}},{"from":[0.55,6.30492,12.82],"to":[15.45,21.20492,12.82],"rotation":{"angle":0,"axis":"z","origin":[8,12.75492,9.82]},"faces":{"north":{"uv":[16,16,0,0],"texture":"#6"},"south":{"uv":[0,16,16,0],"texture":"#6"}}},{"from":[13.55,8.30492,10.82],"to":[20.95,23.20492,10.82],"rotation":{"angle":0,"axis":"z","origin":[17.25,15.75492,8.82]},"faces":{"north":{"uv":[8,16,0,0],"texture":"#5"},"south":{"uv":[0,16,8,0],"texture":"#5"}}},{"from":[-4.95,8.30492,10.82],"to":[2.45,23.20492,10.82],"rotation":{"angle":0,"axis":"z","origin":[-1.25,15.75492,8.82]},"faces":{"north":{"uv":[0,16,8,0],"texture":"#5"},"south":{"uv":[8,16,0,0],"texture":"#5"}}},{"from":[0.40741,8.72393,7.024],"to":[7.00741,15.32393,7.816],"rotation":{"angle":-45,"axis":"z","origin":[3.70741,12.02393,7.42]},"faces":{"north":{"uv":[0,0,16,16],"texture":"#2"},"south":{"uv":[16,0,0,16],"texture":"#2"}}},{"from":[8.99259,8.72393,7.024],"to":[15.59259,15.32393,7.816],"rotation":{"angle":45,"axis":"z","origin":[12.29259,12.02393,7.42]},"faces":{"north":{"uv":[16,0,0,16],"texture":"#2"},"south":{"uv":[0,0,16,16],"texture":"#2"}}},{"from":[6.7445,9.49942,6.831],"to":[9.2555,12.01042,8.009],"rotation":{"angle":-45,"axis":"z","origin":[8,10.75492,7.42]},"faces":{"north":{"uv":[4.4375,2.8125,3.875,2.25],"rotation":180,"texture":"#0"},"east":{"uv":[5.8125,7.0625,5.9375,6.5],"rotation":180,"texture":"#0"},"south":{"uv":[3.875,2.8125,4.4375,2.25],"rotation":180,"texture":"#0"},"west":{"uv":[5.4375,7.0625,5.5625,6.5],"rotation":180,"texture":"#0"},"up":{"uv":[5.25,7.0625,5.375,6.5],"rotation":90,"texture":"#0"},"down":{"uv":[5.625,7.0625,5.75,6.5],"rotation":270,"texture":"#0"}}},{"from":[6.8375,9.59242,6.893],"to":[9.1625,11.91742,7.947],"rotation":{"angle":0,"axis":"z","origin":[8,10.75492,7.42]},"faces":{"north":{"uv":[0,16,16,0],"rotation":180,"texture":"#1"},"south":{"uv":[16,16,0,0],"rotation":180,"texture":"#1"}}},{"from":[8.9122,8.14899,6.94],"to":[9.3122,9.20899,7.9],"rotation":{"angle":22.5,"axis":"z","origin":[8,10.76983,7.42]},"faces":{"north":{"uv":[3.75,6.375,4.0625,6.25],"rotation":90,"texture":"#0"},"east":{"uv":[5.3125,1,5,1.3125],"rotation":180,"texture":"#0"},"south":{"uv":[6.25,3.5,6.5625,3.375],"rotation":270,"texture":"#0"},"west":{"uv":[5.3125,1.8125,5,1.5],"texture":"#0"},"up":{"uv":[3.25,6.375,3.5625,6.25],"rotation":270,"texture":"#0"},"down":{"uv":[6.25,3.75,6.5625,3.625],"rotation":270,"texture":"#0"}}},{"from":[9.3122,8.14899,6.94],"to":[9.7122,8.58899,7.9],"rotation":{"angle":22.5,"axis":"z","origin":[8,10.76983,7.42]},"faces":{"north":{"uv":[6.75,3.875,6.875,3.75],"rotation":90,"texture":"#0"},"east":{"uv":[5.0625,6.25,4.75,6.375],"rotation":180,"texture":"#0"},"south":{"uv":[6.75,3.625,6.875,3.5],"rotation":270,"texture":"#0"},"west":{"uv":[5.5625,6.375,5.25,6.25],"texture":"#0"},"up":{"uv":[6.25,4,6.5625,3.875],"rotation":270,"texture":"#0"},"down":{"uv":[4.25,6.375,4.5625,6.25],"rotation":270,"texture":"#0"}}},{"from":[9.69224,8.99728,7.36],"to":[13.01224,11.99728,7.48],"rotation":{"angle":22.5,"axis":"z","origin":[8,9.76983,7.42]},"faces":{"north":{"uv":[4.4375,2.0625,3.375,1.125],"rotation":180,"texture":"#0"},"south":{"uv":[4.4375,0.9375,3.375,0],"rotation":180,"texture":"#0"}}},{"from":[7.85903,8.02806,6.96],"to":[8.29903,9.10806,7.88],"rotation":{"angle":45,"axis":"z","origin":[8,10.76983,7.42]},"faces":{"north":{"uv":[2.75,6.375,3.0625,6.25],"rotation":90,"texture":"#0"},"east":{"uv":[5.3125,0,5,0.3125],"rotation":180,"texture":"#0"},"south":{"uv":[1.625,6.375,1.9375,6.25],"rotation":270,"texture":"#0"},"west":{"uv":[5.3125,0.8125,5,0.5],"texture":"#0"},"up":{"uv":[6.125,2.5,6.4375,2.375],"rotation":270,"texture":"#0"},"down":{"uv":[6.25,2.75,6.5625,2.625],"rotation":270,"texture":"#0"}}},{"from":[8.8668,8.18193,7.24],"to":[10.5668,9.88193,7.6],"rotation":{"angle":45,"axis":"z","origin":[8,10.76983,7.42]},"faces":{"north":{"uv":[4.4375,3.5625,3.875,3],"rotation":90,"texture":"#0"},"east":{"uv":[2.125,6.0625,2,5.5],"rotation":180,"texture":"#0"},"south":{"uv":[3.875,3.5625,4.4375,3],"rotation":270,"texture":"#0"},"west":{"uv":[2.375,5.5,2.25,6.0625],"texture":"#0"},"up":{"uv":[5.625,2.4375,5.5,1.875],"rotation":270,"texture":"#0"},"down":{"uv":[1.875,6.0625,1.75,5.5],"rotation":270,"texture":"#0"}}},{"from":[7.92979,12.68486,7.22],"to":[8.72979,13.48486,7.62],"rotation":{"angle":-45,"axis":"z","origin":[8,10.76983,7.42]},"faces":{"north":{"uv":[4.875,5.625,4.625,5.875],"rotation":90,"texture":"#0"},"east":{"uv":[5.4375,5.5,5.125,5.25],"rotation":180,"texture":"#0"},"south":{"uv":[3.625,5.625,3.375,5.875],"rotation":270,"texture":"#0"},"west":{"uv":[4.9375,5.25,4.625,5.5],"texture":"#0"},"up":{"uv":[3.375,5.5,3.6875,5.25],"rotation":90,"texture":"#0"},"down":{"uv":[0,5.5,0.3125,5.25],"rotation":90,"texture":"#0"}}},{"from":[9.23396,9.11478,6.84],"to":[9.63396,10.31478,8],"rotation":{"angle":45,"axis":"z","origin":[8,10.76983,7.42]},"faces":{"north":{"uv":[5.875,5,6.25,4.875],"rotation":90,"texture":"#0"},"east":{"uv":[1.125,4.375,0.75,4.75],"rotation":180,"texture":"#0"},"south":{"uv":[5.875,4.5,6.25,4.375],"rotation":270,"texture":"#0"},"west":{"uv":[1.625,4.75,1.25,4.375],"texture":"#0"},"up":{"uv":[5.875,4.25,6.25,4.125],"rotation":270,"texture":"#0"},"down":{"uv":[5.875,4.75,6.25,4.625],"rotation":270,"texture":"#0"}}},{"from":[8.43396,9.11478,6.84],"to":[9.23396,9.51478,8],"rotation":{"angle":45,"axis":"z","origin":[8,10.76983,7.42]},"faces":{"north":{"uv":[6.625,4.25,6.875,4.125],"texture":"#0"},"east":{"uv":[6,0.125,6.375,0],"texture":"#0"},"south":{"uv":[6.5,0.875,6.75,0.75],"texture":"#0"},"west":{"uv":[6,0.375,6.375,0.25],"texture":"#0"},"up":{"uv":[5.375,5.125,5,4.875],"rotation":90,"texture":"#0"},"down":{"uv":[5.375,4.5,5,4.75],"rotation":270,"texture":"#0"}}},{"from":[8.43396,8.31478,6.84],"to":[8.83396,9.11478,8],"rotation":{"angle":45,"axis":"z","origin":[8,10.76983,7.42]},"faces":{"north":{"uv":[6.625,4.625,6.75,4.375],"texture":"#0"},"east":{"uv":[1.75,5.375,2.125,5.125],"texture":"#0"},"south":{"uv":[6,6.75,6.125,6.5],"texture":"#0"},"west":{"uv":[2.25,5.375,2.625,5.125],"texture":"#0"},"up":{"uv":[6.375,0.875,6,0.75],"rotation":90,"texture":"#0"},"down":{"uv":[6.375,0.5,6,0.625],"rotation":270,"texture":"#0"}}},{"from":[9.32559,10.29047,6.86],"to":[10.32559,10.69047,7.98],"rotation":{"angle":-22.5,"axis":"z","origin":[8,10.76983,7.42]},"faces":{"north":{"uv":[0.5,6.5625,0.625,6.25],"rotation":90,"texture":"#0"},"east":{"uv":[3.125,6,2.75,6.125],"rotation":180,"texture":"#0"},"south":{"uv":[6.125,2.1875,6.25,1.875],"rotation":270,"texture":"#0"},"west":{"uv":[3.625,6.125,3.25,6],"texture":"#0"},"up":{"uv":[0.75,5.1875,1.125,4.875],"rotation":270,"texture":"#0"},"down":{"uv":[1.25,5.1875,1.625,4.875],"rotation":270,"texture":"#0"}}},{"from":[8.83396,8.31478,6.84],"to":[9.23396,8.71478,8],"rotation":{"angle":45,"axis":"z","origin":[8,10.76983,7.42]},"faces":{"north":{"uv":[6.75,3.375,6.875,3.25],"texture":"#0"},"east":{"uv":[4.5,6.125,4.875,6],"texture":"#0"},"south":{"uv":[6.75,3.125,6.875,3],"texture":"#0"},"west":{"uv":[6,5.25,6.375,5.125],"texture":"#0"},"up":{"uv":[6.375,5.5,6,5.375],"rotation":90,"texture":"#0"},"down":{"uv":[5.625,6,5.25,6.125],"rotation":270,"texture":"#0"}}},{"from":[10.03396,9.51478,6.84],"to":[10.43396,9.91478,8],"rotation":{"angle":45,"axis":"z","origin":[8,10.76983,7.42]},"faces":{"north":{"uv":[6.875,3.375,6.75,3.25],"rotation":90,"texture":"#0"},"east":{"uv":[5.625,6.125,5.25,6],"rotation":180,"texture":"#0"},"south":{"uv":[6.875,3.125,6.75,3],"rotation":270,"texture":"#0"},"west":{"uv":[6.375,5.375,6,5.5],"texture":"#0"},"up":{"uv":[6.375,5.25,6,5.125],"rotation":270,"texture":"#0"},"down":{"uv":[4.875,6.125,4.5,6],"rotation":270,"texture":"#0"}}},{"from":[9.63396,9.91478,6.84],"to":[10.43396,10.31478,8],"rotation":{"angle":45,"axis":"z","origin":[8,10.76983,7.42]},"faces":{"north":{"uv":[6.75,4.625,6.625,4.375],"rotation":90,"texture":"#0"},"east":{"uv":[6.375,0.625,6,0.5],"rotation":180,"texture":"#0"},"south":{"uv":[6.125,6.75,6,6.5],"rotation":270,"texture":"#0"},"west":{"uv":[6.375,0.75,6,0.875],"texture":"#0"},"up":{"uv":[2.625,5.375,2.25,5.125],"rotation":270,"texture":"#0"},"down":{"uv":[2.125,5.375,1.75,5.125],"rotation":270,"texture":"#0"}}},{"from":[9.31417,10.82163,6.86],"to":[10.31417,11.22163,7.98],"rotation":{"angle":22.5,"axis":"z","origin":[8,10.76983,7.42]},"faces":{"north":{"uv":[0.625,6.5625,0.5,6.25],"rotation":90,"texture":"#0"},"east":{"uv":[3.125,6.125,2.75,6],"rotation":180,"texture":"#0"},"south":{"uv":[6.25,2.1875,6.125,1.875],"rotation":270,"texture":"#0"},"west":{"uv":[3.625,6,3.25,6.125],"texture":"#0"},"up":{"uv":[1.625,5.1875,1.25,4.875],"rotation":270,"texture":"#0"},"down":{"uv":[1.125,5.1875,0.75,4.875],"rotation":270,"texture":"#0"}}},{"from":[10.11371,12.86244,7.14],"to":[10.91371,13.66244,7.7],"rotation":{"angle":-45,"axis":"z","origin":[8,10.76983,7.42]},"faces":{"north":{"uv":[0.25,5.625,0,5.875],"texture":"#0"},"east":{"uv":[5,3.625,5.375,3.375],"rotation":180,"texture":"#0"},"south":{"uv":[5.75,4.875,5.5,5.125],"texture":"#0"},"west":{"uv":[5,3.25,5.375,3],"rotation":180,"texture":"#0"},"up":{"uv":[5.375,3.75,5,4],"rotation":90,"texture":"#0"},"down":{"uv":[5.375,4.375,5,4.125],"rotation":270,"texture":"#0"}}},{"from":[6.6878,8.14899,6.94],"to":[7.0878,9.20899,7.9],"rotation":{"angle":-22.5,"axis":"z","origin":[8,10.76983,7.42]},"faces":{"north":{"uv":[3.75,6.25,4.0625,6.375],"rotation":90,"texture":"#0"},"east":{"uv":[5,1.8125,5.3125,1.5],"texture":"#0"},"south":{"uv":[6.25,3.375,6.5625,3.5],"rotation":270,"texture":"#0"},"west":{"uv":[5,1,5.3125,1.3125],"rotation":180,"texture":"#0"},"up":{"uv":[3.25,6.25,3.5625,6.375],"rotation":270,"texture":"#0"},"down":{"uv":[6.25,3.625,6.5625,3.75],"rotation":270,"texture":"#0"}}},{"from":[6.2878,8.14899,6.94],"to":[6.6878,8.58899,7.9],"rotation":{"angle":-22.5,"axis":"z","origin":[8,10.76983,7.42]},"faces":{"north":{"uv":[6.75,3.75,6.875,3.875],"rotation":90,"texture":"#0"},"east":{"uv":[5.25,6.375,5.5625,6.25],"texture":"#0"},"south":{"uv":[6.75,3.5,6.875,3.625],"rotation":270,"texture":"#0"},"west":{"uv":[4.75,6.25,5.0625,6.375],"rotation":180,"texture":"#0"},"up":{"uv":[6.25,3.875,6.5625,4],"rotation":270,"texture":"#0"},"down":{"uv":[4.25,6.25,4.5625,6.375],"rotation":270,"texture":"#0"}}},{"from":[2.98776,8.99728,7.36],"to":[6.30776,11.99728,7.48],"rotation":{"angle":-22.5,"axis":"z","origin":[8,9.76983,7.42]},"faces":{"north":{"uv":[3.375,2.0625,4.4375,1.125],"rotation":180,"texture":"#0"},"south":{"uv":[3.375,0.9375,4.4375,0],"rotation":180,"texture":"#0"}}},{"from":[7.70097,8.02806,6.96],"to":[8.14097,9.10806,7.88],"rotation":{"angle":-45,"axis":"z","origin":[8,10.76983,7.42]},"faces":{"north":{"uv":[2.75,6.25,3.0625,6.375],"rotation":90,"texture":"#0"},"east":{"uv":[5,0.8125,5.3125,0.5],"texture":"#0"},"south":{"uv":[1.625,6.25,1.9375,6.375],"rotation":270,"texture":"#0"},"west":{"uv":[5,0,5.3125,0.3125],"rotation":180,"texture":"#0"},"up":{"uv":[6.125,2.375,6.4375,2.5],"rotation":270,"texture":"#0"},"down":{"uv":[6.25,2.625,6.5625,2.75],"rotation":270,"texture":"#0"}}},{"from":[5.4332,8.18193,7.24],"to":[7.1332,9.88193,7.6],"rotation":{"angle":-45,"axis":"z","origin":[8,10.76983,7.42]},"faces":{"north":{"uv":[4.4375,3,3.875,3.5625],"rotation":90,"texture":"#0"},"east":{"uv":[2.25,5.5,2.375,6.0625],"texture":"#0"},"south":{"uv":[3.875,3,4.4375,3.5625],"rotation":270,"texture":"#0"},"west":{"uv":[2,6.0625,2.125,5.5],"rotation":180,"texture":"#0"},"up":{"uv":[5.625,1.875,5.5,2.4375],"rotation":270,"texture":"#0"},"down":{"uv":[1.875,5.5,1.75,6.0625],"rotation":270,"texture":"#0"}}},{"from":[7.27021,12.68486,7.22],"to":[8.07021,13.48486,7.62],"rotation":{"angle":45,"axis":"z","origin":[8,10.76983,7.42]},"faces":{"north":{"uv":[4.875,5.875,4.625,5.625],"rotation":90,"texture":"#0"},"east":{"uv":[4.625,5.25,4.9375,5.5],"texture":"#0"},"south":{"uv":[3.625,5.875,3.375,5.625],"rotation":270,"texture":"#0"},"west":{"uv":[5.125,5.5,5.4375,5.25],"rotation":180,"texture":"#0"},"up":{"uv":[3.375,5.25,3.6875,5.5],"rotation":90,"texture":"#0"},"down":{"uv":[0,5.25,0.3125,5.5],"rotation":90,"texture":"#0"}}},{"from":[6.36604,9.11478,6.84],"to":[6.76604,10.31478,8],"rotation":{"angle":-45,"axis":"z","origin":[8,10.76983,7.42]},"faces":{"north":{"uv":[5.875,4.875,6.25,5],"rotation":90,"texture":"#0"},"east":{"uv":[1.25,4.75,1.625,4.375],"texture":"#0"},"south":{"uv":[5.875,4.375,6.25,4.5],"rotation":270,"texture":"#0"},"west":{"uv":[0.75,4.375,1.125,4.75],"rotation":180,"texture":"#0"},"up":{"uv":[5.875,4.125,6.25,4.25],"rotation":270,"texture":"#0"},"down":{"uv":[5.875,4.625,6.25,4.75],"rotation":270,"texture":"#0"}}},{"from":[6.76604,9.11478,6.84],"to":[7.56604,9.51478,8],"rotation":{"angle":-45,"axis":"z","origin":[8,10.76983,7.42]},"faces":{"north":{"uv":[6.875,4.25,6.625,4.125],"texture":"#0"},"east":{"uv":[6.375,0.375,6,0.25],"texture":"#0"},"south":{"uv":[6.75,0.875,6.5,0.75],"texture":"#0"},"west":{"uv":[6.375,0.125,6,0],"texture":"#0"},"up":{"uv":[5.375,4.875,5,5.125],"rotation":90,"texture":"#0"},"down":{"uv":[5.375,4.75,5,4.5],"rotation":270,"texture":"#0"}}},{"from":[7.16604,8.31478,6.84],"to":[7.56604,9.11478,8],"rotation":{"angle":-45,"axis":"z","origin":[8,10.76983,7.42]},"faces":{"north":{"uv":[6.75,4.625,6.625,4.375],"texture":"#0"},"east":{"uv":[2.625,5.375,2.25,5.125],"texture":"#0"},"south":{"uv":[6.125,6.75,6,6.5],"texture":"#0"},"west":{"uv":[2.125,5.375,1.75,5.125],"texture":"#0"},"up":{"uv":[6.375,0.75,6,0.875],"rotation":90,"texture":"#0"},"down":{"uv":[6.375,0.625,6,0.5],"rotation":270,"texture":"#0"}}},{"from":[5.67441,10.29047,6.86],"to":[6.67441,10.69047,7.98],"rotation":{"angle":22.5,"axis":"z","origin":[8,10.76983,7.42]},"faces":{"north":{"uv":[0.5,6.25,0.625,6.5625],"rotation":90,"texture":"#0"},"east":{"uv":[3.25,6.125,3.625,6],"texture":"#0"},"south":{"uv":[6.125,1.875,6.25,2.1875],"rotation":270,"texture":"#0"},"west":{"uv":[2.75,6,3.125,6.125],"rotation":180,"texture":"#0"},"up":{"uv":[0.75,4.875,1.125,5.1875],"rotation":270,"texture":"#0"},"down":{"uv":[1.25,4.875,1.625,5.1875],"rotation":270,"texture":"#0"}}},{"from":[6.76604,8.31478,6.84],"to":[7.16604,8.71478,8],"rotation":{"angle":-45,"axis":"z","origin":[8,10.76983,7.42]},"faces":{"north":{"uv":[6.875,3.375,6.75,3.25],"texture":"#0"},"east":{"uv":[6.375,5.25,6,5.125],"texture":"#0"},"south":{"uv":[6.875,3.125,6.75,3],"texture":"#0"},"west":{"uv":[4.875,6.125,4.5,6],"texture":"#0"},"up":{"uv":[6.375,5.375,6,5.5],"rotation":90,"texture":"#0"},"down":{"uv":[5.625,6.125,5.25,6],"rotation":270,"texture":"#0"}}},{"from":[5.56604,9.51478,6.84],"to":[5.96604,9.91478,8],"rotation":{"angle":-45,"axis":"z","origin":[8,10.76983,7.42]},"faces":{"north":{"uv":[6.875,3.25,6.75,3.375],"rotation":90,"texture":"#0"},"east":{"uv":[6,5.375,6.375,5.5],"texture":"#0"},"south":{"uv":[6.875,3,6.75,3.125],"rotation":270,"texture":"#0"},"west":{"uv":[5.25,6.125,5.625,6],"rotation":180,"texture":"#0"},"up":{"uv":[6.375,5.125,6,5.25],"rotation":270,"texture":"#0"},"down":{"uv":[4.875,6,4.5,6.125],"rotation":270,"texture":"#0"}}},{"from":[5.56604,9.91478,6.84],"to":[6.36604,10.31478,8],"rotation":{"angle":-45,"axis":"z","origin":[8,10.76983,7.42]},"faces":{"north":{"uv":[6.75,4.375,6.625,4.625],"rotation":90,"texture":"#0"},"east":{"uv":[6,0.75,6.375,0.875],"texture":"#0"},"south":{"uv":[6.125,6.5,6,6.75],"rotation":270,"texture":"#0"},"west":{"uv":[6,0.625,6.375,0.5],"rotation":180,"texture":"#0"},"up":{"uv":[2.625,5.125,2.25,5.375],"rotation":270,"texture":"#0"},"down":{"uv":[2.125,5.125,1.75,5.375],"rotation":270,"texture":"#0"}}},{"from":[5.68583,10.82163,6.86],"to":[6.68583,11.22163,7.98],"rotation":{"angle":-22.5,"axis":"z","origin":[8,10.76983,7.42]},"faces":{"north":{"uv":[0.625,6.25,0.5,6.5625],"rotation":90,"texture":"#0"},"east":{"uv":[3.25,6,3.625,6.125],"texture":"#0"},"south":{"uv":[6.25,1.875,6.125,2.1875],"rotation":270,"texture":"#0"},"west":{"uv":[2.75,6.125,3.125,6],"rotation":180,"texture":"#0"},"up":{"uv":[1.625,4.875,1.25,5.1875],"rotation":270,"texture":"#0"},"down":{"uv":[1.125,4.875,0.75,5.1875],"rotation":270,"texture":"#0"}}},{"from":[5.08629,12.86244,7.14],"to":[5.88629,13.66244,7.7],"rotation":{"angle":45,"axis":"z","origin":[8,10.76983,7.42]},"faces":{"north":{"uv":[0,5.625,0.25,5.875],"texture":"#0"},"east":{"uv":[5.375,3.25,5,3],"rotation":180,"texture":"#0"},"south":{"uv":[5.5,4.875,5.75,5.125],"texture":"#0"},"west":{"uv":[5.375,3.625,5,3.375],"rotation":180,"texture":"#0"},"up":{"uv":[5.375,4,5,3.75],"rotation":90,"texture":"#0"},"down":{"uv":[5.375,4.125,5,4.375],"rotation":270,"texture":"#0"}}}],"gui_light":"front","display":{"thirdperson_righthand":{"translation":[0,0.5,1.75],"scale":[0.8,0.8,0.8]},"thirdperson_lefthand":{"rotation":[67.25,0,0],"translation":[-5.5,-13.75,5.25],"scale":[3.2,3.2,3.2]},"firstperson_righthand":{"translation":[1.25,0.5,0],"scale":[0.63,0.63,0.63]},"firstperson_lefthand":{"translation":[11.25,0,0],"scale":[0.01,0.01,0.01]},"ground":{"translation":[0,-0.25,0],"scale":[1.22,1.22,1.22]},"gui":{"rotation":[0,180,0],"translation":[0,-0.75,0],"scale":[0.54,0.54,0.54]},"head":{"translation":[0,-20.5,12.5],"scale":[4,4,4]},"fixed":{"rotation":[0,180,0],"translation":[0,-8,-5.5],"scale":[4,4,4]}}}