{"credit":"Made with Blockbench","texture_size":[64,64],"textures":{"1":"gunpack:car98"},"elements":[{"from":[7.125,-0.31635,19.875],"to":[8.875,4.93365,22.125],"rotation":{"angle":-22.5,"axis":"x","origin":[8,2.43365,21]},"faces":{"north":{"uv":[0,4.5,0.4375,5.8125],"texture":"#1"},"east":{"uv":[2,2.25,2.5625,3.5625],"texture":"#1"},"south":{"uv":[0.5,4.5,0.9375,5.8125],"texture":"#1"},"west":{"uv":[2.5,0,3.0625,1.3125],"texture":"#1"},"up":{"uv":[2.4375,6.3125,2,5.75],"texture":"#1"},"down":{"uv":[3.1875,6,2.75,6.5625],"texture":"#1"}}},{"from":[7.625,1.663,17.79791],"to":[8.375,2.063,20.19791],"rotation":{"angle":0,"axis":"y","origin":[8,1.438,18.92291]},"faces":{"north":{"uv":[7.5,1.75,7.6875,1.875],"texture":"#1"},"east":{"uv":[7.25,0.75,7.875,0.875],"texture":"#1"},"south":{"uv":[2,7.5,2.1875,7.625],"texture":"#1"},"west":{"uv":[7.25,1,7.875,1.125],"texture":"#1"},"up":{"uv":[6.9375,6.875,6.75,6.25],"texture":"#1"},"down":{"uv":[0.1875,7,0,7.625],"texture":"#1"}}},{"from":[7.625,1.47984,17.32712],"to":[8.375,3.87984,17.72712],"rotation":{"angle":-22.5,"axis":"x","origin":[8,2.75484,17.10212]},"faces":{"north":{"uv":[0.25,7,0.4375,7.625],"texture":"#1"},"east":{"uv":[2.5,7.25,2.625,7.875],"texture":"#1"},"south":{"uv":[7,1,7.1875,1.625],"texture":"#1"},"west":{"uv":[2.75,7.25,2.875,7.875],"texture":"#1"},"up":{"uv":[7.6875,2.125,7.5,2],"texture":"#1"},"down":{"uv":[2.4375,7.5,2.25,7.625],"texture":"#1"}}},{"from":[7.15,-0.53753,20.36301],"to":[8.85,1.01247,21.01301],"rotation":{"angle":0,"axis":"y","origin":[8,2.21247,19.88801]},"faces":{"north":{"uv":[6.5,1,6.9375,1.375],"texture":"#1"},"east":{"uv":[7.25,1.25,7.4375,1.625],"texture":"#1"},"south":{"uv":[6.5,1.5,6.9375,1.875],"texture":"#1"},"west":{"uv":[7.25,2.5,7.4375,2.875],"texture":"#1"},"up":{"uv":[0.9375,7.4375,0.5,7.25],"texture":"#1"},"down":{"uv":[7.6875,0.5,7.25,0.6875],"texture":"#1"}}},{"from":[7,3.5,14.5],"to":[9,4.75,23.5],"rotation":{"angle":0,"axis":"y","origin":[8,1,8]},"faces":{"north":{"uv":[2,6.5,2.5,6.8125],"texture":"#1"},"east":{"uv":[2.5,1.5,4.75,1.8125],"texture":"#1"},"south":{"uv":[6.5,2,7,2.3125],"texture":"#1"},"west":{"uv":[2.75,2,5,2.3125],"texture":"#1"},"up":{"uv":[2,2.25,1.5,0],"texture":"#1"},"down":{"uv":[2.5,0,2,2.25],"texture":"#1"}}},{"from":[7.45,0.25,14.5],"to":[8.55,3.5,16.8],"rotation":{"angle":0,"axis":"y","origin":[8,1.75,8]},"faces":{"north":{"uv":[0.5,6.25,0.75,7.0625],"texture":"#1"},"east":{"uv":[4.5,4.5,5.0625,5.3125],"texture":"#1"},"south":{"uv":[0.75,6.25,1,7.0625],"texture":"#1"},"west":{"uv":[5,1.5,5.5625,2.3125],"texture":"#1"},"up":{"uv":[2.75,7.0625,2.5,6.5],"texture":"#1"},"down":{"uv":[6.75,6.25,6.5,6.8125],"texture":"#1"}}},{"from":[7.25,3.6,23.4],"to":[8.75,4.85,31],"rotation":{"angle":0,"axis":"y","origin":[8,1,8]},"faces":{"north":{"uv":[5,7,5.375,7.3125],"texture":"#1"},"east":{"uv":[3.25,0.5,5.125,0.8125],"texture":"#1"},"south":{"uv":[5.5,7,5.875,7.3125],"texture":"#1"},"west":{"uv":[3.25,1,5.125,1.3125],"texture":"#1"},"up":{"uv":[2.375,5.625,2,3.75],"texture":"#1"},"down":{"uv":[4.125,3.5,3.75,5.375],"texture":"#1"}}},{"from":[7.25,1.1,31],"to":[8.75,5.1,31.85],"rotation":{"angle":0,"axis":"y","origin":[8,1,7.85]},"faces":{"north":{"uv":[5.25,0.5,5.625,1.5],"texture":"#1"},"east":{"uv":[4.25,6.25,4.4375,7.25],"texture":"#1"},"south":{"uv":[3.75,5.5,4.125,6.5],"texture":"#1"},"west":{"uv":[6.25,6,6.4375,7],"texture":"#1"},"up":{"uv":[7.625,3.9375,7.25,3.75],"texture":"#1"},"down":{"uv":[7.625,4,7.25,4.1875],"texture":"#1"}}},{"from":[7.225,4.21369,29.71027],"to":[8.775,5.31369,30.56027],"rotation":{"angle":-45,"axis":"x","origin":[8,6.21369,30.13527]},"faces":{"north":{"uv":[7,2.25,7.375,2.5],"texture":"#1"},"east":{"uv":[7.5,1.5,7.6875,1.75],"texture":"#1"},"south":{"uv":[6.5,7,6.875,7.25],"texture":"#1"},"west":{"uv":[1.75,7.5,1.9375,7.75],"texture":"#1"},"up":{"uv":[7.625,4.4375,7.25,4.25],"texture":"#1"},"down":{"uv":[7.625,4.5,7.25,4.6875],"texture":"#1"}}},{"from":[6.75,4.75,14.5],"to":[9.25,5.75,23.5],"rotation":{"angle":0,"axis":"y","origin":[8,0.75,8]},"faces":{"north":{"uv":[6.5,4.5,7.125,4.75],"texture":"#1"},"east":{"uv":[4.5,3.5,6.75,3.75],"texture":"#1"},"south":{"uv":[6.5,4.75,7.125,5],"texture":"#1"},"west":{"uv":[4.5,3.75,6.75,4],"texture":"#1"},"up":{"uv":[0.625,2.25,0,0],"texture":"#1"},"down":{"uv":[1.375,0,0.75,2.25],"texture":"#1"}}},{"from":[7,5.75,14.5],"to":[9,6.75,18.5],"rotation":{"angle":0,"axis":"y","origin":[8,-0.25,8]},"faces":{"north":{"uv":[6.75,5.25,7.25,5.5],"texture":"#1"},"east":{"uv":[2.75,5.75,3.75,6],"texture":"#1"},"south":{"uv":[6.75,5.5,7.25,5.75],"texture":"#1"},"west":{"uv":[0,6,1,6.25],"texture":"#1"},"up":{"uv":[1.5,5.5,1,4.5],"texture":"#1"},"down":{"uv":[2,4.5,1.5,5.5],"texture":"#1"}}},{"from":[7.5,6.75,15.5],"to":[8.5,7.75,18.5],"rotation":{"angle":0,"axis":"y","origin":[8,-0.25,8]},"faces":{"north":{"uv":[2.5,2,2.75,2.25],"texture":"#1"},"east":{"uv":[6,5.5,6.75,5.75],"texture":"#1"},"south":{"uv":[3.5,7.25,3.75,7.5],"texture":"#1"},"west":{"uv":[6,5.75,6.75,6],"texture":"#1"},"up":{"uv":[6.5,1.75,6.25,1],"texture":"#1"},"down":{"uv":[6.5,1.75,6.25,2.5],"texture":"#1"}}},{"from":[7.5,7.75,13.5],"to":[8.5,8.75,18.75],"rotation":{"angle":0,"axis":"y","origin":[8,-0.25,8]},"faces":{"north":{"uv":[4.25,7.25,4.5,7.5],"texture":"#1"},"east":{"uv":[5.75,0.5,7.0625,0.75],"texture":"#1"},"south":{"uv":[7.25,4.75,7.5,5],"texture":"#1"},"west":{"uv":[5.75,0.75,7.0625,1],"texture":"#1"},"up":{"uv":[2,6.8125,1.75,5.5],"texture":"#1"},"down":{"uv":[5.25,5.5,5,6.8125],"texture":"#1"}}},{"from":[7.25,7.5,18.75],"to":[8.75,9,21.25],"rotation":{"angle":0,"axis":"y","origin":[8,-0.25,8.25]},"faces":{"north":{"uv":[3.75,6.5,4.125,6.875],"texture":"#1"},"east":{"uv":[6,5,6.625,5.375],"texture":"#1"},"south":{"uv":[4.5,6.5,4.875,6.875],"texture":"#1"},"west":{"uv":[5.5,6,6.125,6.375],"texture":"#1"},"up":{"uv":[3.625,6.625,3.25,6],"texture":"#1"},"down":{"uv":[0.375,6.25,0,6.875],"texture":"#1"}}},{"from":[7.4,6.75,14.65],"to":[8.6,7.95,15.5],"rotation":{"angle":0,"axis":"y","origin":[8,-0.25,9]},"faces":{"north":{"uv":[6,7,6.3125,7.3125],"texture":"#1"},"east":{"uv":[6.5,7.25,6.6875,7.5625],"texture":"#1"},"south":{"uv":[7,6.25,7.3125,6.5625],"texture":"#1"},"west":{"uv":[6.75,7.25,6.9375,7.5625],"texture":"#1"},"up":{"uv":[7.5625,6.1875,7.25,6],"texture":"#1"},"down":{"uv":[7.3125,7.25,7,7.4375],"texture":"#1"}}},{"from":[7.375,7.36196,14.76697],"to":[8.625,8.21196,16.26697],"rotation":{"angle":-22.5,"axis":"x","origin":[8,7.78696,15.36697]},"faces":{"north":{"uv":[0.5,7.5,0.8125,7.6875],"texture":"#1"},"east":{"uv":[3,7.25,3.375,7.4375],"texture":"#1"},"south":{"uv":[7.5,1.25,7.8125,1.4375],"texture":"#1"},"west":{"uv":[7.25,3.5,7.625,3.6875],"texture":"#1"},"up":{"uv":[4.0625,7.375,3.75,7],"texture":"#1"},"down":{"uv":[4.8125,7,4.5,7.375],"texture":"#1"}}},{"from":[6.975,5.02269,18.15642],"to":[9.025,6.02269,20.65642],"rotation":{"angle":22.5,"axis":"x","origin":[8,5.52269,20.15642]},"faces":{"north":{"uv":[5.75,6.75,6.25,7],"texture":"#1"},"east":{"uv":[5.5,6.5,6.125,6.75],"texture":"#1"},"south":{"uv":[6.75,5.75,7.25,6],"texture":"#1"},"west":{"uv":[6.5,6,7.125,6.25],"texture":"#1"},"up":{"uv":[6.25,1.625,5.75,1],"texture":"#1"},"down":{"uv":[6.25,1.75,5.75,2.375],"texture":"#1"}}},{"from":[7.25,3.5,5.5],"to":[8.75,4.75,14.5],"rotation":{"angle":0,"axis":"y","origin":[8,1,8]},"faces":{"north":{"uv":[1.75,7,2.125,7.3125],"texture":"#1"},"east":{"uv":[2.75,2.5,5,2.8125],"texture":"#1"},"south":{"uv":[7,1.75,7.375,2.0625],"texture":"#1"},"west":{"uv":[2.75,3,5,3.3125],"texture":"#1"},"up":{"uv":[1.375,4.5,1,2.25],"texture":"#1"},"down":{"uv":[1.875,2.25,1.5,4.5],"texture":"#1"}}},{"from":[7.5,4.8,-5.5],"to":[8.5,5.8,5.5],"rotation":{"angle":0,"axis":"y","origin":[8,1,8]},"faces":{"north":{"uv":[7.25,5,7.5,5.25],"texture":"#1"},"east":{"uv":[3.25,0,6,0.25],"texture":"#1"},"south":{"uv":[7.25,5.25,7.5,5.5],"texture":"#1"},"west":{"uv":[3.25,0.25,6,0.5],"texture":"#1"},"up":{"uv":[2.75,6.5,2.5,3.75],"texture":"#1"},"down":{"uv":[4.5,3.5,4.25,6.25],"texture":"#1"}}},{"from":[7.25,4.55,-9.5],"to":[8.75,6.05,-5.5],"rotation":{"angle":0,"axis":"y","origin":[8,1,8]},"faces":{"north":{"uv":[2.75,6.75,3.125,7.125],"texture":"#1"},"east":{"uv":[5,3,6,3.375],"texture":"#1"},"south":{"uv":[3.25,6.75,3.625,7.125],"texture":"#1"},"west":{"uv":[5.5,4.5,6.5,4.875],"texture":"#1"},"up":{"uv":[4.875,6.5,4.5,5.5],"texture":"#1"},"down":{"uv":[5.875,5,5.5,6],"texture":"#1"}}},{"from":[7.25,4.55,-3.5],"to":[8.75,6.05,-2.5],"rotation":{"angle":0,"axis":"y","origin":[8,1,8]},"faces":{"north":{"uv":[6.75,3.5,7.125,3.875],"texture":"#1"},"east":{"uv":[4.75,1.5,5,1.875],"texture":"#1"},"south":{"uv":[6.75,4,7.125,4.375],"texture":"#1"},"west":{"uv":[2.25,7,2.5,7.375],"texture":"#1"},"up":{"uv":[7.375,7,7,6.75],"texture":"#1"},"down":{"uv":[7.375,7,7,7.25],"texture":"#1"}}},{"from":[7,4.75,5.5],"to":[9,5.75,14.5],"rotation":{"angle":0,"axis":"y","origin":[8,1.25,8]},"faces":{"north":{"uv":[6.75,5,7.25,5.25],"texture":"#1"},"east":{"uv":[4.5,4,6.75,4.25],"texture":"#1"},"south":{"uv":[5.25,6.75,5.75,7],"texture":"#1"},"west":{"uv":[4.5,4.25,6.75,4.5],"texture":"#1"},"up":{"uv":[0.5,4.5,0,2.25],"texture":"#1"},"down":{"uv":[1,2.25,0.5,4.5],"texture":"#1"}}},{"from":[8.23934,4.89645,5.5],"to":[8.93934,5.49645,14.5],"rotation":{"angle":45,"axis":"z","origin":[7.93934,5.39645,10.5]},"faces":{"north":{"uv":[7.5,2.25,7.6875,2.375],"texture":"#1"},"east":{"uv":[6,0,8.25,0.125],"texture":"#1"},"south":{"uv":[7.5,2.5,7.6875,2.625],"texture":"#1"},"west":{"uv":[6,0.25,8.25,0.375],"texture":"#1"},"up":{"uv":[5.4375,6.75,5.25,4.5],"texture":"#1"},"down":{"uv":[1.1875,5.5,1,7.75],"texture":"#1"}}},{"from":[7.06066,4.89645,5.5],"to":[7.76066,5.49645,14.5],"rotation":{"angle":-45,"axis":"z","origin":[8.06066,5.39645,10.5]},"faces":{"north":{"uv":[7.5,2.75,7.6875,2.875],"texture":"#1"},"east":{"uv":[6,3,8.25,3.125],"texture":"#1"},"south":{"uv":[3,7.5,3.1875,7.625],"texture":"#1"},"west":{"uv":[6,3.25,8.25,3.375],"texture":"#1"},"up":{"uv":[1.4375,7.75,1.25,5.5],"texture":"#1"},"down":{"uv":[1.6875,5.5,1.5,7.75],"texture":"#1"}}},{"from":[7.42574,5.47426,5.5],"to":[8.57574,6.17426,14.5],"rotation":{"angle":0,"axis":"y","origin":[8.47574,5.17426,10.5]},"faces":{"north":{"uv":[7.25,5.5,7.5625,5.6875],"texture":"#1"},"east":{"uv":[5,2.5,7.25,2.6875],"texture":"#1"},"south":{"uv":[7.25,5.75,7.5625,5.9375],"texture":"#1"},"west":{"uv":[5,2.75,7.25,2.9375],"texture":"#1"},"up":{"uv":[3.0625,5.75,2.75,3.5],"texture":"#1"},"down":{"uv":[3.5625,3.5,3.25,5.75],"texture":"#1"}}}],"gui_light":"front","display":{"thirdperson_righthand":{"translation":[0,4,-2.75],"scale":[0.79,0.79,0.79]},"thirdperson_lefthand":{"translation":[0,4,-2.75],"scale":[0.79,0.79,0.79]},"firstperson_righthand":{"translation":[-5.75,7.75,-7.25],"scale":[0.8,0.8,0.8]},"firstperson_lefthand":{"translation":[-5.75,7.75,-7.25],"scale":[0.8,0.8,0.8]},"ground":{"rotation":[45,0,0],"translation":[0,3,0],"scale":[0.34,0.34,0.34]},"gui":{"rotation":[78,40,-63],"translation":[1.75,1.75,0],"scale":[0.6,0.6,0.6]},"fixed":{"rotation":[90,0,90],"translation":[-3,0,-3.25]}}}