{"credit":"Made with Blockbench","textures":{"0":"gunpack:key","particle":"gunpack:key"},"elements":[{"from":[6.3,0.124,12.8335],"to":[9.7,0.634,13.3435],"rotation":{"angle":0,"axis":"y","origin":[8,0.379,12.196]},"faces":{"north":{"uv":[0,9,3.5,9.5],"texture":"#0"},"east":{"uv":[5,11,5.5,11.5],"texture":"#0"},"south":{"uv":[4,9,7.5,9.5],"texture":"#0"},"west":{"uv":[11,5,11.5,5.5],"texture":"#0"},"up":{"uv":[11.5,9.5,8,9],"texture":"#0"},"down":{"uv":[3.5,10,0,10.5],"texture":"#0"}}},{"from":[5.807,0.124,10.5215],"to":[10.193,0.634,11.7115],"rotation":{"angle":0,"axis":"y","origin":[8,0.379,12.196]},"faces":{"north":{"uv":[0,8,4.5,8.5],"texture":"#0"},"east":{"uv":[10,7,11.25,7.5],"texture":"#0"},"south":{"uv":[5,8,9.5,8.5],"texture":"#0"},"west":{"uv":[8,10,9.25,10.5],"texture":"#0"},"up":{"uv":[4.5,7.25,0,6],"texture":"#0"},"down":{"uv":[9.5,6,5,7.25],"texture":"#0"}}},{"from":[5.807,0.396,5.2515],"to":[10.193,0.396,10.5215],"rotation":{"angle":0,"axis":"y","origin":[8,0.379,13.046]},"faces":{"north":{"uv":[0,0,4.5,0],"texture":"#0"},"east":{"uv":[0,0,5.25,0],"texture":"#0"},"south":{"uv":[0,0,4.5,0],"texture":"#0"},"west":{"uv":[0,0,5.25,0],"texture":"#0"},"up":{"uv":[4.5,5.25,0,0],"texture":"#0"},"down":{"uv":[4.5,5.25,0,0],"texture":"#0"}}},{"from":[6.29823,0.124,11.70611],"to":[6.97823,0.634,12.21611],"rotation":{"angle":-45,"axis":"y","origin":[5.27823,0.379,11.96111]},"faces":{"north":{"uv":[10,8,10.75,8.5],"texture":"#0"},"east":{"uv":[6,11,6.5,11.5],"texture":"#0"},"south":{"uv":[10,10,10.75,10.5],"texture":"#0"},"west":{"uv":[11,6,11.5,6.5],"texture":"#0"},"up":{"uv":[0.75,11.5,0,11],"texture":"#0"},"down":{"uv":[1.75,11,1,11.5],"texture":"#0"}}},{"from":[5.81917,0.124,11.70667],"to":[6.32917,0.634,12.86267],"rotation":{"angle":0,"axis":"y","origin":[6.07417,0.379,11.16267]},"faces":{"north":{"uv":[9,11,9.5,11.5],"texture":"#0"},"east":{"uv":[10,0,11.25,0.5],"texture":"#0"},"south":{"uv":[10,11,10.5,11.5],"texture":"#0"},"west":{"uv":[10,1,11.25,1.5],"texture":"#0"},"up":{"uv":[10.5,3.25,10,2],"texture":"#0"},"down":{"uv":[4.5,10,4,11.25],"texture":"#0"}}},{"from":[9.67083,0.124,11.70667],"to":[10.18083,0.634,12.86267],"rotation":{"angle":0,"axis":"y","origin":[9.92583,0.379,11.16267]},"faces":{"north":{"uv":[11,10,11.5,10.5],"texture":"#0"},"east":{"uv":[10,4,11.25,4.5],"texture":"#0"},"south":{"uv":[11,11,11.5,11.5],"texture":"#0"},"west":{"uv":[5,10,6.25,10.5],"texture":"#0"},"up":{"uv":[10.5,6.25,10,5],"texture":"#0"},"down":{"uv":[7.5,10,7,11.25],"texture":"#0"}}},{"from":[9.02177,0.124,11.70611],"to":[9.70177,0.634,12.21611],"rotation":{"angle":45,"axis":"y","origin":[10.72177,0.379,11.96111]},"faces":{"north":{"uv":[2,11,2.75,11.5],"texture":"#0"},"east":{"uv":[8,11,8.5,11.5],"texture":"#0"},"south":{"uv":[11,2,11.75,2.5],"texture":"#0"},"west":{"uv":[11,8,11.5,8.5],"texture":"#0"},"up":{"uv":[3.75,11.5,3,11],"texture":"#0"},"down":{"uv":[11.75,3,11,3.5],"texture":"#0"}}}],"display":{"thirdperson_righthand":{"rotation":[85,0,0],"translation":[0,5.5,9.25]},"firstperson_righthand":{"rotation":[28,0,0],"translation":[5.5,5.25,-6.25]},"firstperson_lefthand":{"rotation":[28,0,0],"translation":[5.5,5.25,-6.25]},"ground":{"translation":[0,4,0]},"gui":{"rotation":[-75,38,0],"translation":[-1,0.75,0],"scale":[1.54,1.54,1.54]},"fixed":{"rotation":[-90,-38,0],"translation":[0,-1.5,-11.5],"scale":[1.43,1.43,1.43]}}}