{"credit":"Made with Blockbench","texture_size":[64,64],"textures":{"1":"furnicraft:bin"},"elements":[{"from":[2.5,0,3],"to":[13.5,15,3],"rotation":{"angle":0,"axis":"y","origin":[6.5,0,7]},"faces":{"north":{"uv":[0,0,2.75,3.75],"texture":"#1"},"east":{"uv":[0,0,2.75,3.75],"texture":"#1"},"south":{"uv":[0,0,2.75,3.75],"texture":"#1"},"west":{"uv":[0,0,2.75,3.75],"texture":"#1"},"up":{"uv":[8.25,2.75,5.5,0],"texture":"#1"},"down":{"uv":[8.25,2.75,5.5,5.5],"texture":"#1"}}},{"from":[2.5,0,14],"to":[13.5,15,14],"rotation":{"angle":0,"axis":"y","origin":[6.5,0,7]},"faces":{"north":{"uv":[0,0,2.75,3.75],"texture":"#1"},"east":{"uv":[0,0,2.75,3.75],"texture":"#1"},"south":{"uv":[0,0,2.75,3.75],"texture":"#1"},"west":{"uv":[0,0,2.75,3.75],"texture":"#1"},"up":{"uv":[8.25,2.75,5.5,0],"texture":"#1"},"down":{"uv":[8.25,2.75,5.5,5.5],"texture":"#1"}}},{"from":[2.5,0,3],"to":[13.5,0,14],"rotation":{"angle":0,"axis":"y","origin":[6.5,0,7]},"faces":{"north":{"uv":[0,0,2.75,3.75],"texture":"#1"},"east":{"uv":[0,0,2.75,3.75],"texture":"#1"},"south":{"uv":[0,0,2.75,3.75],"texture":"#1"},"west":{"uv":[0,0,2.75,3.75],"texture":"#1"},"up":{"uv":[8.25,5.5,5.5,2.75],"texture":"#1"},"down":{"uv":[8.25,2.75,5.5,5.5],"texture":"#1"}}},{"from":[2.5,0,3],"to":[2.5,15,14],"rotation":{"angle":0,"axis":"y","origin":[6.5,0,7]},"faces":{"north":{"uv":[0,0,2.75,3.75],"texture":"#1"},"east":{"uv":[0,0,2.75,3.75],"texture":"#1"},"south":{"uv":[0,0,2.75,3.75],"texture":"#1"},"west":{"uv":[0,0,2.75,3.75],"texture":"#1"},"up":{"uv":[8.25,2.75,5.5,0],"texture":"#1"},"down":{"uv":[8.25,2.75,5.5,5.5],"texture":"#1"}}},{"from":[13.5,0,3],"to":[13.5,15,14],"rotation":{"angle":0,"axis":"y","origin":[6.5,0,7]},"faces":{"north":{"uv":[0,0,2.75,3.75],"texture":"#1"},"east":{"uv":[0,0,2.75,3.75],"texture":"#1"},"south":{"uv":[0,0,2.75,3.75],"texture":"#1"},"west":{"uv":[0,0,2.75,3.75],"texture":"#1"},"up":{"uv":[8.25,2.75,5.5,0],"texture":"#1"},"down":{"uv":[8.25,2.75,5.5,5.5],"texture":"#1"}}}],"display":{"thirdperson_righthand":{"rotation":[75,45,0],"translation":[0,2.5,0],"scale":[0.375,0.375,0.375]},"thirdperson_lefthand":{"rotation":[75,45,0],"translation":[0,2.5,0],"scale":[0.375,0.375,0.375]},"firstperson_righthand":{"rotation":[0,45,0],"scale":[0.4,0.4,0.4]},"firstperson_lefthand":{"rotation":[0,45,0],"scale":[0.4,0.4,0.4]},"ground":{"translation":[0,3,0],"scale":[0.25,0.25,0.25]},"gui":{"rotation":[30,225,0],"translation":[0,-0.75,0],"scale":[0.5,0.5,0.5]},"head":{"translation":[0,-30.25,0],"scale":[1.6,1.6,1.6]},"fixed":{"rotation":[-90,0,0],"translation":[0,-1,-16.25],"scale":[2,2,2]}},"mcmodels":"eb7f8c8edbd8e4abf9806f0d66e1ca4d"}