{"credit":"Made with Blockbench","texture_size":[64,64],"textures":{"1":"furnicraft:center_table"},"elements":[{"from":[-16,14,0],"to":[16,16,16],"rotation":{"angle":0,"axis":"y","origin":[8,0,0]},"faces":{"north":{"uv":[8,3.5,16,4],"texture":"#1"},"east":{"uv":[8,5.5,12,6],"texture":"#1"},"south":{"uv":[8,4,16,4.5],"texture":"#1"},"west":{"uv":[8,6,12,6.5],"texture":"#1"},"up":{"uv":[8,4,0,0],"texture":"#1"},"down":{"uv":[8,4,0,8],"texture":"#1"}}},{"from":[-15,12,1],"to":[15,14,15],"rotation":{"angle":0,"axis":"y","origin":[8,0,0]},"faces":{"north":{"uv":[8,4.5,15.5,5],"texture":"#1"},"east":{"uv":[8,6.5,11.5,7],"texture":"#1"},"south":{"uv":[8,5,15.5,5.5],"texture":"#1"},"west":{"uv":[8,7,11.5,7.5],"texture":"#1"},"up":{"uv":[7.5,11.5,0,8],"texture":"#1"},"down":{"uv":[15.5,0,8,3.5],"texture":"#1"}}},{"from":[12,0,2],"to":[14,12,4],"rotation":{"angle":0,"axis":"y","origin":[8,0,0]},"faces":{"north":{"uv":[7.5,8,8,11],"texture":"#1"},"east":{"uv":[8,7.5,8.5,10.5],"texture":"#1"},"south":{"uv":[8.5,7.5,9,10.5],"texture":"#1"},"west":{"uv":[9,7.5,9.5,10.5],"texture":"#1"},"up":{"uv":[0.5,12,0,11.5],"texture":"#1"},"down":{"uv":[1,11.5,0.5,12],"texture":"#1"}}},{"from":[-14,0,2],"to":[-12,12,4],"rotation":{"angle":0,"axis":"y","origin":[8,0,0]},"faces":{"north":{"uv":[9.5,7.5,10,10.5],"texture":"#1"},"east":{"uv":[10,7.5,10.5,10.5],"texture":"#1"},"south":{"uv":[10.5,7.5,11,10.5],"texture":"#1"},"west":{"uv":[8,10.5,8.5,13.5],"texture":"#1"},"up":{"uv":[1.5,12,1,11.5],"texture":"#1"},"down":{"uv":[2,11.5,1.5,12],"texture":"#1"}}},{"from":[-14,0,12],"to":[-12,12,14],"rotation":{"angle":0,"axis":"y","origin":[8,0,0]},"faces":{"north":{"uv":[8.5,10.5,9,13.5],"texture":"#1"},"east":{"uv":[9,10.5,9.5,13.5],"texture":"#1"},"south":{"uv":[9.5,10.5,10,13.5],"texture":"#1"},"west":{"uv":[10,10.5,10.5,13.5],"texture":"#1"},"up":{"uv":[2.5,12,2,11.5],"texture":"#1"},"down":{"uv":[3,11.5,2.5,12],"texture":"#1"}}},{"from":[12,0,12],"to":[14,12,14],"rotation":{"angle":0,"axis":"y","origin":[8,0,0]},"faces":{"north":{"uv":[10.5,10.5,11,13.5],"texture":"#1"},"east":{"uv":[7.5,11,8,14],"texture":"#1"},"south":{"uv":[11,7.5,11.5,10.5],"texture":"#1"},"west":{"uv":[11,10.5,11.5,13.5],"texture":"#1"},"up":{"uv":[3.5,12,3,11.5],"texture":"#1"},"down":{"uv":[4,11.5,3.5,12],"texture":"#1"}}}],"display":{"thirdperson_righthand":{"rotation":[75,45,0],"translation":[0,2.5,0],"scale":[0.375,0.375,0.375]},"thirdperson_lefthand":{"rotation":[75,45,0],"translation":[0,2.5,0],"scale":[0.375,0.375,0.375]},"firstperson_righthand":{"rotation":[0,45,0],"scale":[0.4,0.4,0.4]},"firstperson_lefthand":{"rotation":[0,45,0],"scale":[0.4,0.4,0.4]},"ground":{"translation":[0,3,0],"scale":[0.25,0.25,0.25]},"gui":{"rotation":[30,225,0],"translation":[-2.25,-1.75,0],"scale":[0.4,0.4,0.45]},"head":{"translation":[0,-30.5,0],"scale":[1.6,1.6,1.6]},"fixed":{"rotation":[-90,0,0],"translation":[16,0,-16],"scale":[2,2,2]}},"mcmodels":"eb7f8c8edbd8e4abf9806f0d66e1ca4d"}