{"credit":"Made with Blockbench","texture_size":[64,64],"textures":{"1":"furnicraft:lamp"},"elements":[{"from":[2,0,2],"to":[14,2,14],"faces":{"north":{"uv":[2,7.5,5,8],"texture":"#1"},"east":{"uv":[5,7.5,8,8],"texture":"#1"},"south":{"uv":[8,0,11,0.5],"texture":"#1"},"west":{"uv":[8,0.5,11,1],"texture":"#1"},"up":{"uv":[3,3,0,0],"texture":"#1"},"down":{"uv":[3,3,0,6],"texture":"#1"}}},{"from":[7,2,7],"to":[9,22,9],"faces":{"north":{"uv":[0,6,0.5,11],"texture":"#1"},"east":{"uv":[0.5,6,1,11],"texture":"#1"},"south":{"uv":[1,6,1.5,11],"texture":"#1"},"west":{"uv":[1.5,6,2,11],"texture":"#1"},"up":{"uv":[2.5,6.5,2,6],"texture":"#1"},"down":{"uv":[3,6,2.5,6.5],"texture":"#1"}}},{"from":[10,12,8],"to":[11,22,8],"faces":{"north":{"uv":[8,1,8.25,3.5],"texture":"#1"},"east":{"uv":[0,0,0,2.5],"texture":"#1"},"south":{"uv":[2,8,2.25,10.5],"texture":"#1"},"west":{"uv":[0,0,0,2.5],"texture":"#1"},"up":{"uv":[0.25,0,0,0],"texture":"#1"},"down":{"uv":[0.25,0,0,0],"texture":"#1"}}},{"from":[3,22,3],"to":[13,32,13],"faces":{"north":{"uv":[3,0,5.5,2.5],"texture":"#1"},"east":{"uv":[3,2.5,5.5,5],"texture":"#1"},"south":{"uv":[3,5,5.5,7.5],"texture":"#1"},"west":{"uv":[5.5,0,8,2.5],"texture":"#1"},"up":{"uv":[8,5,5.5,2.5],"texture":"#1"},"down":{"uv":[8,5,5.5,7.5],"texture":"#1"}}}],"display":{"thirdperson_righthand":{"rotation":[75,45,0],"translation":[0,2.5,0],"scale":[0.375,0.375,0.375]},"thirdperson_lefthand":{"rotation":[75,45,0],"translation":[0,2.5,0],"scale":[0.375,0.375,0.375]},"firstperson_righthand":{"rotation":[0,45,0],"scale":[0.4,0.4,0.4]},"firstperson_lefthand":{"rotation":[0,45,0],"scale":[0.4,0.4,0.4]},"ground":{"translation":[0,3,0],"scale":[0.25,0.25,0.25]},"gui":{"rotation":[30,225,0],"translation":[0,-2.75,0],"scale":[0.4,0.4,0.4]},"head":{"translation":[0,-30.5,0],"scale":[1.6,1.6,1.6]},"fixed":{"rotation":[-90,0,0],"translation":[0,0,-16],"scale":[2,2,2]}},"mcmodels":"eb7f8c8edbd8e4abf9806f0d66e1ca4d"}