{"credit":"Made with Blockbench","texture_size":[64,64],"textures":{"0":"furnicraft:mirror","particle":"furnicraft:mirror"},"elements":[{"from":[1,1,14],"to":[3,31,16],"faces":{"north":{"uv":[5,0,5.5,7.5],"texture":"#0"},"east":{"uv":[5.5,0,6,7.5],"texture":"#0"},"south":{"uv":[6,0,6.5,7.5],"texture":"#0"},"west":{"uv":[0,6.5,0.5,14],"texture":"#0"},"up":{"uv":[5,7,4.5,6.5],"texture":"#0"},"down":{"uv":[7.5,3,7,3.5],"texture":"#0"}}},{"from":[3,3,15],"to":[13,29,15],"faces":{"north":{"uv":[0,0,2.5,6.5],"texture":"#0"},"east":{"uv":[0,0,0,6.5],"texture":"#0"},"south":{"uv":[0,0,2.5,6.5],"texture":"#0"},"west":{"uv":[0,0,0,6.5],"texture":"#0"},"up":{"uv":[2.5,0,0,0],"texture":"#0"},"down":{"uv":[2.5,0,0,0],"texture":"#0"}}},{"from":[3,29,14],"to":[13,31,16],"faces":{"north":{"uv":[2,6.5,4.5,7],"texture":"#0"},"east":{"uv":[7,3.5,7.5,4],"texture":"#0"},"south":{"uv":[7,0,9.5,0.5],"texture":"#0"},"west":{"uv":[7,4,7.5,4.5],"texture":"#0"},"up":{"uv":[9.5,1,7,0.5],"texture":"#0"},"down":{"uv":[9.5,1,7,1.5],"texture":"#0"}}},{"from":[3,1,14],"to":[13,3,16],"faces":{"north":{"uv":[7,1.5,9.5,2],"texture":"#0"},"east":{"uv":[4.5,7,5,7.5],"texture":"#0"},"south":{"uv":[2,7,4.5,7.5],"texture":"#0"},"west":{"uv":[7,4.5,7.5,5],"texture":"#0"},"up":{"uv":[9.5,2.5,7,2],"texture":"#0"},"down":{"uv":[9.5,2.5,7,3],"texture":"#0"}}},{"from":[13,1,14],"to":[15,31,16],"faces":{"north":{"uv":[6.5,0,7,7.5],"texture":"#0"},"east":{"uv":[0.5,6.5,1,14],"texture":"#0"},"south":{"uv":[1,6.5,1.5,14],"texture":"#0"},"west":{"uv":[1.5,6.5,2,14],"texture":"#0"},"up":{"uv":[7.5,5.5,7,5],"texture":"#0"},"down":{"uv":[7.5,5.5,7,6],"texture":"#0"}}}],"display":{"thirdperson_righthand":{"rotation":[75,45,0],"translation":[0,2.5,0],"scale":[0.375,0.375,0.375]},"thirdperson_lefthand":{"rotation":[75,45,0],"translation":[0,2.5,0],"scale":[0.375,0.375,0.375]},"firstperson_righthand":{"rotation":[0,45,0],"scale":[0.4,0.4,0.4]},"firstperson_lefthand":{"rotation":[0,45,0],"scale":[0.4,0.4,0.4]},"ground":{"translation":[0,3,0],"scale":[0.25,0.25,0.25]},"gui":{"rotation":[30,225,0],"translation":[2,-3.5,0],"scale":[0.4,0.4,0.4]},"head":{"translation":[0,-30.5,0],"scale":[1.6,1.6,1.6]},"fixed":{"rotation":[-90,0,0],"translation":[0,0,-16],"scale":[2,2,2]}},"mcmodels":"eb7f8c8edbd8e4abf9806f0d66e1ca4d"}