{"credit":"Made with Blockbench","texture_size":[64,64],"textures":{"3":"furnicraft:potted_plant"},"elements":[{"from":[4,0,4],"to":[12,7,12],"faces":{"north":{"uv":[6.25,4,8.25,5.75],"texture":"#3","tintindex":0},"east":{"uv":[6.25,5.75,8.25,7.5],"texture":"#3","tintindex":0},"south":{"uv":[0,7.5,2,9.25],"texture":"#3","tintindex":0},"west":{"uv":[2,7.5,4,9.25],"texture":"#3","tintindex":0},"up":{"uv":[8.25,2,6.25,0],"texture":"#3","tintindex":0},"down":{"uv":[8.25,2,6.25,4],"texture":"#3","tintindex":0}}},{"from":[6,7,6],"to":[10,9,10],"faces":{"north":{"uv":[8.25,2,9.25,2.5],"texture":"#3","tintindex":0},"east":{"uv":[8.25,2.5,9.25,3],"texture":"#3","tintindex":0},"south":{"uv":[8.25,3,9.25,3.5],"texture":"#3","tintindex":0},"west":{"uv":[8.25,3.5,9.25,4],"texture":"#3","tintindex":0},"up":{"uv":[8,8.5,7,7.5],"texture":"#3","tintindex":0},"down":{"uv":[9,7.5,8,8.5],"texture":"#3","tintindex":0}}},{"from":[5,9,5],"to":[11,11,11],"faces":{"north":{"uv":[8.25,0,9.75,0.5],"texture":"#3","tintindex":0},"east":{"uv":[8.25,0.5,9.75,1],"texture":"#3","tintindex":0},"south":{"uv":[8.25,1,9.75,1.5],"texture":"#3","tintindex":0},"west":{"uv":[8.25,1.5,9.75,2],"texture":"#3","tintindex":0},"up":{"uv":[5.5,9,4,7.5],"texture":"#3"},"down":{"uv":[7,7.5,5.5,9],"texture":"#3","tintindex":0}}},{"from":[3.7,9.2,5.5],"to":[3.7,24.2,10.5],"rotation":{"angle":22.5,"axis":"z","origin":[8,18.5,8]},"faces":{"north":{"uv":[0,0,0,3.75],"texture":"#3"},"east":{"uv":[0,0,1.25,3.75],"texture":"#3"},"south":{"uv":[0,0,0,3.75],"texture":"#3"},"west":{"uv":[1.25,0,2.5,3.75],"texture":"#3"},"up":{"uv":[0,1.25,0,0],"texture":"#3"},"down":{"uv":[0,0,0,1.25],"texture":"#3"}}},{"from":[8,11.2,5.5],"to":[8,26.2,10.5],"rotation":{"angle":0,"axis":"y","origin":[12.3,18.5,8]},"faces":{"north":{"uv":[0,0,0,3.75],"texture":"#3"},"east":{"uv":[5,0,6.25,3.75],"texture":"#3"},"south":{"uv":[0,0,0,3.75],"texture":"#3"},"west":{"uv":[5,3.75,6.25,7.5],"texture":"#3"},"up":{"uv":[0,1.25,0,0],"texture":"#3"},"down":{"uv":[0,0,0,1.25],"texture":"#3"}}},{"from":[12.3,8.2,5.5],"to":[12.3,23.2,10.5],"rotation":{"angle":-22.5,"axis":"z","origin":[8,18.5,8]},"faces":{"north":{"uv":[0,0,0,3.75],"texture":"#3"},"east":{"uv":[2.5,0,3.75,3.75],"texture":"#3"},"south":{"uv":[0,0,0,3.75],"texture":"#3"},"west":{"uv":[0,3.75,1.25,7.5],"texture":"#3"},"up":{"uv":[0,1.25,0,0],"texture":"#3"},"down":{"uv":[0,0,0,1.25],"texture":"#3"}}},{"from":[5.5,10.2,12.3],"to":[10.5,25.2,12.3],"rotation":{"angle":22.5,"axis":"x","origin":[8,18.5,8]},"faces":{"north":{"uv":[2.5,3.75,3.75,7.5],"texture":"#3"},"east":{"uv":[0,0,0,3.75],"texture":"#3"},"south":{"uv":[3.75,3.75,5,7.5],"texture":"#3"},"west":{"uv":[0,0,0,3.75],"texture":"#3"},"up":{"uv":[1.25,0,0,0],"texture":"#3"},"down":{"uv":[1.25,0,0,0],"texture":"#3"}}},{"from":[5.5,11.2,3.7],"to":[10.5,26.2,3.7],"rotation":{"angle":-22.5,"axis":"x","origin":[8,18.5,8]},"faces":{"north":{"uv":[3.75,0,5,3.75],"texture":"#3"},"east":{"uv":[0,0,0,3.75],"texture":"#3"},"south":{"uv":[1.25,3.75,2.5,7.5],"texture":"#3"},"west":{"uv":[0,0,0,3.75],"texture":"#3"},"up":{"uv":[1.25,0,0,0],"texture":"#3"},"down":{"uv":[1.25,0,0,0],"texture":"#3"}}}],"display":{"thirdperson_righthand":{"rotation":[75,45,0],"translation":[0,2.5,0],"scale":[0.375,0.375,0.375]},"thirdperson_lefthand":{"rotation":[75,45,0],"translation":[0,2.5,0],"scale":[0.375,0.375,0.375]},"firstperson_righthand":{"rotation":[0,45,0],"scale":[0.4,0.4,0.4]},"firstperson_lefthand":{"rotation":[0,45,0],"scale":[0.4,0.4,0.4]},"ground":{"translation":[0,3,0],"scale":[0.25,0.25,0.25]},"gui":{"rotation":[30,225,0],"translation":[0,-1.5,0],"scale":[0.5,0.5,0.5]},"head":{"translation":[0,-30.5,0],"scale":[1.6,1.6,1.6]},"fixed":{"rotation":[-90,0,0],"translation":[0,0,-16],"scale":[2,2,2]}},"mcmodels":"eb7f8c8edbd8e4abf9806f0d66e1ca4d"}