{"credit":"Made with Blockbench","texture_size":[64,64],"textures":{"0":"furnicraft:small_shelf","particle":"furnicraft:small_shelf"},"elements":[{"from":[0,14,0],"to":[16,16,16],"faces":{"north":{"uv":[0,8,4,8.5],"texture":"#0"},"east":{"uv":[8,0,12,0.5],"texture":"#0"},"south":{"uv":[8,0.5,12,1],"texture":"#0"},"west":{"uv":[8,1,12,1.5],"texture":"#0"},"up":{"uv":[4,4,0,0],"texture":"#0"},"down":{"uv":[4,4,0,8],"texture":"#0"}}},{"from":[-16,14,0],"to":[0,16,16],"rotation":{"angle":0,"axis":"y","origin":[-16,0,0]},"faces":{"north":{"uv":[8,1.5,12,2],"texture":"#0"},"east":{"uv":[8,2,12,2.5],"texture":"#0"},"south":{"uv":[8,2.5,12,3],"texture":"#0"},"west":{"uv":[8,3,12,3.5],"texture":"#0"},"up":{"uv":[8,4,4,0],"texture":"#0"},"down":{"uv":[8,4,4,8],"texture":"#0"}}},{"from":[10,8.1,5],"to":[12,10.1,17],"rotation":{"angle":45,"axis":"x","origin":[5,9.1,13]},"faces":{"north":{"uv":[8,7.5,8.5,8],"texture":"#0"},"east":{"uv":[8,3.5,11,4],"texture":"#0"},"south":{"uv":[1,8.5,1.5,9],"texture":"#0"},"west":{"uv":[4,8,7,8.5],"texture":"#0"},"up":{"uv":[8.5,7,8,4],"texture":"#0"},"down":{"uv":[7.5,8,7,11],"texture":"#0"}}},{"from":[-12,8.1,5],"to":[-10,10.1,17],"rotation":{"angle":45,"axis":"x","origin":[-17,9.1,13]},"faces":{"north":{"uv":[1.5,8.5,2,9],"texture":"#0"},"east":{"uv":[8,7,11,7.5],"texture":"#0"},"south":{"uv":[2,8.5,2.5,9],"texture":"#0"},"west":{"uv":[7.5,8,10.5,8.5],"texture":"#0"},"up":{"uv":[0.5,11.5,0,8.5],"texture":"#0"},"down":{"uv":[1,8.5,0.5,11.5],"texture":"#0"}}}],"display":{"thirdperson_righthand":{"rotation":[75,45,0],"translation":[0,2.5,0],"scale":[0.375,0.375,0.375]},"thirdperson_lefthand":{"rotation":[75,45,0],"translation":[0,2.5,0],"scale":[0.375,0.375,0.375]},"firstperson_righthand":{"rotation":[0,45,0],"scale":[0.4,0.4,0.4]},"firstperson_lefthand":{"rotation":[0,45,0],"scale":[0.4,0.4,0.4]},"ground":{"translation":[0,3,0],"scale":[0.25,0.25,0.25]},"gui":{"rotation":[30,225,0],"translation":[-2.25,-4,0],"scale":[0.4,0.4,0.4]},"head":{"translation":[0,-30.5,0],"scale":[1.6,1.6,1.6]},"fixed":{"rotation":[-90,0,0],"translation":[16,0,-16],"scale":[2,2,2]}},"mcmodels":"eb7f8c8edbd8e4abf9806f0d66e1ca4d"}