{"credit":"Made with Blockbench","texture_size":[64,64],"textures":{"1":"furnicraft:wooden_small_chair"},"elements":[{"from":[1,0,1],"to":[3,5,3],"rotation":{"angle":0,"axis":"y","origin":[2,2.5,2]},"faces":{"north":{"uv":[7,3.25,7.5,4.5],"texture":"#1"},"east":{"uv":[3.5,7,4,8.25],"texture":"#1"},"south":{"uv":[4,7,4.5,8.25],"texture":"#1"},"west":{"uv":[4.5,7,5,8.25],"texture":"#1"},"up":{"uv":[1,8.25,0.5,7.75],"texture":"#1"},"down":{"uv":[1.5,7.75,1,8.25],"texture":"#1"}}},{"from":[1,6,1],"to":[15,9,15],"rotation":{"angle":0,"axis":"y","origin":[8,7.5,8]},"faces":{"north":{"uv":[0,7,3.5,7.75],"texture":"#1","tintindex":0},"east":{"uv":[7,0,10.5,0.75],"texture":"#1","tintindex":0},"south":{"uv":[7,0.75,10.5,1.5],"texture":"#1"},"west":{"uv":[7,1.5,10.5,2.25],"texture":"#1","tintindex":0},"up":{"uv":[3.5,3.5,0,0],"texture":"#1","tintindex":0},"down":{"uv":[3.5,3.5,0,7],"texture":"#1"}}},{"from":[13,0,1],"to":[15,5,3],"rotation":{"angle":0,"axis":"y","origin":[14,2.5,2]},"faces":{"north":{"uv":[7,4.5,7.5,5.75],"texture":"#1"},"east":{"uv":[5,7,5.5,8.25],"texture":"#1"},"south":{"uv":[5.5,7,6,8.25],"texture":"#1"},"west":{"uv":[7,5.75,7.5,7],"texture":"#1"},"up":{"uv":[2,8.25,1.5,7.75],"texture":"#1"},"down":{"uv":[2.5,7.75,2,8.25],"texture":"#1"}}},{"from":[1,5,1],"to":[15,6,15],"rotation":{"angle":0,"axis":"y","origin":[8,5.5,8]},"faces":{"north":{"uv":[7,2.25,10.5,2.5],"texture":"#1"},"east":{"uv":[7,2.5,10.5,2.75],"texture":"#1"},"south":{"uv":[7,2.75,10.5,3],"texture":"#1"},"west":{"uv":[7,3,10.5,3.25],"texture":"#1"},"up":{"uv":[7,3.5,3.5,0],"texture":"#1"},"down":{"uv":[7,3.5,3.5,7],"texture":"#1"}}},{"from":[13,0,13],"to":[15,5,15],"rotation":{"angle":0,"axis":"y","origin":[14,2.5,14]},"faces":{"north":{"uv":[6,7,6.5,8.25],"texture":"#1"},"east":{"uv":[6.5,7,7,8.25],"texture":"#1"},"south":{"uv":[7,7,7.5,8.25],"texture":"#1"},"west":{"uv":[7.5,3.25,8,4.5],"texture":"#1"},"up":{"uv":[3,8.25,2.5,7.75],"texture":"#1"},"down":{"uv":[3.5,7.75,3,8.25],"texture":"#1"}}},{"from":[1,0,13],"to":[3,5,15],"rotation":{"angle":0,"axis":"y","origin":[2,2.5,14]},"faces":{"north":{"uv":[7.5,4.5,8,5.75],"texture":"#1"},"east":{"uv":[7.5,5.75,8,7],"texture":"#1"},"south":{"uv":[7.5,7,8,8.25],"texture":"#1"},"west":{"uv":[0,7.75,0.5,9],"texture":"#1"},"up":{"uv":[8.5,3.75,8,3.25],"texture":"#1"},"down":{"uv":[8.5,3.75,8,4.25],"texture":"#1"}}}],"display":{"thirdperson_righthand":{"rotation":[75,45,0],"translation":[0,2.5,0],"scale":[0.375,0.375,0.375]},"thirdperson_lefthand":{"rotation":[75,45,0],"translation":[0,2.5,0],"scale":[0.375,0.375,0.375]},"firstperson_righthand":{"rotation":[0,45,0],"scale":[0.4,0.4,0.4]},"firstperson_lefthand":{"rotation":[0,45,0],"scale":[0.4,0.4,0.4]},"ground":{"translation":[0,3,0],"scale":[0.25,0.25,0.25]},"gui":{"rotation":[30,225,0],"translation":[0,1,0],"scale":[0.5,0.5,0.5]},"head":{"translation":[0,-30.5,0],"scale":[1.6,1.6,1.6]},"fixed":{"rotation":[-90,0,0],"translation":[0,0,-16],"scale":[2,2,2]}},"mcmodels":"eb7f8c8edbd8e4abf9806f0d66e1ca4d"}